run_id	run_attempt	status	conclusion	event	branch	head_sha	run_started_at	created_at	updated_at	url	workflow_path	workflow_name	workflow_id	display_title	actor	triggering_actor
30254035876	1	completed	failure	schedule	main	d36c56760657a60928b6a4d04f76b8d1959dab7a	2026-07-27T09:27:32Z	2026-07-27T09:27:32Z	2026-07-27T09:32:46Z	https://github.com/dmytro-yevs/copypaste/actions/runs/30254035876	.github/workflows/nightly.yml	Nightly	282113871	Nightly	dmytro-yevs	dmytro-yevs
30258358203	1	completed	success	schedule	main	d36c56760657a60928b6a4d04f76b8d1959dab7a	2026-07-27T10:30:47Z	2026-07-27T10:30:47Z	2026-07-27T10:31:10Z	https://github.com/dmytro-yevs/copypaste/actions/runs/30258358203	.github/workflows/audit.yml	Security Audit (scheduled)	282057603	Security Audit (scheduled)	dmytro-yevs	dmytro-yevs
30341448711	1	completed	failure	schedule	main	d36c56760657a60928b6a4d04f76b8d1959dab7a	2026-07-28T08:12:31Z	2026-07-28T08:12:31Z	2026-07-28T08:16:52Z	https://github.com/dmytro-yevs/copypaste/actions/runs/30341448711	.github/workflows/nightly.yml	Nightly	282113871	Nightly	dmytro-yevs	dmytro-yevs
30434950094	1	completed	failure	schedule	main	d36c56760657a60928b6a4d04f76b8d1959dab7a	2026-07-29T08:17:50Z	2026-07-29T08:17:50Z	2026-07-29T08:21:57Z	https://github.com/dmytro-yevs/copypaste/actions/runs/30434950094	.github/workflows/nightly.yml	Nightly	282113871	Nightly	dmytro-yevs	dmytro-yevs
30574990618	1	completed	failure	push	v2-main	d17249d9b7f03276f69c8fff816e4ffff4066f70	2026-07-30T19:28:41Z	2026-07-30T19:28:41Z	2026-07-30T19:33:29Z	https://github.com/dmytro-yevs/copypaste/actions/runs/30574990618	.github/workflows/ci.yml	CI	282057606	Add the v1 parity audit	dmytro-yevs	dmytro-yevs
30574990630	1	completed	success	push	v2-main	d17249d9b7f03276f69c8fff816e4ffff4066f70	2026-07-30T19:28:41Z	2026-07-30T19:28:41Z	2026-07-30T19:29:52Z	https://github.com/dmytro-yevs/copypaste/actions/runs/30574990630	.github/workflows/supply-chain.yml	Supply chain	323997017	Add the v1 parity audit	dmytro-yevs	dmytro-yevs
30574991699	1	completed	failure	push	main	d17249d9b7f03276f69c8fff816e4ffff4066f70	2026-07-30T19:28:42Z	2026-07-30T19:28:42Z	2026-07-30T19:33:11Z	https://github.com/dmytro-yevs/copypaste/actions/runs/30574991699	.github/workflows/ci.yml	CI	282057606	Add the v1 parity audit	dmytro-yevs	dmytro-yevs
30574991746	1	completed	success	push	main	d17249d9b7f03276f69c8fff816e4ffff4066f70	2026-07-30T19:28:42Z	2026-07-30T19:28:42Z	2026-07-30T19:29:44Z	https://github.com/dmytro-yevs/copypaste/actions/runs/30574991746	.github/workflows/supply-chain.yml	Supply chain	323997017	Add the v1 parity audit	dmytro-yevs	dmytro-yevs
30575760026	1	completed	success	push	v2-main	f6120be11300f23efbdf235fcbb53026277a3240	2026-07-30T19:39:18Z	2026-07-30T19:39:18Z	2026-07-30T19:40:09Z	https://github.com/dmytro-yevs/copypaste/actions/runs/30575760026	.github/workflows/supply-chain.yml	Supply chain	323997017	Add CI, packaging, the Supabase backend, and the Tauri dual backend	dmytro-yevs	dmytro-yevs
30575760098	1	completed	cancelled	push	v2-main	f6120be11300f23efbdf235fcbb53026277a3240	2026-07-30T19:39:18Z	2026-07-30T19:39:18Z	2026-07-30T19:44:21Z	https://github.com/dmytro-yevs/copypaste/actions/runs/30575760098	.github/workflows/ci.yml	CI	282057606	Add CI, packaging, the Supabase backend, and the Tauri dual backend	dmytro-yevs	dmytro-yevs
30575760721	1	completed	success	push	main	f6120be11300f23efbdf235fcbb53026277a3240	2026-07-30T19:39:18Z	2026-07-30T19:39:18Z	2026-07-30T19:40:22Z	https://github.com/dmytro-yevs/copypaste/actions/runs/30575760721	.github/workflows/supply-chain.yml	Supply chain	323997017	Add CI, packaging, the Supabase backend, and the Tauri dual backend	dmytro-yevs	dmytro-yevs
30575760751	1	completed	cancelled	push	main	f6120be11300f23efbdf235fcbb53026277a3240	2026-07-30T19:39:18Z	2026-07-30T19:39:18Z	2026-07-30T19:44:22Z	https://github.com/dmytro-yevs/copypaste/actions/runs/30575760751	.github/workflows/ci.yml	CI	282057606	Add CI, packaging, the Supabase backend, and the Tauri dual backend	dmytro-yevs	dmytro-yevs
30576102054	1	completed	success	push	v2-main	86c75ef48625f5b9da1dc06654715a50fae58cd4	2026-07-30T19:44:05Z	2026-07-30T19:44:05Z	2026-07-30T19:45:06Z	https://github.com/dmytro-yevs/copypaste/actions/runs/30576102054	.github/workflows/supply-chain.yml	Supply chain	323997017	Record what f6120be1 also contained, and land the rest	dmytro-yevs	dmytro-yevs
30576102276	1	completed	failure	push	v2-main	86c75ef48625f5b9da1dc06654715a50fae58cd4	2026-07-30T19:44:05Z	2026-07-30T19:44:05Z	2026-07-30T19:49:57Z	https://github.com/dmytro-yevs/copypaste/actions/runs/30576102276	.github/workflows/ci.yml	CI	282057606	Record what f6120be1 also contained, and land the rest	dmytro-yevs	dmytro-yevs
30576102740	1	completed	success	push	main	86c75ef48625f5b9da1dc06654715a50fae58cd4	2026-07-30T19:44:06Z	2026-07-30T19:44:06Z	2026-07-30T19:45:07Z	https://github.com/dmytro-yevs/copypaste/actions/runs/30576102740	.github/workflows/supply-chain.yml	Supply chain	323997017	Record what f6120be1 also contained, and land the rest	dmytro-yevs	dmytro-yevs
30576102787	1	completed	failure	push	main	86c75ef48625f5b9da1dc06654715a50fae58cd4	2026-07-30T19:44:06Z	2026-07-30T19:44:06Z	2026-07-30T19:50:21Z	https://github.com/dmytro-yevs/copypaste/actions/runs/30576102787	.github/workflows/ci.yml	CI	282057606	Record what f6120be1 also contained, and land the rest	dmytro-yevs	dmytro-yevs
30577179221	1	completed	cancelled	push	v2-main	3af332fa20d6d9395cc50e383ca114f8a8e6cd80	2026-07-30T19:59:10Z	2026-07-30T19:59:10Z	2026-07-30T19:59:32Z	https://github.com/dmytro-yevs/copypaste/actions/runs/30577179221	.github/workflows/supply-chain.yml	Supply chain	323997017	Fix the four red CI checks, and cap what target/ can grow to	dmytro-yevs	dmytro-yevs
30577179275	1	completed	cancelled	push	v2-main	3af332fa20d6d9395cc50e383ca114f8a8e6cd80	2026-07-30T19:59:10Z	2026-07-30T19:59:10Z	2026-07-30T19:59:38Z	https://github.com/dmytro-yevs/copypaste/actions/runs/30577179275	.github/workflows/ci.yml	CI	282057606	Fix the four red CI checks, and cap what target/ can grow to	dmytro-yevs	dmytro-yevs
30577180244	1	completed	cancelled	push	main	3af332fa20d6d9395cc50e383ca114f8a8e6cd80	2026-07-30T19:59:11Z	2026-07-30T19:59:11Z	2026-07-30T19:59:43Z	https://github.com/dmytro-yevs/copypaste/actions/runs/30577180244	.github/workflows/supply-chain.yml	Supply chain	323997017	Fix the four red CI checks, and cap what target/ can grow to	dmytro-yevs	dmytro-yevs
30577180257	1	completed	cancelled	push	main	3af332fa20d6d9395cc50e383ca114f8a8e6cd80	2026-07-30T19:59:11Z	2026-07-30T19:59:11Z	2026-07-30T19:59:42Z	https://github.com/dmytro-yevs/copypaste/actions/runs/30577180257	.github/workflows/ci.yml	CI	282057606	Fix the four red CI checks, and cap what target/ can grow to	dmytro-yevs	dmytro-yevs
30577196933	1	completed	success	push	v2-main	bd6961002e2c2d1552e58ee783e20c49417449e3	2026-07-30T19:59:26Z	2026-07-30T19:59:26Z	2026-07-30T20:00:40Z	https://github.com/dmytro-yevs/copypaste/actions/runs/30577196933	.github/workflows/supply-chain.yml	Supply chain	323997017	Stop tracking e2e/node_modules	dmytro-yevs	dmytro-yevs
30577196939	1	completed	cancelled	push	v2-main	bd6961002e2c2d1552e58ee783e20c49417449e3	2026-07-30T19:59:26Z	2026-07-30T19:59:26Z	2026-07-30T20:02:52Z	https://github.com/dmytro-yevs/copypaste/actions/runs/30577196939	.github/workflows/ci.yml	CI	282057606	Stop tracking e2e/node_modules	dmytro-yevs	dmytro-yevs
30577198906	1	completed	cancelled	push	main	bd6961002e2c2d1552e58ee783e20c49417449e3	2026-07-30T19:59:28Z	2026-07-30T19:59:28Z	2026-07-30T20:02:54Z	https://github.com/dmytro-yevs/copypaste/actions/runs/30577198906	.github/workflows/ci.yml	CI	282057606	Stop tracking e2e/node_modules	dmytro-yevs	dmytro-yevs
30577198917	1	completed	success	push	main	bd6961002e2c2d1552e58ee783e20c49417449e3	2026-07-30T19:59:28Z	2026-07-30T19:59:28Z	2026-07-30T20:00:51Z	https://github.com/dmytro-yevs/copypaste/actions/runs/30577198917	.github/workflows/supply-chain.yml	Supply chain	323997017	Stop tracking e2e/node_modules	dmytro-yevs	dmytro-yevs
30577430877	1	completed	success	push	v2-main	7c2c32eea3f2d126253c66ba9350e45a17a6b6bc	2026-07-30T20:02:36Z	2026-07-30T20:02:36Z	2026-07-30T20:03:35Z	https://github.com/dmytro-yevs/copypaste/actions/runs/30577430877	.github/workflows/supply-chain.yml	Supply chain	323997017	Wire cloud sync into the daemon and the CLI	dmytro-yevs	dmytro-yevs
30577430890	1	completed	cancelled	push	v2-main	7c2c32eea3f2d126253c66ba9350e45a17a6b6bc	2026-07-30T20:02:36Z	2026-07-30T20:02:36Z	2026-07-30T20:06:19Z	https://github.com/dmytro-yevs/copypaste/actions/runs/30577430890	.github/workflows/ci.yml	CI	282057606	Wire cloud sync into the daemon and the CLI	dmytro-yevs	dmytro-yevs
30577431500	1	completed	cancelled	push	main	7c2c32eea3f2d126253c66ba9350e45a17a6b6bc	2026-07-30T20:02:36Z	2026-07-30T20:02:36Z	2026-07-30T20:06:21Z	https://github.com/dmytro-yevs/copypaste/actions/runs/30577431500	.github/workflows/ci.yml	CI	282057606	Wire cloud sync into the daemon and the CLI	dmytro-yevs	dmytro-yevs
30577431510	1	completed	success	push	main	7c2c32eea3f2d126253c66ba9350e45a17a6b6bc	2026-07-30T20:02:36Z	2026-07-30T20:02:36Z	2026-07-30T20:03:35Z	https://github.com/dmytro-yevs/copypaste/actions/runs/30577431510	.github/workflows/supply-chain.yml	Supply chain	323997017	Wire cloud sync into the daemon and the CLI	dmytro-yevs	dmytro-yevs
30577683120	1	completed	cancelled	push	v2-main	c83957a6dd29f1875131f25940e3e45c6568a495	2026-07-30T20:06:03Z	2026-07-30T20:06:03Z	2026-07-30T20:08:47Z	https://github.com/dmytro-yevs/copypaste/actions/runs/30577683120	.github/workflows/ci.yml	CI	282057606	Measure the design system's accessibility claims, and fix what failed	dmytro-yevs	dmytro-yevs
30577683249	1	completed	success	push	v2-main	c83957a6dd29f1875131f25940e3e45c6568a495	2026-07-30T20:06:03Z	2026-07-30T20:06:03Z	2026-07-30T20:07:10Z	https://github.com/dmytro-yevs/copypaste/actions/runs/30577683249	.github/workflows/supply-chain.yml	Supply chain	323997017	Measure the design system's accessibility claims, and fix what failed	dmytro-yevs	dmytro-yevs
30577684437	1	completed	success	push	main	c83957a6dd29f1875131f25940e3e45c6568a495	2026-07-30T20:06:04Z	2026-07-30T20:06:04Z	2026-07-30T20:07:10Z	https://github.com/dmytro-yevs/copypaste/actions/runs/30577684437	.github/workflows/supply-chain.yml	Supply chain	323997017	Measure the design system's accessibility claims, and fix what failed	dmytro-yevs	dmytro-yevs
30577684698	1	completed	cancelled	push	main	c83957a6dd29f1875131f25940e3e45c6568a495	2026-07-30T20:06:04Z	2026-07-30T20:06:04Z	2026-07-30T20:08:49Z	https://github.com/dmytro-yevs/copypaste/actions/runs/30577684698	.github/workflows/ci.yml	CI	282057606	Measure the design system's accessibility claims, and fix what failed	dmytro-yevs	dmytro-yevs
30577864117	1	completed	cancelled	push	v2-main	9898ca85d940e483af752a0ecd80c846c87b4519	2026-07-30T20:08:30Z	2026-07-30T20:08:30Z	2026-07-30T20:10:09Z	https://github.com/dmytro-yevs/copypaste/actions/runs/30577864117	.github/workflows/ci.yml	CI	282057606	Add e2e harness UI helpers (in flight)	dmytro-yevs	dmytro-yevs
30577864156	1	completed	success	push	v2-main	9898ca85d940e483af752a0ecd80c846c87b4519	2026-07-30T20:08:30Z	2026-07-30T20:08:30Z	2026-07-30T20:09:18Z	https://github.com/dmytro-yevs/copypaste/actions/runs/30577864156	.github/workflows/supply-chain.yml	Supply chain	323997017	Add e2e harness UI helpers (in flight)	dmytro-yevs	dmytro-yevs
30577866496	1	completed	success	push	main	9898ca85d940e483af752a0ecd80c846c87b4519	2026-07-30T20:08:32Z	2026-07-30T20:08:32Z	2026-07-30T20:09:37Z	https://github.com/dmytro-yevs/copypaste/actions/runs/30577866496	.github/workflows/supply-chain.yml	Supply chain	323997017	Add e2e harness UI helpers (in flight)	dmytro-yevs	dmytro-yevs
30577866516	1	completed	cancelled	push	main	9898ca85d940e483af752a0ecd80c846c87b4519	2026-07-30T20:08:32Z	2026-07-30T20:08:32Z	2026-07-30T20:10:12Z	https://github.com/dmytro-yevs/copypaste/actions/runs/30577866516	.github/workflows/ci.yml	CI	282057606	Add e2e harness UI helpers (in flight)	dmytro-yevs	dmytro-yevs
30577962396	1	completed	success	push	v2-main	e1a04c6c2b264ca904420716d2038a003198fb65	2026-07-30T20:09:52Z	2026-07-30T20:09:52Z	2026-07-30T20:10:49Z	https://github.com/dmytro-yevs/copypaste/actions/runs/30577962396	.github/workflows/supply-chain.yml	Supply chain	323997017	Decide the Android clipboard-access approach	dmytro-yevs	dmytro-yevs
30577962441	1	completed	cancelled	push	v2-main	e1a04c6c2b264ca904420716d2038a003198fb65	2026-07-30T20:09:52Z	2026-07-30T20:09:52Z	2026-07-30T20:12:56Z	https://github.com/dmytro-yevs/copypaste/actions/runs/30577962441	.github/workflows/ci.yml	CI	282057606	Decide the Android clipboard-access approach	dmytro-yevs	dmytro-yevs
30577963464	1	completed	cancelled	push	main	e1a04c6c2b264ca904420716d2038a003198fb65	2026-07-30T20:09:53Z	2026-07-30T20:09:53Z	2026-07-30T20:12:59Z	https://github.com/dmytro-yevs/copypaste/actions/runs/30577963464	.github/workflows/ci.yml	CI	282057606	Decide the Android clipboard-access approach	dmytro-yevs	dmytro-yevs
30577963470	1	completed	success	push	main	e1a04c6c2b264ca904420716d2038a003198fb65	2026-07-30T20:09:53Z	2026-07-30T20:09:53Z	2026-07-30T20:10:54Z	https://github.com/dmytro-yevs/copypaste/actions/runs/30577963470	.github/workflows/supply-chain.yml	Supply chain	323997017	Decide the Android clipboard-access approach	dmytro-yevs	dmytro-yevs
30578173247	1	completed	success	push	v2-main	704cc5634a3ed37f506e9da7b9ecc4cf0ea77c2e	2026-07-30T20:12:40Z	2026-07-30T20:12:40Z	2026-07-30T20:14:16Z	https://github.com/dmytro-yevs/copypaste/actions/runs/30578173247	.github/workflows/supply-chain.yml	Supply chain	323997017	Add e2e WebView tests (in flight)	dmytro-yevs	dmytro-yevs
30578173496	1	completed	cancelled	push	v2-main	704cc5634a3ed37f506e9da7b9ecc4cf0ea77c2e	2026-07-30T20:12:40Z	2026-07-30T20:12:40Z	2026-07-30T20:17:29Z	https://github.com/dmytro-yevs/copypaste/actions/runs/30578173496	.github/workflows/ci.yml	CI	282057606	Add e2e WebView tests (in flight)	dmytro-yevs	dmytro-yevs
30578176572	1	completed	cancelled	push	main	704cc5634a3ed37f506e9da7b9ecc4cf0ea77c2e	2026-07-30T20:12:43Z	2026-07-30T20:12:43Z	2026-07-30T20:17:30Z	https://github.com/dmytro-yevs/copypaste/actions/runs/30578176572	.github/workflows/ci.yml	CI	282057606	Add e2e WebView tests (in flight)	dmytro-yevs	dmytro-yevs
30578176590	1	completed	success	push	main	704cc5634a3ed37f506e9da7b9ecc4cf0ea77c2e	2026-07-30T20:12:43Z	2026-07-30T20:12:43Z	2026-07-30T20:13:38Z	https://github.com/dmytro-yevs/copypaste/actions/runs/30578176590	.github/workflows/supply-chain.yml	Supply chain	323997017	Add e2e WebView tests (in flight)	dmytro-yevs	dmytro-yevs
30578507091	1	completed	cancelled	push	main	45867af63ca9888fbce8a8128ad955ca979f2f08	2026-07-30T20:17:13Z	2026-07-30T20:17:13Z	2026-07-30T20:21:30Z	https://github.com/dmytro-yevs/copypaste/actions/runs/30578507091	.github/workflows/ci.yml	CI	282057606	Add the e2e harness guard and its CI workflow (in flight)	dmytro-yevs	dmytro-yevs
30578507111	1	completed	cancelled	push	main	45867af63ca9888fbce8a8128ad955ca979f2f08	2026-07-30T20:17:13Z	2026-07-30T20:17:13Z	2026-07-30T20:21:30Z	https://github.com/dmytro-yevs/copypaste/actions/runs/30578507111	.github/workflows/e2e.yml	E2E (real WebView)	324021896	Add the e2e harness guard and its CI workflow (in flight)	dmytro-yevs	dmytro-yevs
30578507122	1	completed	success	push	main	45867af63ca9888fbce8a8128ad955ca979f2f08	2026-07-30T20:17:13Z	2026-07-30T20:17:13Z	2026-07-30T20:18:05Z	https://github.com/dmytro-yevs/copypaste/actions/runs/30578507122	.github/workflows/supply-chain.yml	Supply chain	323997017	Add the e2e harness guard and its CI workflow (in flight)	dmytro-yevs	dmytro-yevs
30578507428	1	completed	success	push	v2-main	45867af63ca9888fbce8a8128ad955ca979f2f08	2026-07-30T20:17:13Z	2026-07-30T20:17:13Z	2026-07-30T20:18:04Z	https://github.com/dmytro-yevs/copypaste/actions/runs/30578507428	.github/workflows/supply-chain.yml	Supply chain	323997017	Add the e2e harness guard and its CI workflow (in flight)	dmytro-yevs	dmytro-yevs
30578507477	1	completed	cancelled	push	v2-main	45867af63ca9888fbce8a8128ad955ca979f2f08	2026-07-30T20:17:13Z	2026-07-30T20:17:13Z	2026-07-30T20:21:21Z	https://github.com/dmytro-yevs/copypaste/actions/runs/30578507477	.github/workflows/e2e.yml	E2E (real WebView)	324021896	Add the e2e harness guard and its CI workflow (in flight)	dmytro-yevs	dmytro-yevs
30578507504	1	completed	cancelled	push	v2-main	45867af63ca9888fbce8a8128ad955ca979f2f08	2026-07-30T20:17:13Z	2026-07-30T20:17:13Z	2026-07-30T20:21:29Z	https://github.com/dmytro-yevs/copypaste/actions/runs/30578507504	.github/workflows/ci.yml	CI	282057606	Add the e2e harness guard and its CI workflow (in flight)	dmytro-yevs	dmytro-yevs
30578790763	1	completed	failure	push	v2-main	079507290903e4f10a7f1d2a5e95f20d8a15fe60	2026-07-30T20:21:12Z	2026-07-30T20:21:12Z	2026-07-30T20:26:53Z	https://github.com/dmytro-yevs/copypaste/actions/runs/30578790763	.github/workflows/ci.yml	CI	282057606	Add ADR-0004 and the e2e process harness (in flight)	dmytro-yevs	dmytro-yevs
30578790766	1	completed	cancelled	push	v2-main	079507290903e4f10a7f1d2a5e95f20d8a15fe60	2026-07-30T20:21:12Z	2026-07-30T20:21:12Z	2026-07-30T20:28:19Z	https://github.com/dmytro-yevs/copypaste/actions/runs/30578790766	.github/workflows/e2e.yml	E2E (real WebView)	324021896	Add ADR-0004 and the e2e process harness (in flight)	dmytro-yevs	dmytro-yevs
30578790856	1	completed	success	push	v2-main	079507290903e4f10a7f1d2a5e95f20d8a15fe60	2026-07-30T20:21:12Z	2026-07-30T20:21:12Z	2026-07-30T20:22:10Z	https://github.com/dmytro-yevs/copypaste/actions/runs/30578790856	.github/workflows/supply-chain.yml	Supply chain	323997017	Add ADR-0004 and the e2e process harness (in flight)	dmytro-yevs	dmytro-yevs
30578792066	1	completed	success	push	main	079507290903e4f10a7f1d2a5e95f20d8a15fe60	2026-07-30T20:21:13Z	2026-07-30T20:21:13Z	2026-07-30T20:22:13Z	https://github.com/dmytro-yevs/copypaste/actions/runs/30578792066	.github/workflows/supply-chain.yml	Supply chain	323997017	Add ADR-0004 and the e2e process harness (in flight)	dmytro-yevs	dmytro-yevs
30578792201	1	completed	failure	push	main	079507290903e4f10a7f1d2a5e95f20d8a15fe60	2026-07-30T20:21:13Z	2026-07-30T20:21:13Z	2026-07-30T20:26:54Z	https://github.com/dmytro-yevs/copypaste/actions/runs/30578792201	.github/workflows/ci.yml	CI	282057606	Add ADR-0004 and the e2e process harness (in flight)	dmytro-yevs	dmytro-yevs
30578792221	1	completed	cancelled	push	main	079507290903e4f10a7f1d2a5e95f20d8a15fe60	2026-07-30T20:21:13Z	2026-07-30T20:21:13Z	2026-07-30T20:28:20Z	https://github.com/dmytro-yevs/copypaste/actions/runs/30578792221	.github/workflows/e2e.yml	E2E (real WebView)	324021896	Add ADR-0004 and the e2e process harness (in flight)	dmytro-yevs	dmytro-yevs
30579282078	1	completed	failure	push	v2-main	0d547fbe6f439bae5ec8fca643467d3807403f3d	2026-07-30T20:28:02Z	2026-07-30T20:28:02Z	2026-07-30T20:30:38Z	https://github.com/dmytro-yevs/copypaste/actions/runs/30579282078	.github/workflows/ci.yml	CI	282057606	Record the self-signed re-sign path in ADR-0001	dmytro-yevs	dmytro-yevs
30579282092	1	completed	success	push	v2-main	0d547fbe6f439bae5ec8fca643467d3807403f3d	2026-07-30T20:28:02Z	2026-07-30T20:28:02Z	2026-07-30T20:28:53Z	https://github.com/dmytro-yevs/copypaste/actions/runs/30579282092	.github/workflows/supply-chain.yml	Supply chain	323997017	Record the self-signed re-sign path in ADR-0001	dmytro-yevs	dmytro-yevs
30579282193	1	completed	failure	push	v2-main	0d547fbe6f439bae5ec8fca643467d3807403f3d	2026-07-30T20:28:02Z	2026-07-30T20:28:02Z	2026-07-30T20:38:51Z	https://github.com/dmytro-yevs/copypaste/actions/runs/30579282193	.github/workflows/e2e.yml	E2E (real WebView)	324021896	Record the self-signed re-sign path in ADR-0001	dmytro-yevs	dmytro-yevs
30579283344	1	completed	success	push	main	0d547fbe6f439bae5ec8fca643467d3807403f3d	2026-07-30T20:28:03Z	2026-07-30T20:28:03Z	2026-07-30T20:28:57Z	https://github.com/dmytro-yevs/copypaste/actions/runs/30579283344	.github/workflows/supply-chain.yml	Supply chain	323997017	Record the self-signed re-sign path in ADR-0001	dmytro-yevs	dmytro-yevs
30579283405	1	completed	failure	push	main	0d547fbe6f439bae5ec8fca643467d3807403f3d	2026-07-30T20:28:03Z	2026-07-30T20:28:03Z	2026-07-30T20:38:31Z	https://github.com/dmytro-yevs/copypaste/actions/runs/30579283405	.github/workflows/e2e.yml	E2E (real WebView)	324021896	Record the self-signed re-sign path in ADR-0001	dmytro-yevs	dmytro-yevs
30579283429	1	completed	failure	push	main	0d547fbe6f439bae5ec8fca643467d3807403f3d	2026-07-30T20:28:03Z	2026-07-30T20:28:03Z	2026-07-30T20:30:48Z	https://github.com/dmytro-yevs/copypaste/actions/runs/30579283429	.github/workflows/ci.yml	CI	282057606	Record the self-signed re-sign path in ADR-0001	dmytro-yevs	dmytro-yevs
30581586856	1	completed	success	push	main	6d9f98154cbc9064d31f338c791f8b2fbf5657fc	2026-07-30T21:00:03Z	2026-07-30T21:00:03Z	2026-07-30T21:01:08Z	https://github.com/dmytro-yevs/copypaste/actions/runs/30581586856	.github/workflows/supply-chain.yml	Supply chain	323997017	Close six parity gaps, and fix a write-transaction bug the demos caught	dmytro-yevs	dmytro-yevs
30581586859	1	completed	failure	push	main	6d9f98154cbc9064d31f338c791f8b2fbf5657fc	2026-07-30T21:00:03Z	2026-07-30T21:00:03Z	2026-07-30T21:02:14Z	https://github.com/dmytro-yevs/copypaste/actions/runs/30581586859	.github/workflows/ci.yml	CI	282057606	Close six parity gaps, and fix a write-transaction bug the demos caught	dmytro-yevs	dmytro-yevs
30581586893	1	completed	success	push	main	6d9f98154cbc9064d31f338c791f8b2fbf5657fc	2026-07-30T21:00:03Z	2026-07-30T21:00:03Z	2026-07-30T21:04:57Z	https://github.com/dmytro-yevs/copypaste/actions/runs/30581586893	.github/workflows/e2e.yml	E2E (real WebView)	324021896	Close six parity gaps, and fix a write-transaction bug the demos caught	dmytro-yevs	dmytro-yevs
30581588512	1	completed	success	push	v2-main	6d9f98154cbc9064d31f338c791f8b2fbf5657fc	2026-07-30T21:00:04Z	2026-07-30T21:00:04Z	2026-07-30T21:01:29Z	https://github.com/dmytro-yevs/copypaste/actions/runs/30581588512	.github/workflows/supply-chain.yml	Supply chain	323997017	Close six parity gaps, and fix a write-transaction bug the demos caught	dmytro-yevs	dmytro-yevs
30581588513	1	completed	failure	push	v2-main	6d9f98154cbc9064d31f338c791f8b2fbf5657fc	2026-07-30T21:00:04Z	2026-07-30T21:00:04Z	2026-07-30T21:02:09Z	https://github.com/dmytro-yevs/copypaste/actions/runs/30581588513	.github/workflows/ci.yml	CI	282057606	Close six parity gaps, and fix a write-transaction bug the demos caught	dmytro-yevs	dmytro-yevs
30581588569	1	completed	success	push	v2-main	6d9f98154cbc9064d31f338c791f8b2fbf5657fc	2026-07-30T21:00:04Z	2026-07-30T21:00:04Z	2026-07-30T21:05:30Z	https://github.com/dmytro-yevs/copypaste/actions/runs/30581588569	.github/workflows/e2e.yml	E2E (real WebView)	324021896	Close six parity gaps, and fix a write-transaction bug the demos caught	dmytro-yevs	dmytro-yevs
30582118834	1	completed	cancelled	push	main	32825ca4b777fa19967d047fd334d9b06c9d9561	2026-07-30T21:07:32Z	2026-07-30T21:07:32Z	2026-07-30T21:09:17Z	https://github.com/dmytro-yevs/copypaste/actions/runs/30582118834	.github/workflows/e2e.yml	E2E (real WebView)	324021896	Harden the IPC surface, wire push, add config, and close the UI gaps	dmytro-yevs	dmytro-yevs
30582118870	1	completed	success	push	main	32825ca4b777fa19967d047fd334d9b06c9d9561	2026-07-30T21:07:32Z	2026-07-30T21:07:32Z	2026-07-30T21:08:34Z	https://github.com/dmytro-yevs/copypaste/actions/runs/30582118870	.github/workflows/supply-chain.yml	Supply chain	323997017	Harden the IPC surface, wire push, add config, and close the UI gaps	dmytro-yevs	dmytro-yevs
30582118880	1	completed	cancelled	push	main	32825ca4b777fa19967d047fd334d9b06c9d9561	2026-07-30T21:07:32Z	2026-07-30T21:07:32Z	2026-07-30T21:09:24Z	https://github.com/dmytro-yevs/copypaste/actions/runs/30582118880	.github/workflows/ci.yml	CI	282057606	Harden the IPC surface, wire push, add config, and close the UI gaps	dmytro-yevs	dmytro-yevs
30582120219	1	completed	cancelled	push	v2-main	32825ca4b777fa19967d047fd334d9b06c9d9561	2026-07-30T21:07:34Z	2026-07-30T21:07:34Z	2026-07-30T21:09:29Z	https://github.com/dmytro-yevs/copypaste/actions/runs/30582120219	.github/workflows/ci.yml	CI	282057606	Harden the IPC surface, wire push, add config, and close the UI gaps	dmytro-yevs	dmytro-yevs
30582120229	1	completed	success	push	v2-main	32825ca4b777fa19967d047fd334d9b06c9d9561	2026-07-30T21:07:34Z	2026-07-30T21:07:34Z	2026-07-30T21:08:34Z	https://github.com/dmytro-yevs/copypaste/actions/runs/30582120229	.github/workflows/supply-chain.yml	Supply chain	323997017	Harden the IPC surface, wire push, add config, and close the UI gaps	dmytro-yevs	dmytro-yevs
30582120254	1	completed	cancelled	push	v2-main	32825ca4b777fa19967d047fd334d9b06c9d9561	2026-07-30T21:07:34Z	2026-07-30T21:07:34Z	2026-07-30T21:09:26Z	https://github.com/dmytro-yevs/copypaste/actions/runs/30582120254	.github/workflows/e2e.yml	E2E (real WebView)	324021896	Harden the IPC surface, wire push, add config, and close the UI gaps	dmytro-yevs	dmytro-yevs
30582227717	1	completed	failure	push	main	3d618932d82fda270d66f68a8688a6e821e0ff26	2026-07-30T21:09:08Z	2026-07-30T21:09:08Z	2026-07-30T21:11:43Z	https://github.com/dmytro-yevs/copypaste/actions/runs/30582227717	.github/workflows/ci.yml	CI	282057606	Add rule 9 on what may reach main, and the UI parity audit	dmytro-yevs	dmytro-yevs
30582227763	1	completed	success	push	main	3d618932d82fda270d66f68a8688a6e821e0ff26	2026-07-30T21:09:08Z	2026-07-30T21:09:08Z	2026-07-30T21:12:15Z	https://github.com/dmytro-yevs/copypaste/actions/runs/30582227763	.github/workflows/e2e.yml	E2E (real WebView)	324021896	Add rule 9 on what may reach main, and the UI parity audit	dmytro-yevs	dmytro-yevs
30582227771	1	completed	success	push	main	3d618932d82fda270d66f68a8688a6e821e0ff26	2026-07-30T21:09:08Z	2026-07-30T21:09:08Z	2026-07-30T21:10:02Z	https://github.com/dmytro-yevs/copypaste/actions/runs/30582227771	.github/workflows/supply-chain.yml	Supply chain	323997017	Add rule 9 on what may reach main, and the UI parity audit	dmytro-yevs	dmytro-yevs
30582228922	1	completed	success	push	v2-main	3d618932d82fda270d66f68a8688a6e821e0ff26	2026-07-30T21:09:09Z	2026-07-30T21:09:09Z	2026-07-30T21:11:52Z	https://github.com/dmytro-yevs/copypaste/actions/runs/30582228922	.github/workflows/e2e.yml	E2E (real WebView)	324021896	Add rule 9 on what may reach main, and the UI parity audit	dmytro-yevs	dmytro-yevs
30582228971	1	completed	success	push	v2-main	3d618932d82fda270d66f68a8688a6e821e0ff26	2026-07-30T21:09:09Z	2026-07-30T21:09:09Z	2026-07-30T21:10:08Z	https://github.com/dmytro-yevs/copypaste/actions/runs/30582228971	.github/workflows/supply-chain.yml	Supply chain	323997017	Add rule 9 on what may reach main, and the UI parity audit	dmytro-yevs	dmytro-yevs
30582229067	1	completed	failure	push	v2-main	3d618932d82fda270d66f68a8688a6e821e0ff26	2026-07-30T21:09:09Z	2026-07-30T21:09:09Z	2026-07-30T21:11:58Z	https://github.com/dmytro-yevs/copypaste/actions/runs/30582229067	.github/workflows/ci.yml	CI	282057606	Add rule 9 on what may reach main, and the UI parity audit	dmytro-yevs	dmytro-yevs
30582727002	1	completed	failure	push	main	fa5147306561a32a65773ca96ab4cd0d1cdfcd8e	2026-07-30T21:16:30Z	2026-07-30T21:16:30Z	2026-07-30T21:21:53Z	https://github.com/dmytro-yevs/copypaste/actions/runs/30582727002	.github/workflows/ci.yml	CI	282057606	Bound commit messages to a subject and 12 lines	dmytro-yevs	dmytro-yevs
30582727012	1	completed	success	push	main	fa5147306561a32a65773ca96ab4cd0d1cdfcd8e	2026-07-30T21:16:30Z	2026-07-30T21:16:30Z	2026-07-30T21:17:37Z	https://github.com/dmytro-yevs/copypaste/actions/runs/30582727012	.github/workflows/supply-chain.yml	Supply chain	323997017	Bound commit messages to a subject and 12 lines	dmytro-yevs	dmytro-yevs
30582727031	1	completed	success	push	main	fa5147306561a32a65773ca96ab4cd0d1cdfcd8e	2026-07-30T21:16:30Z	2026-07-30T21:16:30Z	2026-07-30T21:20:05Z	https://github.com/dmytro-yevs/copypaste/actions/runs/30582727031	.github/workflows/e2e.yml	E2E (real WebView)	324021896	Bound commit messages to a subject and 12 lines	dmytro-yevs	dmytro-yevs
30582729206	1	completed	success	push	v2-main	fa5147306561a32a65773ca96ab4cd0d1cdfcd8e	2026-07-30T21:16:32Z	2026-07-30T21:16:32Z	2026-07-30T21:17:24Z	https://github.com/dmytro-yevs/copypaste/actions/runs/30582729206	.github/workflows/supply-chain.yml	Supply chain	323997017	Bound commit messages to a subject and 12 lines	dmytro-yevs	dmytro-yevs
30582729209	1	completed	success	push	v2-main	fa5147306561a32a65773ca96ab4cd0d1cdfcd8e	2026-07-30T21:16:32Z	2026-07-30T21:16:32Z	2026-07-30T21:19:22Z	https://github.com/dmytro-yevs/copypaste/actions/runs/30582729209	.github/workflows/e2e.yml	E2E (real WebView)	324021896	Bound commit messages to a subject and 12 lines	dmytro-yevs	dmytro-yevs
30582729225	1	completed	failure	push	v2-main	fa5147306561a32a65773ca96ab4cd0d1cdfcd8e	2026-07-30T21:16:32Z	2026-07-30T21:16:32Z	2026-07-30T21:19:20Z	https://github.com/dmytro-yevs/copypaste/actions/runs/30582729225	.github/workflows/ci.yml	CI	282057606	Bound commit messages to a subject and 12 lines	dmytro-yevs	dmytro-yevs
30583566760	1	completed	cancelled	push	main	f69c53e8446cb24f8a850e36f6a1a011d438e02c	2026-07-30T21:29:05Z	2026-07-30T21:29:05Z	2026-07-30T21:30:33Z	https://github.com/dmytro-yevs/copypaste/actions/runs/30583566760	.github/workflows/e2e.yml	E2E (real WebView)	324021896	Apply rustfmt to fourteen unformatted files	dmytro-yevs	dmytro-yevs
30583567013	1	completed	cancelled	push	main	f69c53e8446cb24f8a850e36f6a1a011d438e02c	2026-07-30T21:29:05Z	2026-07-30T21:29:05Z	2026-07-30T21:30:38Z	https://github.com/dmytro-yevs/copypaste/actions/runs/30583567013	.github/workflows/ci.yml	CI	282057606	Apply rustfmt to fourteen unformatted files	dmytro-yevs	dmytro-yevs
30583567329	1	completed	success	push	main	f69c53e8446cb24f8a850e36f6a1a011d438e02c	2026-07-30T21:29:06Z	2026-07-30T21:29:06Z	2026-07-30T21:30:06Z	https://github.com/dmytro-yevs/copypaste/actions/runs/30583567329	.github/workflows/supply-chain.yml	Supply chain	323997017	Apply rustfmt to fourteen unformatted files	dmytro-yevs	dmytro-yevs
30583567694	1	completed	cancelled	push	v2-main	f69c53e8446cb24f8a850e36f6a1a011d438e02c	2026-07-30T21:29:06Z	2026-07-30T21:29:06Z	2026-07-30T21:30:23Z	https://github.com/dmytro-yevs/copypaste/actions/runs/30583567694	.github/workflows/e2e.yml	E2E (real WebView)	324021896	Apply rustfmt to fourteen unformatted files	dmytro-yevs	dmytro-yevs
30583567934	1	completed	cancelled	push	v2-main	f69c53e8446cb24f8a850e36f6a1a011d438e02c	2026-07-30T21:29:06Z	2026-07-30T21:29:06Z	2026-07-30T21:30:36Z	https://github.com/dmytro-yevs/copypaste/actions/runs/30583567934	.github/workflows/ci.yml	CI	282057606	Apply rustfmt to fourteen unformatted files	dmytro-yevs	dmytro-yevs
30583567963	1	completed	success	push	v2-main	f69c53e8446cb24f8a850e36f6a1a011d438e02c	2026-07-30T21:29:06Z	2026-07-30T21:29:06Z	2026-07-30T21:30:00Z	https://github.com/dmytro-yevs/copypaste/actions/runs/30583567963	.github/workflows/supply-chain.yml	Supply chain	323997017	Apply rustfmt to fourteen unformatted files	dmytro-yevs	dmytro-yevs
30583649145	1	completed	failure	push	main	c327490ca3b2fe8a069155cc532ad905d8511ece	2026-07-30T21:30:17Z	2026-07-30T21:30:17Z	2026-07-30T21:32:30Z	https://github.com/dmytro-yevs/copypaste/actions/runs/30583649145	.github/workflows/ci.yml	CI	282057606	Add a single ranked backlog for outstanding work	dmytro-yevs	dmytro-yevs
30583649188	1	completed	failure	push	main	c327490ca3b2fe8a069155cc532ad905d8511ece	2026-07-30T21:30:17Z	2026-07-30T21:30:17Z	2026-07-30T21:32:18Z	https://github.com/dmytro-yevs/copypaste/actions/runs/30583649188	.github/workflows/e2e.yml	E2E (real WebView)	324021896	Add a single ranked backlog for outstanding work	dmytro-yevs	dmytro-yevs
30583651025	1	completed	success	push	main	c327490ca3b2fe8a069155cc532ad905d8511ece	2026-07-30T21:30:19Z	2026-07-30T21:30:19Z	2026-07-30T21:31:23Z	https://github.com/dmytro-yevs/copypaste/actions/runs/30583651025	.github/workflows/supply-chain.yml	Supply chain	323997017	Add a single ranked backlog for outstanding work	dmytro-yevs	dmytro-yevs
30583651112	1	completed	failure	push	v2-main	c327490ca3b2fe8a069155cc532ad905d8511ece	2026-07-30T21:30:19Z	2026-07-30T21:30:19Z	2026-07-30T21:31:52Z	https://github.com/dmytro-yevs/copypaste/actions/runs/30583651112	.github/workflows/e2e.yml	E2E (real WebView)	324021896	Add a single ranked backlog for outstanding work	dmytro-yevs	dmytro-yevs
30583651253	1	completed	failure	push	v2-main	c327490ca3b2fe8a069155cc532ad905d8511ece	2026-07-30T21:30:19Z	2026-07-30T21:30:19Z	2026-07-30T21:32:21Z	https://github.com/dmytro-yevs/copypaste/actions/runs/30583651253	.github/workflows/ci.yml	CI	282057606	Add a single ranked backlog for outstanding work	dmytro-yevs	dmytro-yevs
30583651880	1	completed	success	push	v2-main	c327490ca3b2fe8a069155cc532ad905d8511ece	2026-07-30T21:30:19Z	2026-07-30T21:30:19Z	2026-07-30T21:31:09Z	https://github.com/dmytro-yevs/copypaste/actions/runs/30583651880	.github/workflows/supply-chain.yml	Supply chain	323997017	Add a single ranked backlog for outstanding work	dmytro-yevs	dmytro-yevs
30583969713	1	completed	failure	push	main	bee10e12dff65ff893ab163ae8ad883618c09f37	2026-07-30T21:35:04Z	2026-07-30T21:35:04Z	2026-07-30T21:36:51Z	https://github.com/dmytro-yevs/copypaste/actions/runs/30583969713	.github/workflows/ci.yml	CI	282057606	Audit every documented claim against the code	dmytro-yevs	dmytro-yevs
30583969715	1	completed	failure	push	main	bee10e12dff65ff893ab163ae8ad883618c09f37	2026-07-30T21:35:04Z	2026-07-30T21:35:04Z	2026-07-30T21:36:43Z	https://github.com/dmytro-yevs/copypaste/actions/runs/30583969715	.github/workflows/e2e.yml	E2E (real WebView)	324021896	Audit every documented claim against the code	dmytro-yevs	dmytro-yevs
30583969738	1	completed	success	push	main	bee10e12dff65ff893ab163ae8ad883618c09f37	2026-07-30T21:35:04Z	2026-07-30T21:35:04Z	2026-07-30T21:36:13Z	https://github.com/dmytro-yevs/copypaste/actions/runs/30583969738	.github/workflows/supply-chain.yml	Supply chain	323997017	Audit every documented claim against the code	dmytro-yevs	dmytro-yevs
30583971904	1	completed	failure	push	v2-main	bee10e12dff65ff893ab163ae8ad883618c09f37	2026-07-30T21:35:06Z	2026-07-30T21:35:06Z	2026-07-30T21:36:52Z	https://github.com/dmytro-yevs/copypaste/actions/runs/30583971904	.github/workflows/e2e.yml	E2E (real WebView)	324021896	Audit every documented claim against the code	dmytro-yevs	dmytro-yevs
30583971947	1	completed	failure	push	v2-main	bee10e12dff65ff893ab163ae8ad883618c09f37	2026-07-30T21:35:06Z	2026-07-30T21:35:06Z	2026-07-30T21:36:45Z	https://github.com/dmytro-yevs/copypaste/actions/runs/30583971947	.github/workflows/ci.yml	CI	282057606	Audit every documented claim against the code	dmytro-yevs	dmytro-yevs
30583972323	1	completed	success	push	v2-main	bee10e12dff65ff893ab163ae8ad883618c09f37	2026-07-30T21:35:06Z	2026-07-30T21:35:06Z	2026-07-30T21:36:31Z	https://github.com/dmytro-yevs/copypaste/actions/runs/30583972323	.github/workflows/supply-chain.yml	Supply chain	323997017	Audit every documented claim against the code	dmytro-yevs	dmytro-yevs
30584206528	1	completed	cancelled	push	main	fff553136c4da8d788b0ce6f514439f472cd1094	2026-07-30T21:38:43Z	2026-07-30T21:38:43Z	2026-07-30T21:39:30Z	https://github.com/dmytro-yevs/copypaste/actions/runs/30584206528	.github/workflows/ci.yml	CI	282057606	Undo a file move that an earlier commit swept in	dmytro-yevs	dmytro-yevs
30584206553	1	completed	cancelled	push	main	fff553136c4da8d788b0ce6f514439f472cd1094	2026-07-30T21:38:43Z	2026-07-30T21:38:43Z	2026-07-30T21:39:25Z	https://github.com/dmytro-yevs/copypaste/actions/runs/30584206553	.github/workflows/supply-chain.yml	Supply chain	323997017	Undo a file move that an earlier commit swept in	dmytro-yevs	dmytro-yevs
30584206626	1	completed	cancelled	push	main	fff553136c4da8d788b0ce6f514439f472cd1094	2026-07-30T21:38:43Z	2026-07-30T21:38:43Z	2026-07-30T21:39:21Z	https://github.com/dmytro-yevs/copypaste/actions/runs/30584206626	.github/workflows/e2e.yml	E2E (real WebView)	324021896	Undo a file move that an earlier commit swept in	dmytro-yevs	dmytro-yevs
30584207684	1	completed	cancelled	push	v2-main	fff553136c4da8d788b0ce6f514439f472cd1094	2026-07-30T21:38:44Z	2026-07-30T21:38:44Z	2026-07-30T21:39:29Z	https://github.com/dmytro-yevs/copypaste/actions/runs/30584207684	.github/workflows/ci.yml	CI	282057606	Undo a file move that an earlier commit swept in	dmytro-yevs	dmytro-yevs
30584207685	1	completed	cancelled	push	v2-main	fff553136c4da8d788b0ce6f514439f472cd1094	2026-07-30T21:38:44Z	2026-07-30T21:38:44Z	2026-07-30T21:39:29Z	https://github.com/dmytro-yevs/copypaste/actions/runs/30584207685	.github/workflows/e2e.yml	E2E (real WebView)	324021896	Undo a file move that an earlier commit swept in	dmytro-yevs	dmytro-yevs
30584207742	1	completed	cancelled	push	v2-main	fff553136c4da8d788b0ce6f514439f472cd1094	2026-07-30T21:38:44Z	2026-07-30T21:38:44Z	2026-07-30T21:39:26Z	https://github.com/dmytro-yevs/copypaste/actions/runs/30584207742	.github/workflows/supply-chain.yml	Supply chain	323997017	Undo a file move that an earlier commit swept in	dmytro-yevs	dmytro-yevs
30584235901	1	completed	cancelled	push	main	fa5e8e9345decdc669b6902bcca71d10c2127255	2026-07-30T21:39:11Z	2026-07-30T21:39:11Z	2026-07-30T21:41:50Z	https://github.com/dmytro-yevs/copypaste/actions/runs/30584235901	.github/workflows/e2e.yml	E2E (real WebView)	324021896	Require paths on git commit, not just on git add	dmytro-yevs	dmytro-yevs
30584235905	1	completed	cancelled	push	main	fa5e8e9345decdc669b6902bcca71d10c2127255	2026-07-30T21:39:11Z	2026-07-30T21:39:11Z	2026-07-30T21:41:51Z	https://github.com/dmytro-yevs/copypaste/actions/runs/30584235905	.github/workflows/ci.yml	CI	282057606	Require paths on git commit, not just on git add	dmytro-yevs	dmytro-yevs
30584235938	1	completed	success	push	main	fa5e8e9345decdc669b6902bcca71d10c2127255	2026-07-30T21:39:11Z	2026-07-30T21:39:11Z	2026-07-30T21:40:27Z	https://github.com/dmytro-yevs/copypaste/actions/runs/30584235938	.github/workflows/supply-chain.yml	Supply chain	323997017	Require paths on git commit, not just on git add	dmytro-yevs	dmytro-yevs
30584237540	1	completed	success	push	v2-main	fa5e8e9345decdc669b6902bcca71d10c2127255	2026-07-30T21:39:12Z	2026-07-30T21:39:12Z	2026-07-30T21:40:30Z	https://github.com/dmytro-yevs/copypaste/actions/runs/30584237540	.github/workflows/supply-chain.yml	Supply chain	323997017	Require paths on git commit, not just on git add	dmytro-yevs	dmytro-yevs
30584237558	1	completed	cancelled	push	v2-main	fa5e8e9345decdc669b6902bcca71d10c2127255	2026-07-30T21:39:12Z	2026-07-30T21:39:12Z	2026-07-30T21:41:53Z	https://github.com/dmytro-yevs/copypaste/actions/runs/30584237558	.github/workflows/ci.yml	CI	282057606	Require paths on git commit, not just on git add	dmytro-yevs	dmytro-yevs
30584237681	1	completed	cancelled	push	v2-main	fa5e8e9345decdc669b6902bcca71d10c2127255	2026-07-30T21:39:12Z	2026-07-30T21:39:12Z	2026-07-30T21:41:46Z	https://github.com/dmytro-yevs/copypaste/actions/runs/30584237681	.github/workflows/e2e.yml	E2E (real WebView)	324021896	Require paths on git commit, not just on git add	dmytro-yevs	dmytro-yevs
30584395241	1	completed	success	push	main	82d54497c4e1de3a5831ffde5a5bc0a82a4cb83d	2026-07-30T21:41:34Z	2026-07-30T21:41:34Z	2026-07-30T21:42:27Z	https://github.com/dmytro-yevs/copypaste/actions/runs/30584395241	.github/workflows/supply-chain.yml	Supply chain	323997017	Satisfy clippy::question_mark in the pasteboard probe	dmytro-yevs	dmytro-yevs
30584395265	1	completed	cancelled	push	main	82d54497c4e1de3a5831ffde5a5bc0a82a4cb83d	2026-07-30T21:41:34Z	2026-07-30T21:41:34Z	2026-07-30T21:43:11Z	https://github.com/dmytro-yevs/copypaste/actions/runs/30584395265	.github/workflows/e2e.yml	E2E (real WebView)	324021896	Satisfy clippy::question_mark in the pasteboard probe	dmytro-yevs	dmytro-yevs
30584395270	1	completed	cancelled	push	main	82d54497c4e1de3a5831ffde5a5bc0a82a4cb83d	2026-07-30T21:41:34Z	2026-07-30T21:41:34Z	2026-07-30T21:43:23Z	https://github.com/dmytro-yevs/copypaste/actions/runs/30584395270	.github/workflows/ci.yml	CI	282057606	Satisfy clippy::question_mark in the pasteboard probe	dmytro-yevs	dmytro-yevs
30584396693	1	completed	cancelled	push	v2-main	82d54497c4e1de3a5831ffde5a5bc0a82a4cb83d	2026-07-30T21:41:36Z	2026-07-30T21:41:36Z	2026-07-30T21:43:29Z	https://github.com/dmytro-yevs/copypaste/actions/runs/30584396693	.github/workflows/ci.yml	CI	282057606	Satisfy clippy::question_mark in the pasteboard probe	dmytro-yevs	dmytro-yevs
30584396718	1	completed	cancelled	push	v2-main	82d54497c4e1de3a5831ffde5a5bc0a82a4cb83d	2026-07-30T21:41:36Z	2026-07-30T21:41:36Z	2026-07-30T21:43:12Z	https://github.com/dmytro-yevs/copypaste/actions/runs/30584396718	.github/workflows/e2e.yml	E2E (real WebView)	324021896	Satisfy clippy::question_mark in the pasteboard probe	dmytro-yevs	dmytro-yevs
30584396774	1	completed	success	push	v2-main	82d54497c4e1de3a5831ffde5a5bc0a82a4cb83d	2026-07-30T21:41:36Z	2026-07-30T21:41:36Z	2026-07-30T21:42:31Z	https://github.com/dmytro-yevs/copypaste/actions/runs/30584396774	.github/workflows/supply-chain.yml	Supply chain	323997017	Satisfy clippy::question_mark in the pasteboard probe	dmytro-yevs	dmytro-yevs
30584493815	1	completed	success	push	main	1bc4830250e870cc1d30f0b189fe77cb87d0e239	2026-07-30T21:43:08Z	2026-07-30T21:43:08Z	2026-07-30T21:44:06Z	https://github.com/dmytro-yevs/copypaste/actions/runs/30584493815	.github/workflows/supply-chain.yml	Supply chain	323997017	Apply rustfmt to eight files held by other agents	dmytro-yevs	dmytro-yevs
30584493822	1	completed	cancelled	push	main	1bc4830250e870cc1d30f0b189fe77cb87d0e239	2026-07-30T21:43:08Z	2026-07-30T21:43:08Z	2026-07-30T21:45:17Z	https://github.com/dmytro-yevs/copypaste/actions/runs/30584493822	.github/workflows/e2e.yml	E2E (real WebView)	324021896	Apply rustfmt to eight files held by other agents	dmytro-yevs	dmytro-yevs
30584494168	1	completed	cancelled	push	main	1bc4830250e870cc1d30f0b189fe77cb87d0e239	2026-07-30T21:43:08Z	2026-07-30T21:43:08Z	2026-07-30T21:45:16Z	https://github.com/dmytro-yevs/copypaste/actions/runs/30584494168	.github/workflows/ci.yml	CI	282057606	Apply rustfmt to eight files held by other agents	dmytro-yevs	dmytro-yevs
30584494806	1	completed	cancelled	push	v2-main	1bc4830250e870cc1d30f0b189fe77cb87d0e239	2026-07-30T21:43:08Z	2026-07-30T21:43:08Z	2026-07-30T21:45:16Z	https://github.com/dmytro-yevs/copypaste/actions/runs/30584494806	.github/workflows/e2e.yml	E2E (real WebView)	324021896	Apply rustfmt to eight files held by other agents	dmytro-yevs	dmytro-yevs
30584494811	1	completed	cancelled	push	v2-main	1bc4830250e870cc1d30f0b189fe77cb87d0e239	2026-07-30T21:43:08Z	2026-07-30T21:43:08Z	2026-07-30T21:45:18Z	https://github.com/dmytro-yevs/copypaste/actions/runs/30584494811	.github/workflows/ci.yml	CI	282057606	Apply rustfmt to eight files held by other agents	dmytro-yevs	dmytro-yevs
30584494821	1	completed	success	push	v2-main	1bc4830250e870cc1d30f0b189fe77cb87d0e239	2026-07-30T21:43:08Z	2026-07-30T21:43:08Z	2026-07-30T21:43:58Z	https://github.com/dmytro-yevs/copypaste/actions/runs/30584494821	.github/workflows/supply-chain.yml	Supply chain	323997017	Apply rustfmt to eight files held by other agents	dmytro-yevs	dmytro-yevs
30584610140	1	completed	cancelled	push	main	9fe8b2f70866177231112779a3350c4b610ae193	2026-07-30T21:45:00Z	2026-07-30T21:45:00Z	2026-07-30T21:47:09Z	https://github.com/dmytro-yevs/copypaste/actions/runs/30584610140	.github/workflows/ci.yml	CI	282057606	Add a check script for the release pipeline	dmytro-yevs	dmytro-yevs
30584610320	1	completed	success	push	v2-main	9fe8b2f70866177231112779a3350c4b610ae193	2026-07-30T21:45:01Z	2026-07-30T21:45:01Z	2026-07-30T21:45:52Z	https://github.com/dmytro-yevs/copypaste/actions/runs/30584610320	.github/workflows/supply-chain.yml	Supply chain	323997017	Add a check script for the release pipeline	dmytro-yevs	dmytro-yevs
30584610321	1	completed	cancelled	push	v2-main	9fe8b2f70866177231112779a3350c4b610ae193	2026-07-30T21:45:01Z	2026-07-30T21:45:01Z	2026-07-30T21:47:09Z	https://github.com/dmytro-yevs/copypaste/actions/runs/30584610321	.github/workflows/ci.yml	CI	282057606	Add a check script for the release pipeline	dmytro-yevs	dmytro-yevs
30584610359	1	completed	cancelled	push	v2-main	9fe8b2f70866177231112779a3350c4b610ae193	2026-07-30T21:45:01Z	2026-07-30T21:45:01Z	2026-07-30T21:46:54Z	https://github.com/dmytro-yevs/copypaste/actions/runs/30584610359	.github/workflows/e2e.yml	E2E (real WebView)	324021896	Add a check script for the release pipeline	dmytro-yevs	dmytro-yevs
30584610390	1	completed	success	push	main	9fe8b2f70866177231112779a3350c4b610ae193	2026-07-30T21:45:01Z	2026-07-30T21:45:01Z	2026-07-30T21:45:49Z	https://github.com/dmytro-yevs/copypaste/actions/runs/30584610390	.github/workflows/supply-chain.yml	Supply chain	323997017	Add a check script for the release pipeline	dmytro-yevs	dmytro-yevs
30584610530	1	completed	cancelled	push	main	9fe8b2f70866177231112779a3350c4b610ae193	2026-07-30T21:45:01Z	2026-07-30T21:45:01Z	2026-07-30T21:47:05Z	https://github.com/dmytro-yevs/copypaste/actions/runs/30584610530	.github/workflows/e2e.yml	E2E (real WebView)	324021896	Add a check script for the release pipeline	dmytro-yevs	dmytro-yevs
30584726914	1	completed	success	push	main	83b2cdb87855947adbdb26942043640331b757ed	2026-07-30T21:46:49Z	2026-07-30T21:46:49Z	2026-07-30T21:47:40Z	https://github.com/dmytro-yevs/copypaste/actions/runs/30584726914	.github/workflows/supply-chain.yml	Supply chain	323997017	Delete the claims of absence the code had already closed	dmytro-yevs	dmytro-yevs
30584726985	1	completed	success	push	main	83b2cdb87855947adbdb26942043640331b757ed	2026-07-30T21:46:49Z	2026-07-30T21:46:49Z	2026-07-30T21:50:52Z	https://github.com/dmytro-yevs/copypaste/actions/runs/30584726985	.github/workflows/ci.yml	CI	282057606	Delete the claims of absence the code had already closed	dmytro-yevs	dmytro-yevs
30584727039	1	completed	success	push	main	83b2cdb87855947adbdb26942043640331b757ed	2026-07-30T21:46:49Z	2026-07-30T21:46:49Z	2026-07-30T21:50:03Z	https://github.com/dmytro-yevs/copypaste/actions/runs/30584727039	.github/workflows/e2e.yml	E2E (real WebView)	324021896	Delete the claims of absence the code had already closed	dmytro-yevs	dmytro-yevs
30584728948	1	completed	success	push	v2-main	83b2cdb87855947adbdb26942043640331b757ed	2026-07-30T21:46:50Z	2026-07-30T21:46:50Z	2026-07-30T21:51:28Z	https://github.com/dmytro-yevs/copypaste/actions/runs/30584728948	.github/workflows/ci.yml	CI	282057606	Delete the claims of absence the code had already closed	dmytro-yevs	dmytro-yevs
30584729044	1	completed	success	push	v2-main	83b2cdb87855947adbdb26942043640331b757ed	2026-07-30T21:46:50Z	2026-07-30T21:46:50Z	2026-07-30T21:49:53Z	https://github.com/dmytro-yevs/copypaste/actions/runs/30584729044	.github/workflows/e2e.yml	E2E (real WebView)	324021896	Delete the claims of absence the code had already closed	dmytro-yevs	dmytro-yevs
30584729152	1	completed	success	push	v2-main	83b2cdb87855947adbdb26942043640331b757ed	2026-07-30T21:46:50Z	2026-07-30T21:46:50Z	2026-07-30T21:47:42Z	https://github.com/dmytro-yevs/copypaste/actions/runs/30584729152	.github/workflows/supply-chain.yml	Supply chain	323997017	Delete the claims of absence the code had already closed	dmytro-yevs	dmytro-yevs
30585070643	1	completed	success	push	main	cd18e8c7f4b7ccc9c5d44c0eb4ba9492a4da69a1	2026-07-30T21:52:05Z	2026-07-30T21:52:05Z	2026-07-30T21:54:20Z	https://github.com/dmytro-yevs/copypaste/actions/runs/30585070643	.github/workflows/ci.yml	CI	282057606	Scaffold the Android app and its clipboard doorways	dmytro-yevs	dmytro-yevs
30585070660	1	completed	success	push	main	cd18e8c7f4b7ccc9c5d44c0eb4ba9492a4da69a1	2026-07-30T21:52:05Z	2026-07-30T21:52:05Z	2026-07-30T21:55:04Z	https://github.com/dmytro-yevs/copypaste/actions/runs/30585070660	.github/workflows/e2e.yml	E2E (real WebView)	324021896	Scaffold the Android app and its clipboard doorways	dmytro-yevs	dmytro-yevs
30585070699	1	completed	success	push	main	cd18e8c7f4b7ccc9c5d44c0eb4ba9492a4da69a1	2026-07-30T21:52:05Z	2026-07-30T21:52:05Z	2026-07-30T21:53:07Z	https://github.com/dmytro-yevs/copypaste/actions/runs/30585070699	.github/workflows/supply-chain.yml	Supply chain	323997017	Scaffold the Android app and its clipboard doorways	dmytro-yevs	dmytro-yevs
30585071661	1	completed	success	push	v2-main	cd18e8c7f4b7ccc9c5d44c0eb4ba9492a4da69a1	2026-07-30T21:52:06Z	2026-07-30T21:52:06Z	2026-07-30T21:54:56Z	https://github.com/dmytro-yevs/copypaste/actions/runs/30585071661	.github/workflows/e2e.yml	E2E (real WebView)	324021896	Scaffold the Android app and its clipboard doorways	dmytro-yevs	dmytro-yevs
30585071675	1	completed	success	push	v2-main	cd18e8c7f4b7ccc9c5d44c0eb4ba9492a4da69a1	2026-07-30T21:52:06Z	2026-07-30T21:52:06Z	2026-07-30T21:53:12Z	https://github.com/dmytro-yevs/copypaste/actions/runs/30585071675	.github/workflows/supply-chain.yml	Supply chain	323997017	Scaffold the Android app and its clipboard doorways	dmytro-yevs	dmytro-yevs
30585071705	1	completed	success	push	v2-main	cd18e8c7f4b7ccc9c5d44c0eb4ba9492a4da69a1	2026-07-30T21:52:06Z	2026-07-30T21:52:06Z	2026-07-30T21:54:32Z	https://github.com/dmytro-yevs/copypaste/actions/runs/30585071705	.github/workflows/ci.yml	CI	282057606	Scaffold the Android app and its clipboard doorways	dmytro-yevs	dmytro-yevs
30585861936	1	completed	success	push	main	be2a339f07c8019bcdb71fd6733ca71efd22ec3b	2026-07-30T22:05:05Z	2026-07-30T22:05:05Z	2026-07-30T22:09:41Z	https://github.com/dmytro-yevs/copypaste/actions/runs/30585861936	.github/workflows/e2e.yml	E2E (real WebView)	324021896	Make the release toolchain pin actually bind	dmytro-yevs	dmytro-yevs
30585861952	1	completed	success	push	main	be2a339f07c8019bcdb71fd6733ca71efd22ec3b	2026-07-30T22:05:06Z	2026-07-30T22:05:06Z	2026-07-30T22:06:03Z	https://github.com/dmytro-yevs/copypaste/actions/runs/30585861952	.github/workflows/supply-chain.yml	Supply chain	323997017	Make the release toolchain pin actually bind	dmytro-yevs	dmytro-yevs
30585862112	1	completed	success	push	v2-main	be2a339f07c8019bcdb71fd6733ca71efd22ec3b	2026-07-30T22:05:06Z	2026-07-30T22:05:06Z	2026-07-30T22:08:08Z	https://github.com/dmytro-yevs/copypaste/actions/runs/30585862112	.github/workflows/ci.yml	CI	282057606	Make the release toolchain pin actually bind	dmytro-yevs	dmytro-yevs
30585862166	1	completed	success	push	v2-main	be2a339f07c8019bcdb71fd6733ca71efd22ec3b	2026-07-30T22:05:06Z	2026-07-30T22:05:06Z	2026-07-30T22:05:58Z	https://github.com/dmytro-yevs/copypaste/actions/runs/30585862166	.github/workflows/supply-chain.yml	Supply chain	323997017	Make the release toolchain pin actually bind	dmytro-yevs	dmytro-yevs
30585862206	1	completed	failure	push	v2-main	be2a339f07c8019bcdb71fd6733ca71efd22ec3b	2026-07-30T22:05:06Z	2026-07-30T22:05:06Z	2026-07-30T22:09:40Z	https://github.com/dmytro-yevs/copypaste/actions/runs/30585862206	.github/workflows/e2e.yml	E2E (real WebView)	324021896	Make the release toolchain pin actually bind	dmytro-yevs	dmytro-yevs
30585862327	1	completed	success	push	main	be2a339f07c8019bcdb71fd6733ca71efd22ec3b	2026-07-30T22:05:06Z	2026-07-30T22:05:06Z	2026-07-30T22:08:09Z	https://github.com/dmytro-yevs/copypaste/actions/runs/30585862327	.github/workflows/ci.yml	CI	282057606	Make the release toolchain pin actually bind	dmytro-yevs	dmytro-yevs
30585961816	1	completed	failure	workflow_dispatch	main	be2a339f07c8019bcdb71fd6733ca71efd22ec3b	2026-07-30T22:06:44Z	2026-07-30T22:06:44Z	2026-07-30T22:14:51Z	https://github.com/dmytro-yevs/copypaste/actions/runs/30585961816	.github/workflows/release.yml	Release	282057609	Release	dmytro-yevs	dmytro-yevs
30586167713	1	completed	success	push	main	1e1e2984e95481eab136da126fde4745f54db648	2026-07-30T22:10:06Z	2026-07-30T22:10:06Z	2026-07-30T22:12:24Z	https://github.com/dmytro-yevs/copypaste/actions/runs/30586167713	.github/workflows/ci.yml	CI	282057606	Drive pairing, settings, push and export from the real WebView	dmytro-yevs	dmytro-yevs
30586167728	1	completed	success	push	main	1e1e2984e95481eab136da126fde4745f54db648	2026-07-30T22:10:06Z	2026-07-30T22:10:06Z	2026-07-30T22:11:05Z	https://github.com/dmytro-yevs/copypaste/actions/runs/30586167728	.github/workflows/supply-chain.yml	Supply chain	323997017	Drive pairing, settings, push and export from the real WebView	dmytro-yevs	dmytro-yevs
30586167735	1	completed	success	push	main	1e1e2984e95481eab136da126fde4745f54db648	2026-07-30T22:10:06Z	2026-07-30T22:10:06Z	2026-07-30T22:15:15Z	https://github.com/dmytro-yevs/copypaste/actions/runs/30586167735	.github/workflows/e2e.yml	E2E (real WebView)	324021896	Drive pairing, settings, push and export from the real WebView	dmytro-yevs	dmytro-yevs
30586169098	1	completed	success	push	v2-main	1e1e2984e95481eab136da126fde4745f54db648	2026-07-30T22:10:07Z	2026-07-30T22:10:07Z	2026-07-30T22:13:09Z	https://github.com/dmytro-yevs/copypaste/actions/runs/30586169098	.github/workflows/ci.yml	CI	282057606	Drive pairing, settings, push and export from the real WebView	dmytro-yevs	dmytro-yevs
30586169140	1	completed	success	push	v2-main	1e1e2984e95481eab136da126fde4745f54db648	2026-07-30T22:10:07Z	2026-07-30T22:10:07Z	2026-07-30T22:11:34Z	https://github.com/dmytro-yevs/copypaste/actions/runs/30586169140	.github/workflows/supply-chain.yml	Supply chain	323997017	Drive pairing, settings, push and export from the real WebView	dmytro-yevs	dmytro-yevs
30586169153	1	completed	success	push	v2-main	1e1e2984e95481eab136da126fde4745f54db648	2026-07-30T22:10:07Z	2026-07-30T22:10:07Z	2026-07-30T22:15:56Z	https://github.com/dmytro-yevs/copypaste/actions/runs/30586169153	.github/workflows/e2e.yml	E2E (real WebView)	324021896	Drive pairing, settings, push and export from the real WebView	dmytro-yevs	dmytro-yevs
30586667286	1	completed	cancelled	push	main	153213d4c3e04015a8e80764c6eeab2673960a48	2026-07-30T22:18:26Z	2026-07-30T22:18:26Z	2026-07-30T22:18:59Z	https://github.com/dmytro-yevs/copypaste/actions/runs/30586667286	.github/workflows/ci.yml	CI	282057606	Refuse a v0.4 database, and purge stale rows from the index	dmytro-yevs	dmytro-yevs
30586667323	1	completed	cancelled	push	main	153213d4c3e04015a8e80764c6eeab2673960a48	2026-07-30T22:18:26Z	2026-07-30T22:18:26Z	2026-07-30T22:19:02Z	https://github.com/dmytro-yevs/copypaste/actions/runs/30586667323	.github/workflows/e2e.yml	E2E (real WebView)	324021896	Refuse a v0.4 database, and purge stale rows from the index	dmytro-yevs	dmytro-yevs
30586667356	1	completed	cancelled	push	main	153213d4c3e04015a8e80764c6eeab2673960a48	2026-07-30T22:18:26Z	2026-07-30T22:18:26Z	2026-07-30T22:19:04Z	https://github.com/dmytro-yevs/copypaste/actions/runs/30586667356	.github/workflows/supply-chain.yml	Supply chain	323997017	Refuse a v0.4 database, and purge stale rows from the index	dmytro-yevs	dmytro-yevs
30586668192	1	completed	cancelled	push	v2-main	153213d4c3e04015a8e80764c6eeab2673960a48	2026-07-30T22:18:27Z	2026-07-30T22:18:27Z	2026-07-30T22:19:00Z	https://github.com/dmytro-yevs/copypaste/actions/runs/30586668192	.github/workflows/ci.yml	CI	282057606	Refuse a v0.4 database, and purge stale rows from the index	dmytro-yevs	dmytro-yevs
30586668194	1	completed	cancelled	push	v2-main	153213d4c3e04015a8e80764c6eeab2673960a48	2026-07-30T22:18:27Z	2026-07-30T22:18:27Z	2026-07-30T22:19:08Z	https://github.com/dmytro-yevs/copypaste/actions/runs/30586668194	.github/workflows/e2e.yml	E2E (real WebView)	324021896	Refuse a v0.4 database, and purge stale rows from the index	dmytro-yevs	dmytro-yevs
30586668204	1	completed	cancelled	push	v2-main	153213d4c3e04015a8e80764c6eeab2673960a48	2026-07-30T22:18:27Z	2026-07-30T22:18:27Z	2026-07-30T22:19:06Z	https://github.com/dmytro-yevs/copypaste/actions/runs/30586668204	.github/workflows/supply-chain.yml	Supply chain	323997017	Refuse a v0.4 database, and purge stale rows from the index	dmytro-yevs	dmytro-yevs
30586691208	1	completed	success	push	main	5b912fc8938064d33ea26dfc94952de16b3036ac	2026-07-30T22:18:51Z	2026-07-30T22:18:51Z	2026-07-30T22:20:03Z	https://github.com/dmytro-yevs/copypaste/actions/runs/30586691208	.github/workflows/supply-chain.yml	Supply chain	323997017	Purge the search index at daemon start	dmytro-yevs	dmytro-yevs
30586691219	1	completed	cancelled	push	main	5b912fc8938064d33ea26dfc94952de16b3036ac	2026-07-30T22:18:51Z	2026-07-30T22:18:51Z	2026-07-30T22:21:53Z	https://github.com/dmytro-yevs/copypaste/actions/runs/30586691219	.github/workflows/e2e.yml	E2E (real WebView)	324021896	Purge the search index at daemon start	dmytro-yevs	dmytro-yevs
30586691233	1	completed	failure	push	main	5b912fc8938064d33ea26dfc94952de16b3036ac	2026-07-30T22:18:51Z	2026-07-30T22:18:51Z	2026-07-30T22:21:12Z	https://github.com/dmytro-yevs/copypaste/actions/runs/30586691233	.github/workflows/ci.yml	CI	282057606	Purge the search index at daemon start	dmytro-yevs	dmytro-yevs
30586692293	1	completed	success	push	v2-main	5b912fc8938064d33ea26dfc94952de16b3036ac	2026-07-30T22:18:52Z	2026-07-30T22:18:52Z	2026-07-30T22:20:16Z	https://github.com/dmytro-yevs/copypaste/actions/runs/30586692293	.github/workflows/supply-chain.yml	Supply chain	323997017	Purge the search index at daemon start	dmytro-yevs	dmytro-yevs
30586692295	1	completed	failure	push	v2-main	5b912fc8938064d33ea26dfc94952de16b3036ac	2026-07-30T22:18:52Z	2026-07-30T22:18:52Z	2026-07-30T22:20:31Z	https://github.com/dmytro-yevs/copypaste/actions/runs/30586692295	.github/workflows/ci.yml	CI	282057606	Purge the search index at daemon start	dmytro-yevs	dmytro-yevs
30586692305	1	completed	cancelled	push	v2-main	5b912fc8938064d33ea26dfc94952de16b3036ac	2026-07-30T22:18:52Z	2026-07-30T22:18:52Z	2026-07-30T22:21:52Z	https://github.com/dmytro-yevs/copypaste/actions/runs/30586692305	.github/workflows/e2e.yml	E2E (real WebView)	324021896	Purge the search index at daemon start	dmytro-yevs	dmytro-yevs
30586853725	1	completed	cancelled	push	main	931c4c83aa0307bef7190bb3d9de440a89b6b7f1	2026-07-30T22:21:35Z	2026-07-30T22:21:35Z	2026-07-30T22:22:40Z	https://github.com/dmytro-yevs/copypaste/actions/runs/30586853725	.github/workflows/e2e.yml	E2E (real WebView)	324021896	Give Android a keystore, and make the secret follow --data-dir	dmytro-yevs	dmytro-yevs
30586853903	1	completed	cancelled	push	main	931c4c83aa0307bef7190bb3d9de440a89b6b7f1	2026-07-30T22:21:36Z	2026-07-30T22:21:36Z	2026-07-30T22:22:35Z	https://github.com/dmytro-yevs/copypaste/actions/runs/30586853903	.github/workflows/supply-chain.yml	Supply chain	323997017	Give Android a keystore, and make the secret follow --data-dir	dmytro-yevs	dmytro-yevs
30586854057	1	completed	cancelled	push	main	931c4c83aa0307bef7190bb3d9de440a89b6b7f1	2026-07-30T22:21:36Z	2026-07-30T22:21:36Z	2026-07-30T22:22:35Z	https://github.com/dmytro-yevs/copypaste/actions/runs/30586854057	.github/workflows/ci.yml	CI	282057606	Give Android a keystore, and make the secret follow --data-dir	dmytro-yevs	dmytro-yevs
30586854319	1	completed	cancelled	push	v2-main	931c4c83aa0307bef7190bb3d9de440a89b6b7f1	2026-07-30T22:21:36Z	2026-07-30T22:21:36Z	2026-07-30T22:22:48Z	https://github.com/dmytro-yevs/copypaste/actions/runs/30586854319	.github/workflows/ci.yml	CI	282057606	Give Android a keystore, and make the secret follow --data-dir	dmytro-yevs	dmytro-yevs
30586854324	1	completed	cancelled	push	v2-main	931c4c83aa0307bef7190bb3d9de440a89b6b7f1	2026-07-30T22:21:36Z	2026-07-30T22:21:36Z	2026-07-30T22:22:44Z	https://github.com/dmytro-yevs/copypaste/actions/runs/30586854324	.github/workflows/e2e.yml	E2E (real WebView)	324021896	Give Android a keystore, and make the secret follow --data-dir	dmytro-yevs	dmytro-yevs
30586854332	1	completed	success	push	v2-main	931c4c83aa0307bef7190bb3d9de440a89b6b7f1	2026-07-30T22:21:36Z	2026-07-30T22:21:36Z	2026-07-30T22:22:32Z	https://github.com/dmytro-yevs/copypaste/actions/runs/30586854332	.github/workflows/supply-chain.yml	Supply chain	323997017	Give Android a keystore, and make the secret follow --data-dir	dmytro-yevs	dmytro-yevs
30586907802	1	completed	cancelled	push	main	14c8f9cc5fcc7ecb099bfcf5558ac015b4f69996	2026-07-30T22:22:31Z	2026-07-30T22:22:31Z	2026-07-30T22:24:58Z	https://github.com/dmytro-yevs/copypaste/actions/runs/30586907802	.github/workflows/e2e.yml	E2E (real WebView)	324021896	Give each accent a hover fill that cannot lower its label	dmytro-yevs	dmytro-yevs
30586907838	1	completed	cancelled	push	main	14c8f9cc5fcc7ecb099bfcf5558ac015b4f69996	2026-07-30T22:22:31Z	2026-07-30T22:22:31Z	2026-07-30T22:24:58Z	https://github.com/dmytro-yevs/copypaste/actions/runs/30586907838	.github/workflows/ci.yml	CI	282057606	Give each accent a hover fill that cannot lower its label	dmytro-yevs	dmytro-yevs
30586907849	1	completed	success	push	main	14c8f9cc5fcc7ecb099bfcf5558ac015b4f69996	2026-07-30T22:22:31Z	2026-07-30T22:22:31Z	2026-07-30T22:23:31Z	https://github.com/dmytro-yevs/copypaste/actions/runs/30586907849	.github/workflows/supply-chain.yml	Supply chain	323997017	Give each accent a hover fill that cannot lower its label	dmytro-yevs	dmytro-yevs
30586908601	1	completed	cancelled	push	v2-main	14c8f9cc5fcc7ecb099bfcf5558ac015b4f69996	2026-07-30T22:22:32Z	2026-07-30T22:22:32Z	2026-07-30T22:25:01Z	https://github.com/dmytro-yevs/copypaste/actions/runs/30586908601	.github/workflows/ci.yml	CI	282057606	Give each accent a hover fill that cannot lower its label	dmytro-yevs	dmytro-yevs
30586908608	1	completed	cancelled	push	v2-main	14c8f9cc5fcc7ecb099bfcf5558ac015b4f69996	2026-07-30T22:22:32Z	2026-07-30T22:22:32Z	2026-07-30T22:24:59Z	https://github.com/dmytro-yevs/copypaste/actions/runs/30586908608	.github/workflows/e2e.yml	E2E (real WebView)	324021896	Give each accent a hover fill that cannot lower its label	dmytro-yevs	dmytro-yevs
30586908610	1	completed	success	push	v2-main	14c8f9cc5fcc7ecb099bfcf5558ac015b4f69996	2026-07-30T22:22:32Z	2026-07-30T22:22:32Z	2026-07-30T22:23:27Z	https://github.com/dmytro-yevs/copypaste/actions/runs/30586908610	.github/workflows/supply-chain.yml	Supply chain	323997017	Give each accent a hover fill that cannot lower its label	dmytro-yevs	dmytro-yevs
30587035387	1	completed	cancelled	push	main	c28b2485bcb04a0d1d3aa2ee2c6de50867bd496b	2026-07-30T22:24:42Z	2026-07-30T22:24:42Z	2026-07-30T22:26:22Z	https://github.com/dmytro-yevs/copypaste/actions/runs/30587035387	.github/workflows/ci.yml	CI	282057606	Give the Android capture ladder an interface	dmytro-yevs	dmytro-yevs
30587035389	1	completed	success	push	main	c28b2485bcb04a0d1d3aa2ee2c6de50867bd496b	2026-07-30T22:24:42Z	2026-07-30T22:24:42Z	2026-07-30T22:25:38Z	https://github.com/dmytro-yevs/copypaste/actions/runs/30587035389	.github/workflows/supply-chain.yml	Supply chain	323997017	Give the Android capture ladder an interface	dmytro-yevs	dmytro-yevs
30587035414	1	completed	cancelled	push	main	c28b2485bcb04a0d1d3aa2ee2c6de50867bd496b	2026-07-30T22:24:42Z	2026-07-30T22:24:42Z	2026-07-30T22:26:15Z	https://github.com/dmytro-yevs/copypaste/actions/runs/30587035414	.github/workflows/e2e.yml	E2E (real WebView)	324021896	Give the Android capture ladder an interface	dmytro-yevs	dmytro-yevs
30587036432	1	completed	cancelled	push	v2-main	c28b2485bcb04a0d1d3aa2ee2c6de50867bd496b	2026-07-30T22:24:43Z	2026-07-30T22:24:43Z	2026-07-30T22:26:18Z	https://github.com/dmytro-yevs/copypaste/actions/runs/30587036432	.github/workflows/e2e.yml	E2E (real WebView)	324021896	Give the Android capture ladder an interface	dmytro-yevs	dmytro-yevs
30587036463	1	completed	success	push	v2-main	c28b2485bcb04a0d1d3aa2ee2c6de50867bd496b	2026-07-30T22:24:43Z	2026-07-30T22:24:43Z	2026-07-30T22:25:48Z	https://github.com/dmytro-yevs/copypaste/actions/runs/30587036463	.github/workflows/supply-chain.yml	Supply chain	323997017	Give the Android capture ladder an interface	dmytro-yevs	dmytro-yevs
30587036475	1	completed	cancelled	push	v2-main	c28b2485bcb04a0d1d3aa2ee2c6de50867bd496b	2026-07-30T22:24:43Z	2026-07-30T22:24:43Z	2026-07-30T22:26:20Z	https://github.com/dmytro-yevs/copypaste/actions/runs/30587036475	.github/workflows/ci.yml	CI	282057606	Give the Android capture ladder an interface	dmytro-yevs	dmytro-yevs
30587117204	1	completed	cancelled	push	main	6ffcaa296e9f2046aa845f856b37aca7e0007b63	2026-07-30T22:26:04Z	2026-07-30T22:26:04Z	2026-07-30T22:28:51Z	https://github.com/dmytro-yevs/copypaste/actions/runs/30587117204	.github/workflows/e2e.yml	E2E (real WebView)	324021896	Stop a routine re-arm reading as a fault	dmytro-yevs	dmytro-yevs
30587117216	1	completed	cancelled	push	main	6ffcaa296e9f2046aa845f856b37aca7e0007b63	2026-07-30T22:26:04Z	2026-07-30T22:26:04Z	2026-07-30T22:28:51Z	https://github.com/dmytro-yevs/copypaste/actions/runs/30587117216	.github/workflows/ci.yml	CI	282057606	Stop a routine re-arm reading as a fault	dmytro-yevs	dmytro-yevs
30587117219	1	completed	success	push	main	6ffcaa296e9f2046aa845f856b37aca7e0007b63	2026-07-30T22:26:04Z	2026-07-30T22:26:04Z	2026-07-30T22:27:01Z	https://github.com/dmytro-yevs/copypaste/actions/runs/30587117219	.github/workflows/supply-chain.yml	Supply chain	323997017	Stop a routine re-arm reading as a fault	dmytro-yevs	dmytro-yevs
30587117971	1	completed	cancelled	push	v2-main	6ffcaa296e9f2046aa845f856b37aca7e0007b63	2026-07-30T22:26:05Z	2026-07-30T22:26:05Z	2026-07-30T22:28:51Z	https://github.com/dmytro-yevs/copypaste/actions/runs/30587117971	.github/workflows/ci.yml	CI	282057606	Stop a routine re-arm reading as a fault	dmytro-yevs	dmytro-yevs
30587118041	1	completed	success	push	v2-main	6ffcaa296e9f2046aa845f856b37aca7e0007b63	2026-07-30T22:26:05Z	2026-07-30T22:26:05Z	2026-07-30T22:27:05Z	https://github.com/dmytro-yevs/copypaste/actions/runs/30587118041	.github/workflows/supply-chain.yml	Supply chain	323997017	Stop a routine re-arm reading as a fault	dmytro-yevs	dmytro-yevs
30587118209	1	completed	cancelled	push	v2-main	6ffcaa296e9f2046aa845f856b37aca7e0007b63	2026-07-30T22:26:05Z	2026-07-30T22:26:05Z	2026-07-30T22:28:50Z	https://github.com/dmytro-yevs/copypaste/actions/runs/30587118209	.github/workflows/e2e.yml	E2E (real WebView)	324021896	Stop a routine re-arm reading as a fault	dmytro-yevs	dmytro-yevs
30587261096	1	completed	success	push	main	e471f92bcab942c190013048e725a2eaafe815c4	2026-07-30T22:28:34Z	2026-07-30T22:28:34Z	2026-07-30T22:29:37Z	https://github.com/dmytro-yevs/copypaste/actions/runs/30587261096	.github/workflows/supply-chain.yml	Supply chain	323997017	Cap pairings by refusing, never by evicting	dmytro-yevs	dmytro-yevs
30587261098	1	completed	cancelled	push	main	e471f92bcab942c190013048e725a2eaafe815c4	2026-07-30T22:28:34Z	2026-07-30T22:28:34Z	2026-07-30T22:30:22Z	https://github.com/dmytro-yevs/copypaste/actions/runs/30587261098	.github/workflows/e2e.yml	E2E (real WebView)	324021896	Cap pairings by refusing, never by evicting	dmytro-yevs	dmytro-yevs
30587261105	1	completed	cancelled	push	v2-main	e471f92bcab942c190013048e725a2eaafe815c4	2026-07-30T22:28:34Z	2026-07-30T22:28:34Z	2026-07-30T22:30:24Z	https://github.com/dmytro-yevs/copypaste/actions/runs/30587261105	.github/workflows/ci.yml	CI	282057606	Cap pairings by refusing, never by evicting	dmytro-yevs	dmytro-yevs
30587261116	1	completed	cancelled	push	v2-main	e471f92bcab942c190013048e725a2eaafe815c4	2026-07-30T22:28:34Z	2026-07-30T22:28:34Z	2026-07-30T22:30:24Z	https://github.com/dmytro-yevs/copypaste/actions/runs/30587261116	.github/workflows/e2e.yml	E2E (real WebView)	324021896	Cap pairings by refusing, never by evicting	dmytro-yevs	dmytro-yevs
30587261128	1	completed	success	push	v2-main	e471f92bcab942c190013048e725a2eaafe815c4	2026-07-30T22:28:34Z	2026-07-30T22:28:34Z	2026-07-30T22:29:30Z	https://github.com/dmytro-yevs/copypaste/actions/runs/30587261128	.github/workflows/supply-chain.yml	Supply chain	323997017	Cap pairings by refusing, never by evicting	dmytro-yevs	dmytro-yevs
30587261159	1	completed	cancelled	push	main	e471f92bcab942c190013048e725a2eaafe815c4	2026-07-30T22:28:34Z	2026-07-30T22:28:34Z	2026-07-30T22:30:22Z	https://github.com/dmytro-yevs/copypaste/actions/runs/30587261159	.github/workflows/ci.yml	CI	282057606	Cap pairings by refusing, never by evicting	dmytro-yevs	dmytro-yevs
30587351522	1	completed	success	push	main	2808a8abda88ac30ad78975c415f812ab43857b9	2026-07-30T22:30:06Z	2026-07-30T22:30:06Z	2026-07-30T22:35:12Z	https://github.com/dmytro-yevs/copypaste/actions/runs/30587351522	.github/workflows/e2e.yml	E2E (real WebView)	324021896	Fix four things the first release run could not have passed	dmytro-yevs	dmytro-yevs
30587351540	1	completed	success	push	main	2808a8abda88ac30ad78975c415f812ab43857b9	2026-07-30T22:30:06Z	2026-07-30T22:30:06Z	2026-07-30T22:31:03Z	https://github.com/dmytro-yevs/copypaste/actions/runs/30587351540	.github/workflows/supply-chain.yml	Supply chain	323997017	Fix four things the first release run could not have passed	dmytro-yevs	dmytro-yevs
30587351566	1	completed	success	push	main	2808a8abda88ac30ad78975c415f812ab43857b9	2026-07-30T22:30:06Z	2026-07-30T22:30:06Z	2026-07-30T22:33:08Z	https://github.com/dmytro-yevs/copypaste/actions/runs/30587351566	.github/workflows/ci.yml	CI	282057606	Fix four things the first release run could not have passed	dmytro-yevs	dmytro-yevs
30587352562	1	completed	success	push	v2-main	2808a8abda88ac30ad78975c415f812ab43857b9	2026-07-30T22:30:07Z	2026-07-30T22:30:07Z	2026-07-30T22:33:25Z	https://github.com/dmytro-yevs/copypaste/actions/runs/30587352562	.github/workflows/ci.yml	CI	282057606	Fix four things the first release run could not have passed	dmytro-yevs	dmytro-yevs
30587352582	1	completed	success	push	v2-main	2808a8abda88ac30ad78975c415f812ab43857b9	2026-07-30T22:30:07Z	2026-07-30T22:30:07Z	2026-07-30T22:31:03Z	https://github.com/dmytro-yevs/copypaste/actions/runs/30587352582	.github/workflows/supply-chain.yml	Supply chain	323997017	Fix four things the first release run could not have passed	dmytro-yevs	dmytro-yevs
30587352593	1	completed	success	push	v2-main	2808a8abda88ac30ad78975c415f812ab43857b9	2026-07-30T22:30:07Z	2026-07-30T22:30:07Z	2026-07-30T22:35:02Z	https://github.com/dmytro-yevs/copypaste/actions/runs/30587352593	.github/workflows/e2e.yml	E2E (real WebView)	324021896	Fix four things the first release run could not have passed	dmytro-yevs	dmytro-yevs
30587357214	1	completed	failure	workflow_dispatch	main	2808a8abda88ac30ad78975c415f812ab43857b9	2026-07-30T22:30:11Z	2026-07-30T22:30:11Z	2026-07-30T22:37:09Z	https://github.com/dmytro-yevs/copypaste/actions/runs/30587357214	.github/workflows/release.yml	Release	282057609	Release	dmytro-yevs	dmytro-yevs
30588654290	1	completed	success	push	main	8c1ce33006fd120a41ce16349ca932eb3fa5a361	2026-07-30T22:52:37Z	2026-07-30T22:52:37Z	2026-07-30T22:55:01Z	https://github.com/dmytro-yevs/copypaste/actions/runs/30588654290	.github/workflows/ci.yml	CI	282057606	Record an adversarial review of today's merges	dmytro-yevs	dmytro-yevs
30588654294	1	completed	cancelled	push	main	8c1ce33006fd120a41ce16349ca932eb3fa5a361	2026-07-30T22:52:37Z	2026-07-30T22:52:37Z	2026-07-30T22:57:18Z	https://github.com/dmytro-yevs/copypaste/actions/runs/30588654294	.github/workflows/e2e.yml	E2E (real WebView)	324021896	Record an adversarial review of today's merges	dmytro-yevs	dmytro-yevs
30588654295	1	completed	success	push	main	8c1ce33006fd120a41ce16349ca932eb3fa5a361	2026-07-30T22:52:37Z	2026-07-30T22:52:37Z	2026-07-30T22:53:34Z	https://github.com/dmytro-yevs/copypaste/actions/runs/30588654295	.github/workflows/supply-chain.yml	Supply chain	323997017	Record an adversarial review of today's merges	dmytro-yevs	dmytro-yevs
30588655501	1	completed	success	push	v2-main	8c1ce33006fd120a41ce16349ca932eb3fa5a361	2026-07-30T22:52:38Z	2026-07-30T22:52:38Z	2026-07-30T22:55:03Z	https://github.com/dmytro-yevs/copypaste/actions/runs/30588655501	.github/workflows/ci.yml	CI	282057606	Record an adversarial review of today's merges	dmytro-yevs	dmytro-yevs
30588655531	1	completed	cancelled	push	v2-main	8c1ce33006fd120a41ce16349ca932eb3fa5a361	2026-07-30T22:52:38Z	2026-07-30T22:52:38Z	2026-07-30T22:57:19Z	https://github.com/dmytro-yevs/copypaste/actions/runs/30588655531	.github/workflows/e2e.yml	E2E (real WebView)	324021896	Record an adversarial review of today's merges	dmytro-yevs	dmytro-yevs
30588655537	1	completed	success	push	v2-main	8c1ce33006fd120a41ce16349ca932eb3fa5a361	2026-07-30T22:52:38Z	2026-07-30T22:52:38Z	2026-07-30T22:53:56Z	https://github.com/dmytro-yevs/copypaste/actions/runs/30588655537	.github/workflows/supply-chain.yml	Supply chain	323997017	Record an adversarial review of today's merges	dmytro-yevs	dmytro-yevs
30588904187	1	completed	cancelled	push	main	b7063cf48aeccb6e31d698e8d7ffc7d0f97c8fd6	2026-07-30T22:57:01Z	2026-07-30T22:57:01Z	2026-07-30T22:57:15Z	https://github.com/dmytro-yevs/copypaste/actions/runs/30588904187	.github/workflows/e2e.yml	E2E (real WebView)	324021896	Vendor OpenSSL for Android only	dmytro-yevs	dmytro-yevs
30588904211	1	completed	cancelled	push	main	b7063cf48aeccb6e31d698e8d7ffc7d0f97c8fd6	2026-07-30T22:57:01Z	2026-07-30T22:57:01Z	2026-07-30T22:57:18Z	https://github.com/dmytro-yevs/copypaste/actions/runs/30588904211	.github/workflows/supply-chain.yml	Supply chain	323997017	Vendor OpenSSL for Android only	dmytro-yevs	dmytro-yevs
30588904220	1	completed	cancelled	push	main	b7063cf48aeccb6e31d698e8d7ffc7d0f97c8fd6	2026-07-30T22:57:01Z	2026-07-30T22:57:01Z	2026-07-30T22:57:25Z	https://github.com/dmytro-yevs/copypaste/actions/runs/30588904220	.github/workflows/ci.yml	CI	282057606	Vendor OpenSSL for Android only	dmytro-yevs	dmytro-yevs
30588904912	1	completed	cancelled	push	v2-main	b7063cf48aeccb6e31d698e8d7ffc7d0f97c8fd6	2026-07-30T22:57:02Z	2026-07-30T22:57:02Z	2026-07-30T22:57:19Z	https://github.com/dmytro-yevs/copypaste/actions/runs/30588904912	.github/workflows/supply-chain.yml	Supply chain	323997017	Vendor OpenSSL for Android only	dmytro-yevs	dmytro-yevs
30588904917	1	completed	cancelled	push	v2-main	b7063cf48aeccb6e31d698e8d7ffc7d0f97c8fd6	2026-07-30T22:57:02Z	2026-07-30T22:57:02Z	2026-07-30T22:57:17Z	https://github.com/dmytro-yevs/copypaste/actions/runs/30588904917	.github/workflows/e2e.yml	E2E (real WebView)	324021896	Vendor OpenSSL for Android only	dmytro-yevs	dmytro-yevs
30588904943	1	completed	cancelled	push	v2-main	b7063cf48aeccb6e31d698e8d7ffc7d0f97c8fd6	2026-07-30T22:57:02Z	2026-07-30T22:57:02Z	2026-07-30T22:57:22Z	https://github.com/dmytro-yevs/copypaste/actions/runs/30588904943	.github/workflows/ci.yml	CI	282057606	Vendor OpenSSL for Android only	dmytro-yevs	dmytro-yevs
30588916082	1	completed	success	push	main	7893ee03ad271be217d3b4999e713bcf9d92f596	2026-07-30T22:57:14Z	2026-07-30T22:57:14Z	2026-07-30T22:58:19Z	https://github.com/dmytro-yevs/copypaste/actions/runs/30588916082	.github/workflows/supply-chain.yml	Supply chain	323997017	Match the security and status prose to today's code	dmytro-yevs	dmytro-yevs
30588916113	1	completed	failure	push	main	7893ee03ad271be217d3b4999e713bcf9d92f596	2026-07-30T22:57:14Z	2026-07-30T22:57:14Z	2026-07-30T22:59:34Z	https://github.com/dmytro-yevs/copypaste/actions/runs/30588916113	.github/workflows/ci.yml	CI	282057606	Match the security and status prose to today's code	dmytro-yevs	dmytro-yevs
30588916123	1	completed	failure	push	main	7893ee03ad271be217d3b4999e713bcf9d92f596	2026-07-30T22:57:14Z	2026-07-30T22:57:14Z	2026-07-30T22:58:38Z	https://github.com/dmytro-yevs/copypaste/actions/runs/30588916123	.github/workflows/e2e.yml	E2E (real WebView)	324021896	Match the security and status prose to today's code	dmytro-yevs	dmytro-yevs
30588917344	1	completed	failure	push	v2-main	7893ee03ad271be217d3b4999e713bcf9d92f596	2026-07-30T22:57:15Z	2026-07-30T22:57:15Z	2026-07-30T22:58:21Z	https://github.com/dmytro-yevs/copypaste/actions/runs/30588917344	.github/workflows/ci.yml	CI	282057606	Match the security and status prose to today's code	dmytro-yevs	dmytro-yevs
30588917365	1	completed	failure	push	v2-main	7893ee03ad271be217d3b4999e713bcf9d92f596	2026-07-30T22:57:15Z	2026-07-30T22:57:15Z	2026-07-30T22:58:42Z	https://github.com/dmytro-yevs/copypaste/actions/runs/30588917365	.github/workflows/e2e.yml	E2E (real WebView)	324021896	Match the security and status prose to today's code	dmytro-yevs	dmytro-yevs
30588917441	1	completed	success	push	v2-main	7893ee03ad271be217d3b4999e713bcf9d92f596	2026-07-30T22:57:16Z	2026-07-30T22:57:16Z	2026-07-30T22:58:17Z	https://github.com/dmytro-yevs/copypaste/actions/runs/30588917441	.github/workflows/supply-chain.yml	Supply chain	323997017	Match the security and status prose to today's code	dmytro-yevs	dmytro-yevs
30588993223	1	completed	failure	workflow_dispatch	main	7893ee03ad271be217d3b4999e713bcf9d92f596	2026-07-30T22:58:39Z	2026-07-30T22:58:39Z	2026-07-30T23:02:10Z	https://github.com/dmytro-yevs/copypaste/actions/runs/30588993223	.github/workflows/release.yml	Release	282057609	Release	dmytro-yevs	dmytro-yevs
30589331720	1	completed	success	push	main	d6bdec22dd5e53703e26e1c9dda0209a1d815ae9	2026-07-30T23:04:31Z	2026-07-30T23:04:31Z	2026-07-30T23:07:48Z	https://github.com/dmytro-yevs/copypaste/actions/runs/30589331720	.github/workflows/ci.yml	CI	282057606	Record the vendored OpenSSL in the lockfile	dmytro-yevs	dmytro-yevs
30589331741	1	completed	success	push	main	d6bdec22dd5e53703e26e1c9dda0209a1d815ae9	2026-07-30T23:04:31Z	2026-07-30T23:04:31Z	2026-07-30T23:05:27Z	https://github.com/dmytro-yevs/copypaste/actions/runs/30589331741	.github/workflows/supply-chain.yml	Supply chain	323997017	Record the vendored OpenSSL in the lockfile	dmytro-yevs	dmytro-yevs
30589331759	1	completed	success	push	main	d6bdec22dd5e53703e26e1c9dda0209a1d815ae9	2026-07-30T23:04:31Z	2026-07-30T23:04:31Z	2026-07-30T23:10:00Z	https://github.com/dmytro-yevs/copypaste/actions/runs/30589331759	.github/workflows/e2e.yml	E2E (real WebView)	324021896	Record the vendored OpenSSL in the lockfile	dmytro-yevs	dmytro-yevs
30589332479	1	completed	success	push	v2-main	d6bdec22dd5e53703e26e1c9dda0209a1d815ae9	2026-07-30T23:04:32Z	2026-07-30T23:04:32Z	2026-07-30T23:09:39Z	https://github.com/dmytro-yevs/copypaste/actions/runs/30589332479	.github/workflows/e2e.yml	E2E (real WebView)	324021896	Record the vendored OpenSSL in the lockfile	dmytro-yevs	dmytro-yevs
30589332503	1	completed	success	push	v2-main	d6bdec22dd5e53703e26e1c9dda0209a1d815ae9	2026-07-30T23:04:32Z	2026-07-30T23:04:32Z	2026-07-30T23:05:22Z	https://github.com/dmytro-yevs/copypaste/actions/runs/30589332503	.github/workflows/supply-chain.yml	Supply chain	323997017	Record the vendored OpenSSL in the lockfile	dmytro-yevs	dmytro-yevs
30589332508	1	completed	success	push	v2-main	d6bdec22dd5e53703e26e1c9dda0209a1d815ae9	2026-07-30T23:04:32Z	2026-07-30T23:04:32Z	2026-07-30T23:07:18Z	https://github.com/dmytro-yevs/copypaste/actions/runs/30589332508	.github/workflows/ci.yml	CI	282057606	Record the vendored OpenSSL in the lockfile	dmytro-yevs	dmytro-yevs
30589438249	1	completed	failure	workflow_dispatch	main	d6bdec22dd5e53703e26e1c9dda0209a1d815ae9	2026-07-30T23:06:25Z	2026-07-30T23:06:25Z	2026-07-30T23:11:48Z	https://github.com/dmytro-yevs/copypaste/actions/runs/30589438249	.github/workflows/release.yml	Release	282057609	Release	dmytro-yevs	dmytro-yevs
30589740769	1	completed	success	push	main	1e8b343e41d3a1d7f169c5f55a176ee6eaaa27b0	2026-07-30T23:11:57Z	2026-07-30T23:11:57Z	2026-07-30T23:12:57Z	https://github.com/dmytro-yevs/copypaste/actions/runs/30589740769	.github/workflows/supply-chain.yml	Supply chain	323997017	Add the files the last three commits left untracked	dmytro-yevs	dmytro-yevs
30589740792	1	completed	success	push	main	1e8b343e41d3a1d7f169c5f55a176ee6eaaa27b0	2026-07-30T23:11:57Z	2026-07-30T23:11:57Z	2026-07-30T23:16:24Z	https://github.com/dmytro-yevs/copypaste/actions/runs/30589740792	.github/workflows/ci.yml	CI	282057606	Add the files the last three commits left untracked	dmytro-yevs	dmytro-yevs
30589740850	1	completed	failure	push	main	1e8b343e41d3a1d7f169c5f55a176ee6eaaa27b0	2026-07-30T23:11:57Z	2026-07-30T23:11:57Z	2026-07-30T23:17:05Z	https://github.com/dmytro-yevs/copypaste/actions/runs/30589740850	.github/workflows/e2e.yml	E2E (real WebView)	324021896	Add the files the last three commits left untracked	dmytro-yevs	dmytro-yevs
30589741237	1	completed	success	push	v2-main	1e8b343e41d3a1d7f169c5f55a176ee6eaaa27b0	2026-07-30T23:11:58Z	2026-07-30T23:11:58Z	2026-07-30T23:13:11Z	https://github.com/dmytro-yevs/copypaste/actions/runs/30589741237	.github/workflows/supply-chain.yml	Supply chain	323997017	Add the files the last three commits left untracked	dmytro-yevs	dmytro-yevs
30589741260	1	completed	success	push	v2-main	1e8b343e41d3a1d7f169c5f55a176ee6eaaa27b0	2026-07-30T23:11:58Z	2026-07-30T23:11:58Z	2026-07-30T23:15:24Z	https://github.com/dmytro-yevs/copypaste/actions/runs/30589741260	.github/workflows/ci.yml	CI	282057606	Add the files the last three commits left untracked	dmytro-yevs	dmytro-yevs
30589741262	1	completed	failure	push	v2-main	1e8b343e41d3a1d7f169c5f55a176ee6eaaa27b0	2026-07-30T23:11:58Z	2026-07-30T23:11:58Z	2026-07-30T23:17:00Z	https://github.com/dmytro-yevs/copypaste/actions/runs/30589741262	.github/workflows/e2e.yml	E2E (real WebView)	324021896	Add the files the last three commits left untracked	dmytro-yevs	dmytro-yevs
30590516150	1	completed	failure	push	main	2b28f878e6f1aa838c05a05b8dce2495df3a4826	2026-07-30T23:26:30Z	2026-07-30T23:26:30Z	2026-07-30T23:27:37Z	https://github.com/dmytro-yevs/copypaste/actions/runs/30590516150	.github/workflows/ci.yml	CI	282057606	Point OpenSSL's build at the NDK's llvm-ranlib	dmytro-yevs	dmytro-yevs
30590516185	1	completed	success	push	main	2b28f878e6f1aa838c05a05b8dce2495df3a4826	2026-07-30T23:26:30Z	2026-07-30T23:26:30Z	2026-07-30T23:27:26Z	https://github.com/dmytro-yevs/copypaste/actions/runs/30590516185	.github/workflows/supply-chain.yml	Supply chain	323997017	Point OpenSSL's build at the NDK's llvm-ranlib	dmytro-yevs	dmytro-yevs
30590516187	1	completed	failure	push	main	2b28f878e6f1aa838c05a05b8dce2495df3a4826	2026-07-30T23:26:30Z	2026-07-30T23:26:30Z	2026-07-30T23:27:38Z	https://github.com/dmytro-yevs/copypaste/actions/runs/30590516187	.github/workflows/e2e.yml	E2E (real WebView)	324021896	Point OpenSSL's build at the NDK's llvm-ranlib	dmytro-yevs	dmytro-yevs
30590516458	1	completed	success	push	v2-main	2b28f878e6f1aa838c05a05b8dce2495df3a4826	2026-07-30T23:26:30Z	2026-07-30T23:26:30Z	2026-07-30T23:27:52Z	https://github.com/dmytro-yevs/copypaste/actions/runs/30590516458	.github/workflows/supply-chain.yml	Supply chain	323997017	Point OpenSSL's build at the NDK's llvm-ranlib	dmytro-yevs	dmytro-yevs
30590516461	1	completed	failure	push	v2-main	2b28f878e6f1aa838c05a05b8dce2495df3a4826	2026-07-30T23:26:30Z	2026-07-30T23:26:30Z	2026-07-30T23:28:07Z	https://github.com/dmytro-yevs/copypaste/actions/runs/30590516461	.github/workflows/ci.yml	CI	282057606	Point OpenSSL's build at the NDK's llvm-ranlib	dmytro-yevs	dmytro-yevs
30590516484	1	completed	failure	push	v2-main	2b28f878e6f1aa838c05a05b8dce2495df3a4826	2026-07-30T23:26:30Z	2026-07-30T23:26:30Z	2026-07-30T23:27:51Z	https://github.com/dmytro-yevs/copypaste/actions/runs/30590516484	.github/workflows/e2e.yml	E2E (real WebView)	324021896	Point OpenSSL's build at the NDK's llvm-ranlib	dmytro-yevs	dmytro-yevs
30590519427	1	completed	failure	workflow_dispatch	main	2b28f878e6f1aa838c05a05b8dce2495df3a4826	2026-07-30T23:26:34Z	2026-07-30T23:26:34Z	2026-07-30T23:31:38Z	https://github.com/dmytro-yevs/copypaste/actions/runs/30590519427	.github/workflows/release.yml	Release	282057609	Release	dmytro-yevs	dmytro-yevs
30590844153	1	completed	success	push	v2-main	041e1bc80a199d089d037e8134d6b8bd0776b50d	2026-07-30T23:32:41Z	2026-07-30T23:32:41Z	2026-07-30T23:33:42Z	https://github.com/dmytro-yevs/copypaste/actions/runs/30590844153	.github/workflows/supply-chain.yml	Supply chain	323997017	Move export and import into core	dmytro-yevs	dmytro-yevs
30590844169	1	completed	failure	push	v2-main	041e1bc80a199d089d037e8134d6b8bd0776b50d	2026-07-30T23:32:41Z	2026-07-30T23:32:41Z	2026-07-30T23:34:48Z	https://github.com/dmytro-yevs/copypaste/actions/runs/30590844169	.github/workflows/ci.yml	CI	282057606	Move export and import into core	dmytro-yevs	dmytro-yevs
30590844175	1	completed	failure	push	v2-main	041e1bc80a199d089d037e8134d6b8bd0776b50d	2026-07-30T23:32:41Z	2026-07-30T23:32:41Z	2026-07-30T23:33:55Z	https://github.com/dmytro-yevs/copypaste/actions/runs/30590844175	.github/workflows/e2e.yml	E2E (real WebView)	324021896	Move export and import into core	dmytro-yevs	dmytro-yevs
30590845194	1	completed	success	push	main	041e1bc80a199d089d037e8134d6b8bd0776b50d	2026-07-30T23:32:42Z	2026-07-30T23:32:42Z	2026-07-30T23:33:40Z	https://github.com/dmytro-yevs/copypaste/actions/runs/30590845194	.github/workflows/supply-chain.yml	Supply chain	323997017	Move export and import into core	dmytro-yevs	dmytro-yevs
30590845198	1	completed	failure	push	main	041e1bc80a199d089d037e8134d6b8bd0776b50d	2026-07-30T23:32:42Z	2026-07-30T23:32:42Z	2026-07-30T23:34:49Z	https://github.com/dmytro-yevs/copypaste/actions/runs/30590845198	.github/workflows/e2e.yml	E2E (real WebView)	324021896	Move export and import into core	dmytro-yevs	dmytro-yevs
30590845208	1	completed	failure	push	main	041e1bc80a199d089d037e8134d6b8bd0776b50d	2026-07-30T23:32:42Z	2026-07-30T23:32:42Z	2026-07-30T23:34:07Z	https://github.com/dmytro-yevs/copypaste/actions/runs/30590845208	.github/workflows/ci.yml	CI	282057606	Move export and import into core	dmytro-yevs	dmytro-yevs
30590960884	1	completed	success	push	main	1125ea1d40cc911391bee51f2361b56e97485da3	2026-07-30T23:34:58Z	2026-07-30T23:34:58Z	2026-07-30T23:37:46Z	https://github.com/dmytro-yevs/copypaste/actions/runs/30590960884	.github/workflows/ci.yml	CI	282057606	Skip tray positioning on Android	dmytro-yevs	dmytro-yevs
30590960898	1	completed	failure	push	main	1125ea1d40cc911391bee51f2361b56e97485da3	2026-07-30T23:34:58Z	2026-07-30T23:34:58Z	2026-07-30T23:39:47Z	https://github.com/dmytro-yevs/copypaste/actions/runs/30590960898	.github/workflows/e2e.yml	E2E (real WebView)	324021896	Skip tray positioning on Android	dmytro-yevs	dmytro-yevs
30590960899	1	completed	success	push	main	1125ea1d40cc911391bee51f2361b56e97485da3	2026-07-30T23:34:58Z	2026-07-30T23:34:58Z	2026-07-30T23:35:50Z	https://github.com/dmytro-yevs/copypaste/actions/runs/30590960899	.github/workflows/supply-chain.yml	Supply chain	323997017	Skip tray positioning on Android	dmytro-yevs	dmytro-yevs
30590961648	1	completed	failure	push	v2-main	1125ea1d40cc911391bee51f2361b56e97485da3	2026-07-30T23:34:59Z	2026-07-30T23:34:59Z	2026-07-30T23:39:46Z	https://github.com/dmytro-yevs/copypaste/actions/runs/30590961648	.github/workflows/e2e.yml	E2E (real WebView)	324021896	Skip tray positioning on Android	dmytro-yevs	dmytro-yevs
30590961651	1	completed	success	push	v2-main	1125ea1d40cc911391bee51f2361b56e97485da3	2026-07-30T23:34:59Z	2026-07-30T23:34:59Z	2026-07-30T23:36:09Z	https://github.com/dmytro-yevs/copypaste/actions/runs/30590961651	.github/workflows/supply-chain.yml	Supply chain	323997017	Skip tray positioning on Android	dmytro-yevs	dmytro-yevs
30590961697	1	completed	success	push	v2-main	1125ea1d40cc911391bee51f2361b56e97485da3	2026-07-30T23:34:59Z	2026-07-30T23:34:59Z	2026-07-30T23:38:22Z	https://github.com/dmytro-yevs/copypaste/actions/runs/30590961697	.github/workflows/ci.yml	CI	282057606	Skip tray positioning on Android	dmytro-yevs	dmytro-yevs
30590965028	1	completed	failure	workflow_dispatch	main	1125ea1d40cc911391bee51f2361b56e97485da3	2026-07-30T23:35:02Z	2026-07-30T23:35:02Z	2026-07-30T23:43:24Z	https://github.com/dmytro-yevs/copypaste/actions/runs/30590965028	.github/workflows/release.yml	Release	282057609	Release	dmytro-yevs	dmytro-yevs
30591266510	1	completed	success	push	main	6a243f51bcdfb1a59d68bbeffa9602e3d4c85d83	2026-07-30T23:40:59Z	2026-07-30T23:40:59Z	2026-07-30T23:42:07Z	https://github.com/dmytro-yevs/copypaste/actions/runs/30591266510	.github/workflows/supply-chain.yml	Supply chain	323997017	Add the Android half of export and import	dmytro-yevs	dmytro-yevs
30591266552	1	completed	cancelled	push	main	6a243f51bcdfb1a59d68bbeffa9602e3d4c85d83	2026-07-30T23:40:59Z	2026-07-30T23:40:59Z	2026-07-30T23:44:50Z	https://github.com/dmytro-yevs/copypaste/actions/runs/30591266552	.github/workflows/e2e.yml	E2E (real WebView)	324021896	Add the Android half of export and import	dmytro-yevs	dmytro-yevs
30591267074	1	completed	success	push	main	6a243f51bcdfb1a59d68bbeffa9602e3d4c85d83	2026-07-30T23:41:00Z	2026-07-30T23:41:00Z	2026-07-30T23:43:42Z	https://github.com/dmytro-yevs/copypaste/actions/runs/30591267074	.github/workflows/ci.yml	CI	282057606	Add the Android half of export and import	dmytro-yevs	dmytro-yevs
30591267461	1	completed	success	push	v2-main	6a243f51bcdfb1a59d68bbeffa9602e3d4c85d83	2026-07-30T23:41:00Z	2026-07-30T23:41:00Z	2026-07-30T23:44:14Z	https://github.com/dmytro-yevs/copypaste/actions/runs/30591267461	.github/workflows/ci.yml	CI	282057606	Add the Android half of export and import	dmytro-yevs	dmytro-yevs
30591267465	1	completed	cancelled	push	v2-main	6a243f51bcdfb1a59d68bbeffa9602e3d4c85d83	2026-07-30T23:41:00Z	2026-07-30T23:41:00Z	2026-07-30T23:44:54Z	https://github.com/dmytro-yevs/copypaste/actions/runs/30591267465	.github/workflows/e2e.yml	E2E (real WebView)	324021896	Add the Android half of export and import	dmytro-yevs	dmytro-yevs
30591267493	1	completed	success	push	v2-main	6a243f51bcdfb1a59d68bbeffa9602e3d4c85d83	2026-07-30T23:41:00Z	2026-07-30T23:41:00Z	2026-07-30T23:42:08Z	https://github.com/dmytro-yevs/copypaste/actions/runs/30591267493	.github/workflows/supply-chain.yml	Supply chain	323997017	Add the Android half of export and import	dmytro-yevs	dmytro-yevs
30591447017	1	completed	success	push	main	7cda93a7e81fb45ed90b861d42e9180b2c75153f	2026-07-30T23:44:35Z	2026-07-30T23:44:35Z	2026-07-30T23:47:21Z	https://github.com/dmytro-yevs/copypaste/actions/runs/30591447017	.github/workflows/ci.yml	CI	282057606	Generate the Android entry point	dmytro-yevs	dmytro-yevs
30591447024	1	completed	success	push	main	7cda93a7e81fb45ed90b861d42e9180b2c75153f	2026-07-30T23:44:35Z	2026-07-30T23:44:35Z	2026-07-30T23:45:31Z	https://github.com/dmytro-yevs/copypaste/actions/runs/30591447024	.github/workflows/supply-chain.yml	Supply chain	323997017	Generate the Android entry point	dmytro-yevs	dmytro-yevs
30591447032	1	completed	failure	push	main	7cda93a7e81fb45ed90b861d42e9180b2c75153f	2026-07-30T23:44:35Z	2026-07-30T23:44:35Z	2026-07-30T23:49:49Z	https://github.com/dmytro-yevs/copypaste/actions/runs/30591447032	.github/workflows/e2e.yml	E2E (real WebView)	324021896	Generate the Android entry point	dmytro-yevs	dmytro-yevs
30591448239	1	completed	success	push	v2-main	7cda93a7e81fb45ed90b861d42e9180b2c75153f	2026-07-30T23:44:37Z	2026-07-30T23:44:37Z	2026-07-30T23:45:46Z	https://github.com/dmytro-yevs/copypaste/actions/runs/30591448239	.github/workflows/supply-chain.yml	Supply chain	323997017	Generate the Android entry point	dmytro-yevs	dmytro-yevs
30591448269	1	completed	success	push	v2-main	7cda93a7e81fb45ed90b861d42e9180b2c75153f	2026-07-30T23:44:37Z	2026-07-30T23:44:37Z	2026-07-30T23:47:06Z	https://github.com/dmytro-yevs/copypaste/actions/runs/30591448269	.github/workflows/ci.yml	CI	282057606	Generate the Android entry point	dmytro-yevs	dmytro-yevs
30591448333	1	completed	failure	push	v2-main	7cda93a7e81fb45ed90b861d42e9180b2c75153f	2026-07-30T23:44:37Z	2026-07-30T23:44:37Z	2026-07-30T23:50:23Z	https://github.com/dmytro-yevs/copypaste/actions/runs/30591448333	.github/workflows/e2e.yml	E2E (real WebView)	324021896	Generate the Android entry point	dmytro-yevs	dmytro-yevs
30591452176	1	completed	success	workflow_dispatch	main	7cda93a7e81fb45ed90b861d42e9180b2c75153f	2026-07-30T23:44:41Z	2026-07-30T23:44:41Z	2026-07-30T23:59:12Z	https://github.com/dmytro-yevs/copypaste/actions/runs/30591452176	.github/workflows/release.yml	Release	282057609	Release	dmytro-yevs	dmytro-yevs
30614091509	1	completed	success	push	main	9d2d1bc2c400c8ca360af31232f7da2f8cd298c6	2026-07-31T07:48:30Z	2026-07-31T07:48:30Z	2026-07-31T07:49:20Z	https://github.com/dmytro-yevs/copypaste/actions/runs/30614091509	.github/workflows/supply-chain.yml	Supply chain	323997017	Measure the frontend against the file-size budget	dmytro-yevs	dmytro-yevs
30614091517	1	completed	cancelled	push	main	9d2d1bc2c400c8ca360af31232f7da2f8cd298c6	2026-07-31T07:48:30Z	2026-07-31T07:48:30Z	2026-07-31T07:53:24Z	https://github.com/dmytro-yevs/copypaste/actions/runs/30614091517	.github/workflows/e2e.yml	E2E (real WebView)	324021896	Measure the frontend against the file-size budget	dmytro-yevs	dmytro-yevs
30614091526	1	completed	success	push	main	9d2d1bc2c400c8ca360af31232f7da2f8cd298c6	2026-07-31T07:48:30Z	2026-07-31T07:48:30Z	2026-07-31T07:51:17Z	https://github.com/dmytro-yevs/copypaste/actions/runs/30614091526	.github/workflows/ci.yml	CI	282057606	Measure the frontend against the file-size budget	dmytro-yevs	dmytro-yevs
30614092655	1	completed	cancelled	push	v2-main	9d2d1bc2c400c8ca360af31232f7da2f8cd298c6	2026-07-31T07:48:31Z	2026-07-31T07:48:31Z	2026-07-31T07:53:25Z	https://github.com/dmytro-yevs/copypaste/actions/runs/30614092655	.github/workflows/e2e.yml	E2E (real WebView)	324021896	Measure the frontend against the file-size budget	dmytro-yevs	dmytro-yevs
30614092684	1	completed	success	push	v2-main	9d2d1bc2c400c8ca360af31232f7da2f8cd298c6	2026-07-31T07:48:31Z	2026-07-31T07:48:31Z	2026-07-31T07:49:23Z	https://github.com/dmytro-yevs/copypaste/actions/runs/30614092684	.github/workflows/supply-chain.yml	Supply chain	323997017	Measure the frontend against the file-size budget	dmytro-yevs	dmytro-yevs
30614092756	1	completed	cancelled	push	v2-main	9d2d1bc2c400c8ca360af31232f7da2f8cd298c6	2026-07-31T07:48:31Z	2026-07-31T07:48:31Z	2026-07-31T07:53:26Z	https://github.com/dmytro-yevs/copypaste/actions/runs/30614092756	.github/workflows/ci.yml	CI	282057606	Measure the frontend against the file-size budget	dmytro-yevs	dmytro-yevs
30614353124	1	completed	failure	push	main	a24a0c9e618bca3bbc976327401cc7d7e5a17d41	2026-07-31T07:53:08Z	2026-07-31T07:53:08Z	2026-07-31T07:55:33Z	https://github.com/dmytro-yevs/copypaste/actions/runs/30614353124	.github/workflows/ci.yml	CI	282057606	Put numbers on rule 8 and check them	dmytro-yevs	dmytro-yevs
30614353179	1	completed	success	push	main	a24a0c9e618bca3bbc976327401cc7d7e5a17d41	2026-07-31T07:53:08Z	2026-07-31T07:53:08Z	2026-07-31T07:54:07Z	https://github.com/dmytro-yevs/copypaste/actions/runs/30614353179	.github/workflows/supply-chain.yml	Supply chain	323997017	Put numbers on rule 8 and check them	dmytro-yevs	dmytro-yevs
30614353229	1	completed	failure	push	main	a24a0c9e618bca3bbc976327401cc7d7e5a17d41	2026-07-31T07:53:08Z	2026-07-31T07:53:08Z	2026-07-31T07:58:21Z	https://github.com/dmytro-yevs/copypaste/actions/runs/30614353229	.github/workflows/e2e.yml	E2E (real WebView)	324021896	Put numbers on rule 8 and check them	dmytro-yevs	dmytro-yevs
30614353792	1	completed	failure	push	v2-main	a24a0c9e618bca3bbc976327401cc7d7e5a17d41	2026-07-31T07:53:09Z	2026-07-31T07:53:09Z	2026-07-31T07:56:00Z	https://github.com/dmytro-yevs/copypaste/actions/runs/30614353792	.github/workflows/ci.yml	CI	282057606	Put numbers on rule 8 and check them	dmytro-yevs	dmytro-yevs
30614353811	1	completed	failure	push	v2-main	a24a0c9e618bca3bbc976327401cc7d7e5a17d41	2026-07-31T07:53:09Z	2026-07-31T07:53:09Z	2026-07-31T07:58:29Z	https://github.com/dmytro-yevs/copypaste/actions/runs/30614353811	.github/workflows/e2e.yml	E2E (real WebView)	324021896	Put numbers on rule 8 and check them	dmytro-yevs	dmytro-yevs
30614353852	1	completed	success	push	v2-main	a24a0c9e618bca3bbc976327401cc7d7e5a17d41	2026-07-31T07:53:09Z	2026-07-31T07:53:09Z	2026-07-31T07:54:16Z	https://github.com/dmytro-yevs/copypaste/actions/runs/30614353852	.github/workflows/supply-chain.yml	Supply chain	323997017	Put numbers on rule 8 and check them	dmytro-yevs	dmytro-yevs
30614773472	1	completed	success	push	main	83b2d37d81d6c2b1a9725babae1b6cc72bd1aad6	2026-07-31T08:00:28Z	2026-07-31T08:00:28Z	2026-07-31T08:01:37Z	https://github.com/dmytro-yevs/copypaste/actions/runs/30614773472	.github/workflows/supply-chain.yml	Supply chain	323997017	Upload what an import brought in	dmytro-yevs	dmytro-yevs
30614773575	1	completed	cancelled	push	main	83b2d37d81d6c2b1a9725babae1b6cc72bd1aad6	2026-07-31T08:00:28Z	2026-07-31T08:00:28Z	2026-07-31T08:03:20Z	https://github.com/dmytro-yevs/copypaste/actions/runs/30614773575	.github/workflows/ci.yml	CI	282057606	Upload what an import brought in	dmytro-yevs	dmytro-yevs
30614773593	1	completed	cancelled	push	main	83b2d37d81d6c2b1a9725babae1b6cc72bd1aad6	2026-07-31T08:00:28Z	2026-07-31T08:00:28Z	2026-07-31T08:03:22Z	https://github.com/dmytro-yevs/copypaste/actions/runs/30614773593	.github/workflows/e2e.yml	E2E (real WebView)	324021896	Upload what an import brought in	dmytro-yevs	dmytro-yevs
30614774558	1	completed	success	push	v2-main	83b2d37d81d6c2b1a9725babae1b6cc72bd1aad6	2026-07-31T08:00:29Z	2026-07-31T08:00:29Z	2026-07-31T08:01:32Z	https://github.com/dmytro-yevs/copypaste/actions/runs/30614774558	.github/workflows/supply-chain.yml	Supply chain	323997017	Upload what an import brought in	dmytro-yevs	dmytro-yevs
30614774829	1	completed	cancelled	push	v2-main	83b2d37d81d6c2b1a9725babae1b6cc72bd1aad6	2026-07-31T08:00:29Z	2026-07-31T08:00:29Z	2026-07-31T08:03:24Z	https://github.com/dmytro-yevs/copypaste/actions/runs/30614774829	.github/workflows/ci.yml	CI	282057606	Upload what an import brought in	dmytro-yevs	dmytro-yevs
30614774843	1	completed	cancelled	push	v2-main	83b2d37d81d6c2b1a9725babae1b6cc72bd1aad6	2026-07-31T08:00:29Z	2026-07-31T08:00:29Z	2026-07-31T08:03:22Z	https://github.com/dmytro-yevs/copypaste/actions/runs/30614774843	.github/workflows/e2e.yml	E2E (real WebView)	324021896	Upload what an import brought in	dmytro-yevs	dmytro-yevs
30614931884	1	completed	success	push	main	887c736c4e16369896d987bec140123bb7bb39da	2026-07-31T08:03:05Z	2026-07-31T08:03:05Z	2026-07-31T08:04:05Z	https://github.com/dmytro-yevs/copypaste/actions/runs/30614931884	.github/workflows/supply-chain.yml	Supply chain	323997017	Derive the comment baseline from HEAD, not the working tree	dmytro-yevs	dmytro-yevs
30614931912	1	completed	success	push	main	887c736c4e16369896d987bec140123bb7bb39da	2026-07-31T08:03:05Z	2026-07-31T08:03:05Z	2026-07-31T08:05:51Z	https://github.com/dmytro-yevs/copypaste/actions/runs/30614931912	.github/workflows/ci.yml	CI	282057606	Derive the comment baseline from HEAD, not the working tree	dmytro-yevs	dmytro-yevs
30614931942	1	completed	cancelled	push	main	887c736c4e16369896d987bec140123bb7bb39da	2026-07-31T08:03:05Z	2026-07-31T08:03:05Z	2026-07-31T08:09:40Z	https://github.com/dmytro-yevs/copypaste/actions/runs/30614931942	.github/workflows/e2e.yml	E2E (real WebView)	324021896	Derive the comment baseline from HEAD, not the working tree	dmytro-yevs	dmytro-yevs
30614933432	1	completed	cancelled	push	v2-main	887c736c4e16369896d987bec140123bb7bb39da	2026-07-31T08:03:07Z	2026-07-31T08:03:07Z	2026-07-31T08:09:28Z	https://github.com/dmytro-yevs/copypaste/actions/runs/30614933432	.github/workflows/e2e.yml	E2E (real WebView)	324021896	Derive the comment baseline from HEAD, not the working tree	dmytro-yevs	dmytro-yevs
30614933462	1	completed	success	push	v2-main	887c736c4e16369896d987bec140123bb7bb39da	2026-07-31T08:03:07Z	2026-07-31T08:03:07Z	2026-07-31T08:04:11Z	https://github.com/dmytro-yevs/copypaste/actions/runs/30614933462	.github/workflows/supply-chain.yml	Supply chain	323997017	Derive the comment baseline from HEAD, not the working tree	dmytro-yevs	dmytro-yevs
30614933885	1	completed	success	push	v2-main	887c736c4e16369896d987bec140123bb7bb39da	2026-07-31T08:03:07Z	2026-07-31T08:03:07Z	2026-07-31T08:07:06Z	https://github.com/dmytro-yevs/copypaste/actions/runs/30614933885	.github/workflows/ci.yml	CI	282057606	Derive the comment baseline from HEAD, not the working tree	dmytro-yevs	dmytro-yevs
30615308568	1	completed	success	push	main	1d30637f775f9c8d1aa986af0e06fc978c74fa7b	2026-07-31T08:09:23Z	2026-07-31T08:09:23Z	2026-07-31T08:10:28Z	https://github.com/dmytro-yevs/copypaste/actions/runs/30615308568	.github/workflows/supply-chain.yml	Supply chain	323997017	Say what each paired device is actually doing	dmytro-yevs	dmytro-yevs
30615308613	1	completed	failure	push	main	1d30637f775f9c8d1aa986af0e06fc978c74fa7b	2026-07-31T08:09:23Z	2026-07-31T08:09:23Z	2026-07-31T08:13:02Z	https://github.com/dmytro-yevs/copypaste/actions/runs/30615308613	.github/workflows/e2e.yml	E2E (real WebView)	324021896	Say what each paired device is actually doing	dmytro-yevs	dmytro-yevs
30615308615	1	completed	failure	push	main	1d30637f775f9c8d1aa986af0e06fc978c74fa7b	2026-07-31T08:09:23Z	2026-07-31T08:09:23Z	2026-07-31T08:10:48Z	https://github.com/dmytro-yevs/copypaste/actions/runs/30615308615	.github/workflows/ci.yml	CI	282057606	Say what each paired device is actually doing	dmytro-yevs	dmytro-yevs
30615309267	1	completed	failure	push	v2-main	1d30637f775f9c8d1aa986af0e06fc978c74fa7b	2026-07-31T08:09:23Z	2026-07-31T08:09:23Z	2026-07-31T08:11:11Z	https://github.com/dmytro-yevs/copypaste/actions/runs/30615309267	.github/workflows/ci.yml	CI	282057606	Say what each paired device is actually doing	dmytro-yevs	dmytro-yevs
30615309289	1	completed	failure	push	v2-main	1d30637f775f9c8d1aa986af0e06fc978c74fa7b	2026-07-31T08:09:23Z	2026-07-31T08:09:23Z	2026-07-31T08:12:39Z	https://github.com/dmytro-yevs/copypaste/actions/runs/30615309289	.github/workflows/e2e.yml	E2E (real WebView)	324021896	Say what each paired device is actually doing	dmytro-yevs	dmytro-yevs
30615309297	1	completed	success	push	v2-main	1d30637f775f9c8d1aa986af0e06fc978c74fa7b	2026-07-31T08:09:23Z	2026-07-31T08:09:23Z	2026-07-31T08:10:23Z	https://github.com/dmytro-yevs/copypaste/actions/runs/30615309297	.github/workflows/supply-chain.yml	Supply chain	323997017	Say what each paired device is actually doing	dmytro-yevs	dmytro-yevs
30615980663	1	completed	failure	push	main	9e497cb8a887b56890eb66c337a3d547d062b462	2026-07-31T08:20:57Z	2026-07-31T08:20:57Z	2026-07-31T08:26:50Z	https://github.com/dmytro-yevs/copypaste/actions/runs/30615980663	.github/workflows/e2e.yml	E2E (real WebView)	324021896	Wire the cursor and the counters through the daemon	dmytro-yevs	dmytro-yevs
30615980675	1	completed	success	push	main	9e497cb8a887b56890eb66c337a3d547d062b462	2026-07-31T08:20:57Z	2026-07-31T08:20:57Z	2026-07-31T08:22:02Z	https://github.com/dmytro-yevs/copypaste/actions/runs/30615980675	.github/workflows/supply-chain.yml	Supply chain	323997017	Wire the cursor and the counters through the daemon	dmytro-yevs	dmytro-yevs
30615980742	1	completed	success	push	main	9e497cb8a887b56890eb66c337a3d547d062b462	2026-07-31T08:20:57Z	2026-07-31T08:20:57Z	2026-07-31T08:23:43Z	https://github.com/dmytro-yevs/copypaste/actions/runs/30615980742	.github/workflows/ci.yml	CI	282057606	Wire the cursor and the counters through the daemon	dmytro-yevs	dmytro-yevs
30615981270	1	completed	success	push	v2-main	9e497cb8a887b56890eb66c337a3d547d062b462	2026-07-31T08:20:58Z	2026-07-31T08:20:58Z	2026-07-31T08:25:05Z	https://github.com/dmytro-yevs/copypaste/actions/runs/30615981270	.github/workflows/ci.yml	CI	282057606	Wire the cursor and the counters through the daemon	dmytro-yevs	dmytro-yevs
30615981271	1	completed	failure	push	v2-main	9e497cb8a887b56890eb66c337a3d547d062b462	2026-07-31T08:20:58Z	2026-07-31T08:20:58Z	2026-07-31T08:24:23Z	https://github.com/dmytro-yevs/copypaste/actions/runs/30615981271	.github/workflows/supply-chain.yml	Supply chain	323997017	Wire the cursor and the counters through the daemon	dmytro-yevs	dmytro-yevs
30615981272	1	completed	failure	push	v2-main	9e497cb8a887b56890eb66c337a3d547d062b462	2026-07-31T08:20:58Z	2026-07-31T08:20:58Z	2026-07-31T08:26:38Z	https://github.com/dmytro-yevs/copypaste/actions/runs/30615981272	.github/workflows/e2e.yml	E2E (real WebView)	324021896	Wire the cursor and the counters through the daemon	dmytro-yevs	dmytro-yevs
30630416359	1	completed	cancelled	push	main	6e4d5df2183dbaa057d4a11e602d154ebde44bea	2026-07-31T12:23:13Z	2026-07-31T12:23:13Z	2026-07-31T12:25:56Z	https://github.com/dmytro-yevs/copypaste/actions/runs/30630416359	.github/workflows/ci.yml	CI	282057606	Record which hardcoded values are decisions	dmytro-yevs	dmytro-yevs
30630416953	1	completed	success	push	main	6e4d5df2183dbaa057d4a11e602d154ebde44bea	2026-07-31T12:23:13Z	2026-07-31T12:23:13Z	2026-07-31T12:24:05Z	https://github.com/dmytro-yevs/copypaste/actions/runs/30630416953	.github/workflows/supply-chain.yml	Supply chain	323997017	Record which hardcoded values are decisions	dmytro-yevs	dmytro-yevs
30630416954	1	completed	cancelled	push	main	6e4d5df2183dbaa057d4a11e602d154ebde44bea	2026-07-31T12:23:13Z	2026-07-31T12:23:13Z	2026-07-31T12:26:09Z	https://github.com/dmytro-yevs/copypaste/actions/runs/30630416954	.github/workflows/e2e.yml	E2E (real WebView)	324021896	Record which hardcoded values are decisions	dmytro-yevs	dmytro-yevs
30630582697	1	completed	cancelled	push	main	2b8864dbe04e7b445518932253fbe9705023d96e	2026-07-31T12:25:53Z	2026-07-31T12:25:53Z	2026-07-31T12:26:44Z	https://github.com/dmytro-yevs/copypaste/actions/runs/30630582697	.github/workflows/supply-chain.yml	Supply chain	323997017	Run the Android app on an emulator in CI	dmytro-yevs	dmytro-yevs
30630582734	1	completed	cancelled	push	main	2b8864dbe04e7b445518932253fbe9705023d96e	2026-07-31T12:25:53Z	2026-07-31T12:25:53Z	2026-07-31T12:26:49Z	https://github.com/dmytro-yevs/copypaste/actions/runs/30630582734	.github/workflows/e2e.yml	E2E (real WebView)	324021896	Run the Android app on an emulator in CI	dmytro-yevs	dmytro-yevs
30630583569	1	completed	cancelled	push	main	2b8864dbe04e7b445518932253fbe9705023d96e	2026-07-31T12:25:53Z	2026-07-31T12:25:53Z	2026-07-31T12:26:50Z	https://github.com/dmytro-yevs/copypaste/actions/runs/30630583569	.github/workflows/ci.yml	CI	282057606	Run the Android app on an emulator in CI	dmytro-yevs	dmytro-yevs
30630624617	1	completed	success	push	main	146d31880490bceb396a06ebc410bdab5947707c	2026-07-31T12:26:34Z	2026-07-31T12:26:34Z	2026-07-31T12:29:45Z	https://github.com/dmytro-yevs/copypaste/actions/runs/30630624617	.github/workflows/ci.yml	CI	282057606	Cut the prose the checks now enforce	dmytro-yevs	dmytro-yevs
30630624634	1	completed	failure	push	main	146d31880490bceb396a06ebc410bdab5947707c	2026-07-31T12:26:34Z	2026-07-31T12:26:34Z	2026-07-31T12:32:21Z	https://github.com/dmytro-yevs/copypaste/actions/runs/30630624634	.github/workflows/e2e.yml	E2E (real WebView)	324021896	Cut the prose the checks now enforce	dmytro-yevs	dmytro-yevs
30630624649	1	completed	success	push	main	146d31880490bceb396a06ebc410bdab5947707c	2026-07-31T12:26:34Z	2026-07-31T12:26:34Z	2026-07-31T12:27:36Z	https://github.com/dmytro-yevs/copypaste/actions/runs/30630624649	.github/workflows/supply-chain.yml	Supply chain	323997017	Cut the prose the checks now enforce	dmytro-yevs	dmytro-yevs
30630631319	1	completed	failure	workflow_dispatch	main	146d31880490bceb396a06ebc410bdab5947707c	2026-07-31T12:26:41Z	2026-07-31T12:26:41Z	2026-07-31T12:37:03Z	https://github.com/dmytro-yevs/copypaste/actions/runs/30630631319	.github/workflows/android-emulator.yml	Android emulator	324448484	Android emulator	dmytro-yevs	dmytro-yevs
30631054157	1	completed	failure	push	main	be22da8c94cb7fa87612ddca0892b9a1209c6789	2026-07-31T12:33:27Z	2026-07-31T12:33:27Z	2026-07-31T12:38:46Z	https://github.com/dmytro-yevs/copypaste/actions/runs/30631054157	.github/workflows/e2e.yml	E2E (real WebView)	324021896	Measure which modules are too broad, by consumer partition	dmytro-yevs	dmytro-yevs
30631054161	1	completed	failure	push	main	be22da8c94cb7fa87612ddca0892b9a1209c6789	2026-07-31T12:33:27Z	2026-07-31T12:33:27Z	2026-07-31T12:36:00Z	https://github.com/dmytro-yevs/copypaste/actions/runs/30631054161	.github/workflows/ci.yml	CI	282057606	Measure which modules are too broad, by consumer partition	dmytro-yevs	dmytro-yevs
30631054212	1	completed	success	push	main	be22da8c94cb7fa87612ddca0892b9a1209c6789	2026-07-31T12:33:27Z	2026-07-31T12:33:27Z	2026-07-31T12:36:15Z	https://github.com/dmytro-yevs/copypaste/actions/runs/30631054212	.github/workflows/supply-chain.yml	Supply chain	323997017	Measure which modules are too broad, by consumer partition	dmytro-yevs	dmytro-yevs
30631631651	1	completed	cancelled	push	main	e4f9d4f993ad8455193bfeee3c88e8359c0056a4	2026-07-31T12:42:58Z	2026-07-31T12:42:58Z	2026-07-31T12:46:02Z	https://github.com/dmytro-yevs/copypaste/actions/runs/30631631651	.github/workflows/e2e.yml	E2E (real WebView)	324021896	Keep the history out of screenshots and recents	dmytro-yevs	dmytro-yevs
30631631739	1	completed	cancelled	push	main	e4f9d4f993ad8455193bfeee3c88e8359c0056a4	2026-07-31T12:42:59Z	2026-07-31T12:42:59Z	2026-07-31T12:46:00Z	https://github.com/dmytro-yevs/copypaste/actions/runs/30631631739	.github/workflows/ci.yml	CI	282057606	Keep the history out of screenshots and recents	dmytro-yevs	dmytro-yevs
30631631892	1	completed	cancelled	push	main	e4f9d4f993ad8455193bfeee3c88e8359c0056a4	2026-07-31T12:42:59Z	2026-07-31T12:42:59Z	2026-07-31T12:45:47Z	https://github.com/dmytro-yevs/copypaste/actions/runs/30631631892	.github/workflows/supply-chain.yml	Supply chain	323997017	Keep the history out of screenshots and recents	dmytro-yevs	dmytro-yevs
30631805446	1	completed	failure	push	main	4ac73ca4d51d18f271b8336e11de6ebb55519dac	2026-07-31T12:45:42Z	2026-07-31T12:45:42Z	2026-07-31T12:49:00Z	https://github.com/dmytro-yevs/copypaste/actions/runs/30631805446	.github/workflows/ci.yml	CI	282057606	Stop reading Android's own Keystore chatter as our failure	dmytro-yevs	dmytro-yevs
30631805447	1	completed	success	push	main	4ac73ca4d51d18f271b8336e11de6ebb55519dac	2026-07-31T12:45:42Z	2026-07-31T12:45:42Z	2026-07-31T12:46:49Z	https://github.com/dmytro-yevs/copypaste/actions/runs/30631805447	.github/workflows/supply-chain.yml	Supply chain	323997017	Stop reading Android's own Keystore chatter as our failure	dmytro-yevs	dmytro-yevs
30631805462	1	completed	failure	push	main	4ac73ca4d51d18f271b8336e11de6ebb55519dac	2026-07-31T12:45:43Z	2026-07-31T12:45:43Z	2026-07-31T12:51:17Z	https://github.com/dmytro-yevs/copypaste/actions/runs/30631805462	.github/workflows/e2e.yml	E2E (real WebView)	324021896	Stop reading Android's own Keystore chatter as our failure	dmytro-yevs	dmytro-yevs
30632301365	1	completed	success	workflow_dispatch	wip/android-maps-evidence	30cc24abc527d38073d7201ee90317419acc872b	2026-07-31T12:53:28Z	2026-07-31T12:53:28Z	2026-07-31T13:01:19Z	https://github.com/dmytro-yevs/copypaste/actions/runs/30632301365	.github/workflows/android-emulator.yml	Android emulator	324448484	Android emulator	dmytro-yevs	dmytro-yevs
30632552145	1	completed	success	push	main	0ae91035f9754983886b9a02dcb3997d5a3214e9	2026-07-31T12:57:21Z	2026-07-31T12:57:21Z	2026-07-31T12:58:31Z	https://github.com/dmytro-yevs/copypaste/actions/runs/30632552145	.github/workflows/supply-chain.yml	Supply chain	323997017	Print what the macOS tests said before deciding on it	dmytro-yevs	dmytro-yevs
30632552206	1	completed	failure	push	main	0ae91035f9754983886b9a02dcb3997d5a3214e9	2026-07-31T12:57:21Z	2026-07-31T12:57:21Z	2026-07-31T13:02:53Z	https://github.com/dmytro-yevs/copypaste/actions/runs/30632552206	.github/workflows/e2e.yml	E2E (real WebView)	324021896	Print what the macOS tests said before deciding on it	dmytro-yevs	dmytro-yevs
30632553103	1	completed	failure	push	main	0ae91035f9754983886b9a02dcb3997d5a3214e9	2026-07-31T12:57:22Z	2026-07-31T12:57:22Z	2026-07-31T12:59:59Z	https://github.com/dmytro-yevs/copypaste/actions/runs/30632553103	.github/workflows/ci.yml	CI	282057606	Print what the macOS tests said before deciding on it	dmytro-yevs	dmytro-yevs
30633190095	1	completed	failure	push	main	c7463d0d4e4163075496d28584baa84bf1b3b7b6	2026-07-31T13:07:09Z	2026-07-31T13:07:09Z	2026-07-31T13:12:21Z	https://github.com/dmytro-yevs/copypaste/actions/runs/30633190095	.github/workflows/e2e.yml	E2E (real WebView)	324021896	Record what two emulator runs settled	dmytro-yevs	dmytro-yevs
30633190441	1	completed	failure	push	main	c7463d0d4e4163075496d28584baa84bf1b3b7b6	2026-07-31T13:07:09Z	2026-07-31T13:07:09Z	2026-07-31T13:10:51Z	https://github.com/dmytro-yevs/copypaste/actions/runs/30633190441	.github/workflows/ci.yml	CI	282057606	Record what two emulator runs settled	dmytro-yevs	dmytro-yevs
30633190736	1	completed	success	push	main	c7463d0d4e4163075496d28584baa84bf1b3b7b6	2026-07-31T13:07:09Z	2026-07-31T13:07:09Z	2026-07-31T13:08:03Z	https://github.com/dmytro-yevs/copypaste/actions/runs/30633190736	.github/workflows/supply-chain.yml	Supply chain	323997017	Record what two emulator runs settled	dmytro-yevs	dmytro-yevs
30633559555	1	completed	success	workflow_dispatch	wip/webview-paint	c0b05a6aeaa5e19ce836a3f761bdea14ebfd4e6d	2026-07-31T13:12:56Z	2026-07-31T13:12:56Z	2026-07-31T13:21:12Z	https://github.com/dmytro-yevs/copypaste/actions/runs/30633559555	.github/workflows/android-emulator.yml	Android emulator	324448484	Android emulator	dmytro-yevs	dmytro-yevs
30634006847	1	completed	success	push	main	b13e4af8df47c4a8ba6efaf7be3f1d7ba76e4a44	2026-07-31T13:19:44Z	2026-07-31T13:19:44Z	2026-07-31T13:20:51Z	https://github.com/dmytro-yevs/copypaste/actions/runs/30634006847	.github/workflows/supply-chain.yml	Supply chain	323997017	Arm the self-write sentinel from the count the write lands in	dmytro-yevs	dmytro-yevs
30634006851	1	completed	failure	push	main	b13e4af8df47c4a8ba6efaf7be3f1d7ba76e4a44	2026-07-31T13:19:44Z	2026-07-31T13:19:44Z	2026-07-31T13:25:05Z	https://github.com/dmytro-yevs/copypaste/actions/runs/30634006851	.github/workflows/e2e.yml	E2E (real WebView)	324021896	Arm the self-write sentinel from the count the write lands in	dmytro-yevs	dmytro-yevs
30634006893	1	completed	success	push	main	b13e4af8df47c4a8ba6efaf7be3f1d7ba76e4a44	2026-07-31T13:19:44Z	2026-07-31T13:19:44Z	2026-07-31T13:22:40Z	https://github.com/dmytro-yevs/copypaste/actions/runs/30634006893	.github/workflows/ci.yml	CI	282057606	Arm the self-write sentinel from the count the write lands in	dmytro-yevs	dmytro-yevs
30634255622	1	completed	success	workflow_dispatch	wip/webview-paint	40ee92bcf30257b8a6e8bbf76ba9cae06f44c219	2026-07-31T13:23:29Z	2026-07-31T13:23:29Z	2026-07-31T13:31:55Z	https://github.com/dmytro-yevs/copypaste/actions/runs/30634255622	.github/workflows/android-emulator.yml	Android emulator	324448484	Android emulator	dmytro-yevs	dmytro-yevs
30635017419	1	completed	success	push	main	1541b5c537657d5188823972a50bb951dffa8477	2026-07-31T13:34:44Z	2026-07-31T13:34:44Z	2026-07-31T13:35:38Z	https://github.com/dmytro-yevs/copypaste/actions/runs/30635017419	.github/workflows/supply-chain.yml	Supply chain	323997017	Record that the UI paint is asserted, and how late it is	dmytro-yevs	dmytro-yevs
30635017423	1	completed	failure	push	main	1541b5c537657d5188823972a50bb951dffa8477	2026-07-31T13:34:44Z	2026-07-31T13:34:44Z	2026-07-31T13:40:45Z	https://github.com/dmytro-yevs/copypaste/actions/runs/30635017423	.github/workflows/e2e.yml	E2E (real WebView)	324021896	Record that the UI paint is asserted, and how late it is	dmytro-yevs	dmytro-yevs
30635017470	1	completed	success	push	main	1541b5c537657d5188823972a50bb951dffa8477	2026-07-31T13:34:44Z	2026-07-31T13:34:44Z	2026-07-31T13:37:56Z	https://github.com/dmytro-yevs/copypaste/actions/runs/30635017470	.github/workflows/ci.yml	CI	282057606	Record that the UI paint is asserted, and how late it is	dmytro-yevs	dmytro-yevs
30635580925	1	completed	success	workflow_dispatch	wip/release-apk-leg	9d04c901f7f5b472f016d57bd0d090553fc5d0a3	2026-07-31T13:43:04Z	2026-07-31T13:43:04Z	2026-07-31T13:56:06Z	https://github.com/dmytro-yevs/copypaste/actions/runs/30635580925	.github/workflows/android-emulator.yml	Android emulator	324448484	Android emulator	dmytro-yevs	dmytro-yevs
30636692984	1	completed	success	push	main	48445858843eb8f79334b348feb027602d6c3bf5	2026-07-31T13:59:22Z	2026-07-31T13:59:22Z	2026-07-31T14:02:15Z	https://github.com/dmytro-yevs/copypaste/actions/runs/30636692984	.github/workflows/ci.yml	CI	282057606	Print why /proc/maps was refused, not how many lines it was not	dmytro-yevs	dmytro-yevs
30636693883	1	completed	failure	push	main	48445858843eb8f79334b348feb027602d6c3bf5	2026-07-31T13:59:23Z	2026-07-31T13:59:23Z	2026-07-31T14:04:33Z	https://github.com/dmytro-yevs/copypaste/actions/runs/30636693883	.github/workflows/e2e.yml	E2E (real WebView)	324021896	Print why /proc/maps was refused, not how many lines it was not	dmytro-yevs	dmytro-yevs
30636694606	1	completed	success	push	main	48445858843eb8f79334b348feb027602d6c3bf5	2026-07-31T13:59:24Z	2026-07-31T13:59:24Z	2026-07-31T14:00:29Z	https://github.com/dmytro-yevs/copypaste/actions/runs/30636694606	.github/workflows/supply-chain.yml	Supply chain	323997017	Print why /proc/maps was refused, not how many lines it was not	dmytro-yevs	dmytro-yevs
30637490426	1	completed	failure	push	main	314de2cfb15adf61d66341968f5a62d66fad4689	2026-07-31T14:10:34Z	2026-07-31T14:10:34Z	2026-07-31T14:16:36Z	https://github.com/dmytro-yevs/copypaste/actions/runs/30637490426	.github/workflows/e2e.yml	E2E (real WebView)	324021896	Measure what the always-running parts cost	dmytro-yevs	dmytro-yevs
30637490438	1	completed	success	push	main	314de2cfb15adf61d66341968f5a62d66fad4689	2026-07-31T14:10:34Z	2026-07-31T14:10:34Z	2026-07-31T14:14:46Z	https://github.com/dmytro-yevs/copypaste/actions/runs/30637490438	.github/workflows/ci.yml	CI	282057606	Measure what the always-running parts cost	dmytro-yevs	dmytro-yevs
30637490512	1	completed	success	push	main	314de2cfb15adf61d66341968f5a62d66fad4689	2026-07-31T14:10:34Z	2026-07-31T14:10:34Z	2026-07-31T14:11:33Z	https://github.com/dmytro-yevs/copypaste/actions/runs/30637490512	.github/workflows/supply-chain.yml	Supply chain	323997017	Measure what the always-running parts cost	dmytro-yevs	dmytro-yevs
30639543743	1	completed	success	push	main	a4bf1ceabcb9c7b71ac1c56dafc7e54110cd42bc	2026-07-31T14:39:44Z	2026-07-31T14:39:44Z	2026-07-31T14:42:33Z	https://github.com/dmytro-yevs/copypaste/actions/runs/30639543743	.github/workflows/ci.yml	CI	282057606	Follow the settings and devices screens the e2e suite stopped tracking	dmytro-yevs	dmytro-yevs
30639543875	1	completed	success	push	main	a4bf1ceabcb9c7b71ac1c56dafc7e54110cd42bc	2026-07-31T14:39:44Z	2026-07-31T14:39:44Z	2026-07-31T14:40:40Z	https://github.com/dmytro-yevs/copypaste/actions/runs/30639543875	.github/workflows/supply-chain.yml	Supply chain	323997017	Follow the settings and devices screens the e2e suite stopped tracking	dmytro-yevs	dmytro-yevs
30639544508	1	completed	success	push	main	a4bf1ceabcb9c7b71ac1c56dafc7e54110cd42bc	2026-07-31T14:39:44Z	2026-07-31T14:39:44Z	2026-07-31T14:44:48Z	https://github.com/dmytro-yevs/copypaste/actions/runs/30639544508	.github/workflows/e2e.yml	E2E (real WebView)	324021896	Follow the settings and devices screens the e2e suite stopped tracking	dmytro-yevs	dmytro-yevs
30651405849	1	completed	failure	push	main	978d7bb122a38c498209f5c0d5b523e6ebe95d1f	2026-07-31T17:30:08Z	2026-07-31T17:30:08Z	2026-07-31T17:33:00Z	https://github.com/dmytro-yevs/copypaste/actions/runs/30651405849	.github/workflows/ci.yml	CI	282057606	Fail the build when a restated constant drifts	dmytro-yevs	dmytro-yevs
30651409711	1	completed	success	push	main	978d7bb122a38c498209f5c0d5b523e6ebe95d1f	2026-07-31T17:30:11Z	2026-07-31T17:30:11Z	2026-07-31T17:35:10Z	https://github.com/dmytro-yevs/copypaste/actions/runs/30651409711	.github/workflows/e2e.yml	E2E (real WebView)	324021896	Fail the build when a restated constant drifts	dmytro-yevs	dmytro-yevs
30651409763	1	completed	success	push	main	978d7bb122a38c498209f5c0d5b523e6ebe95d1f	2026-07-31T17:30:11Z	2026-07-31T17:30:11Z	2026-07-31T17:31:21Z	https://github.com/dmytro-yevs/copypaste/actions/runs/30651409763	.github/workflows/supply-chain.yml	Supply chain	323997017	Fail the build when a restated constant drifts	dmytro-yevs	dmytro-yevs
30652521692	1	completed	failure	push	main	07bcb8963bf8cedbb746130829835b7dcea83bdf	2026-07-31T17:47:03Z	2026-07-31T17:47:03Z	2026-07-31T17:50:06Z	https://github.com/dmytro-yevs/copypaste/actions/runs/30652521692	.github/workflows/ci.yml	CI	282057606	Stop paying six thread wakeups for a clipboard nobody touched	dmytro-yevs	dmytro-yevs
30652521772	1	completed	success	push	main	07bcb8963bf8cedbb746130829835b7dcea83bdf	2026-07-31T17:47:03Z	2026-07-31T17:47:03Z	2026-07-31T17:52:05Z	https://github.com/dmytro-yevs/copypaste/actions/runs/30652521772	.github/workflows/e2e.yml	E2E (real WebView)	324021896	Stop paying six thread wakeups for a clipboard nobody touched	dmytro-yevs	dmytro-yevs
30652521804	1	completed	success	push	main	07bcb8963bf8cedbb746130829835b7dcea83bdf	2026-07-31T17:47:03Z	2026-07-31T17:47:03Z	2026-07-31T17:48:04Z	https://github.com/dmytro-yevs/copypaste/actions/runs/30652521804	.github/workflows/supply-chain.yml	Supply chain	323997017	Stop paying six thread wakeups for a clipboard nobody touched	dmytro-yevs	dmytro-yevs
30656404927	1	completed	success	push	main	ffcea739ad3d9343f32e45f90535414427188986	2026-07-31T18:45:07Z	2026-07-31T18:45:07Z	2026-07-31T18:50:58Z	https://github.com/dmytro-yevs/copypaste/actions/runs/30656404927	.github/workflows/browser-webkitgtk.yml	Browser (WebKitGTK, Linux)	324698700	Cut the frontend's commentary back to what it records	dmytro-yevs	dmytro-yevs
30656404963	1	completed	failure	push	main	ffcea739ad3d9343f32e45f90535414427188986	2026-07-31T18:45:07Z	2026-07-31T18:45:07Z	2026-07-31T18:52:08Z	https://github.com/dmytro-yevs/copypaste/actions/runs/30656404963	.github/workflows/ci.yml	CI	282057606	Cut the frontend's commentary back to what it records	dmytro-yevs	dmytro-yevs
30656405284	1	completed	cancelled	push	main	ffcea739ad3d9343f32e45f90535414427188986	2026-07-31T18:45:07Z	2026-07-31T18:45:07Z	2026-07-31T18:56:19Z	https://github.com/dmytro-yevs/copypaste/actions/runs/30656405284	.github/workflows/android-emulator.yml	Android emulator	324448484	Cut the frontend's commentary back to what it records	dmytro-yevs	dmytro-yevs
30656405516	1	completed	success	push	main	ffcea739ad3d9343f32e45f90535414427188986	2026-07-31T18:45:08Z	2026-07-31T18:45:08Z	2026-07-31T18:46:03Z	https://github.com/dmytro-yevs/copypaste/actions/runs/30656405516	.github/workflows/supply-chain.yml	Supply chain	323997017	Cut the frontend's commentary back to what it records	dmytro-yevs	dmytro-yevs
30657144371	1	completed	success	push	main	167d4021c26985b0ba0a34cd0c14debb7a3c3279	2026-07-31T18:56:14Z	2026-07-31T18:56:14Z	2026-07-31T19:02:15Z	https://github.com/dmytro-yevs/copypaste/actions/runs/30657144371	.github/workflows/ci.yml	CI	282057606	Drop the imports the shared page bounds left behind	dmytro-yevs	dmytro-yevs
30657144396	1	completed	success	push	main	167d4021c26985b0ba0a34cd0c14debb7a3c3279	2026-07-31T18:56:14Z	2026-07-31T18:56:14Z	2026-07-31T19:06:23Z	https://github.com/dmytro-yevs/copypaste/actions/runs/30657144396	.github/workflows/android-emulator.yml	Android emulator	324448484	Drop the imports the shared page bounds left behind	dmytro-yevs	dmytro-yevs
30657144405	1	completed	success	push	main	167d4021c26985b0ba0a34cd0c14debb7a3c3279	2026-07-31T18:56:14Z	2026-07-31T18:56:14Z	2026-07-31T19:01:50Z	https://github.com/dmytro-yevs/copypaste/actions/runs/30657144405	.github/workflows/browser-webkitgtk.yml	Browser (WebKitGTK, Linux)	324698700	Drop the imports the shared page bounds left behind	dmytro-yevs	dmytro-yevs
30657144410	1	completed	success	push	main	167d4021c26985b0ba0a34cd0c14debb7a3c3279	2026-07-31T18:56:14Z	2026-07-31T18:56:14Z	2026-07-31T18:57:25Z	https://github.com/dmytro-yevs/copypaste/actions/runs/30657144410	.github/workflows/supply-chain.yml	Supply chain	323997017	Drop the imports the shared page bounds left behind	dmytro-yevs	dmytro-yevs
30658410837	1	completed	success	push	v2.0.0-alpha.1	167d4021c26985b0ba0a34cd0c14debb7a3c3279	2026-07-31T19:15:37Z	2026-07-31T19:15:37Z	2026-07-31T19:37:46Z	https://github.com/dmytro-yevs/copypaste/actions/runs/30658410837	.github/workflows/release.yml	Release	282057609	Drop the imports the shared page bounds left behind	dmytro-yevs	dmytro-yevs
30688166417	1	completed	success	schedule	main	167d4021c26985b0ba0a34cd0c14debb7a3c3279	2026-08-01T06:39:48Z	2026-08-01T06:39:48Z	2026-08-01T06:50:07Z	https://github.com/dmytro-yevs/copypaste/actions/runs/30688166417	.github/workflows/android-emulator.yml	Android emulator	324448484	Android emulator	dmytro-yevs	dmytro-yevs
30705123573	1	completed	failure	push	main	ce3213f73a9d9d33889226fa75088f815cf79354	2026-08-01T15:04:40Z	2026-08-01T15:04:40Z	2026-08-01T15:07:53Z	https://github.com/dmytro-yevs/copypaste/actions/runs/30705123573	.github/workflows/ci.yml	CI	282057606	Bump release version to 2.0.0-alpha.2	dmytro-yevs	dmytro-yevs
30705123574	1	completed	failure	push	main	ce3213f73a9d9d33889226fa75088f815cf79354	2026-08-01T15:04:40Z	2026-08-01T15:04:40Z	2026-08-01T15:06:27Z	https://github.com/dmytro-yevs/copypaste/actions/runs/30705123574	.github/workflows/android-emulator.yml	Android emulator	324448484	Bump release version to 2.0.0-alpha.2	dmytro-yevs	dmytro-yevs
30705123583	1	completed	failure	push	main	ce3213f73a9d9d33889226fa75088f815cf79354	2026-08-01T15:04:40Z	2026-08-01T15:04:40Z	2026-08-01T15:09:32Z	https://github.com/dmytro-yevs/copypaste/actions/runs/30705123583	.github/workflows/browser-webkitgtk.yml	Browser (WebKitGTK, Linux)	324698700	Bump release version to 2.0.0-alpha.2	dmytro-yevs	dmytro-yevs
30705123585	1	completed	success	push	main	ce3213f73a9d9d33889226fa75088f815cf79354	2026-08-01T15:04:40Z	2026-08-01T15:04:40Z	2026-08-01T15:05:34Z	https://github.com/dmytro-yevs/copypaste/actions/runs/30705123585	.github/workflows/supply-chain.yml	Supply chain	323997017	Bump release version to 2.0.0-alpha.2	dmytro-yevs	dmytro-yevs
30705419068	1	completed	failure	push	main	0e898d4ae49b9f46e6a2624b128aec385d2f092b	2026-08-01T15:12:52Z	2026-08-01T15:12:52Z	2026-08-01T15:16:13Z	https://github.com/dmytro-yevs/copypaste/actions/runs/30705419068	.github/workflows/supply-chain.yml	Supply chain	323997017	Fix Android UI target compilation	dmytro-yevs	dmytro-yevs
30705419072	1	completed	failure	push	main	0e898d4ae49b9f46e6a2624b128aec385d2f092b	2026-08-01T15:12:52Z	2026-08-01T15:12:52Z	2026-08-01T15:14:32Z	https://github.com/dmytro-yevs/copypaste/actions/runs/30705419072	.github/workflows/android-emulator.yml	Android emulator	324448484	Fix Android UI target compilation	dmytro-yevs	dmytro-yevs
30705419086	1	completed	cancelled	push	main	0e898d4ae49b9f46e6a2624b128aec385d2f092b	2026-08-01T15:12:52Z	2026-08-01T15:12:52Z	2026-08-01T15:16:41Z	https://github.com/dmytro-yevs/copypaste/actions/runs/30705419086	.github/workflows/browser-webkitgtk.yml	Browser (WebKitGTK, Linux)	324698700	Fix Android UI target compilation	dmytro-yevs	dmytro-yevs
30705419089	1	completed	cancelled	push	main	0e898d4ae49b9f46e6a2624b128aec385d2f092b	2026-08-01T15:12:52Z	2026-08-01T15:12:52Z	2026-08-01T15:16:51Z	https://github.com/dmytro-yevs/copypaste/actions/runs/30705419089	.github/workflows/ci.yml	CI	282057606	Fix Android UI target compilation	dmytro-yevs	dmytro-yevs
30705555390	1	completed	cancelled	push	main	e344ecbd1c73f354b0814cc49c8387a906b9f45a	2026-08-01T15:16:33Z	2026-08-01T15:16:33Z	2026-08-01T15:25:08Z	https://github.com/dmytro-yevs/copypaste/actions/runs/30705555390	.github/workflows/browser-webkitgtk.yml	Browser (WebKitGTK, Linux)	324698700	Keep Quick Paste builder off Android	dmytro-yevs	dmytro-yevs
30705555408	1	completed	failure	push	main	e344ecbd1c73f354b0814cc49c8387a906b9f45a	2026-08-01T15:16:33Z	2026-08-01T15:16:33Z	2026-08-01T15:26:42Z	https://github.com/dmytro-yevs/copypaste/actions/runs/30705555408	.github/workflows/android-emulator.yml	Android emulator	324448484	Keep Quick Paste builder off Android	dmytro-yevs	dmytro-yevs
30705555412	1	completed	success	push	main	e344ecbd1c73f354b0814cc49c8387a906b9f45a	2026-08-01T15:16:33Z	2026-08-01T15:16:33Z	2026-08-01T15:17:35Z	https://github.com/dmytro-yevs/copypaste/actions/runs/30705555412	.github/workflows/supply-chain.yml	Supply chain	323997017	Keep Quick Paste builder off Android	dmytro-yevs	dmytro-yevs
30705555415	1	completed	failure	push	main	e344ecbd1c73f354b0814cc49c8387a906b9f45a	2026-08-01T15:16:33Z	2026-08-01T15:16:33Z	2026-08-01T15:22:36Z	https://github.com/dmytro-yevs/copypaste/actions/runs/30705555415	.github/workflows/ci.yml	CI	282057606	Keep Quick Paste builder off Android	dmytro-yevs	dmytro-yevs
30705853909	1	completed	failure	push	main	66dcbf002276e77f7964e1b46ccab53078345a43	2026-08-01T15:24:56Z	2026-08-01T15:24:56Z	2026-08-01T15:31:25Z	https://github.com/dmytro-yevs/copypaste/actions/runs/30705853909	.github/workflows/ci.yml	CI	282057606	Install rustfmt in Rust test jobs	dmytro-yevs	dmytro-yevs
30705853914	1	completed	failure	push	main	66dcbf002276e77f7964e1b46ccab53078345a43	2026-08-01T15:24:56Z	2026-08-01T15:24:56Z	2026-08-01T15:31:36Z	https://github.com/dmytro-yevs/copypaste/actions/runs/30705853914	.github/workflows/browser-webkitgtk.yml	Browser (WebKitGTK, Linux)	324698700	Install rustfmt in Rust test jobs	dmytro-yevs	dmytro-yevs
30705853924	1	completed	success	push	main	66dcbf002276e77f7964e1b46ccab53078345a43	2026-08-01T15:24:56Z	2026-08-01T15:24:56Z	2026-08-01T15:25:53Z	https://github.com/dmytro-yevs/copypaste/actions/runs/30705853924	.github/workflows/supply-chain.yml	Supply chain	323997017	Install rustfmt in Rust test jobs	dmytro-yevs	dmytro-yevs
30705917215	1	completed	failure	workflow_dispatch	main	66dcbf002276e77f7964e1b46ccab53078345a43	2026-08-01T15:26:36Z	2026-08-01T15:26:36Z	2026-08-01T15:36:39Z	https://github.com/dmytro-yevs/copypaste/actions/runs/30705917215	.github/workflows/android-emulator.yml	Android emulator	324448484	Android emulator	dmytro-yevs	dmytro-yevs
30706189929	1	completed	success	push	main	05b25c01683e96373961a2c35ea275113eb380ff	2026-08-01T15:33:52Z	2026-08-01T15:33:52Z	2026-08-01T15:35:02Z	https://github.com/dmytro-yevs/copypaste/actions/runs/30706189929	.github/workflows/supply-chain.yml	Supply chain	323997017	Unwrap typed CLI payloads in E2E tests	dmytro-yevs	dmytro-yevs
30706189932	1	completed	success	push	main	05b25c01683e96373961a2c35ea275113eb380ff	2026-08-01T15:33:52Z	2026-08-01T15:33:52Z	2026-08-01T15:39:37Z	https://github.com/dmytro-yevs/copypaste/actions/runs/30706189932	.github/workflows/browser-webkitgtk.yml	Browser (WebKitGTK, Linux)	324698700	Unwrap typed CLI payloads in E2E tests	dmytro-yevs	dmytro-yevs
30706189934	1	completed	failure	push	main	05b25c01683e96373961a2c35ea275113eb380ff	2026-08-01T15:33:52Z	2026-08-01T15:33:52Z	2026-08-01T15:40:04Z	https://github.com/dmytro-yevs/copypaste/actions/runs/30706189934	.github/workflows/ci.yml	CI	282057606	Unwrap typed CLI payloads in E2E tests	dmytro-yevs	dmytro-yevs
30706788951	1	completed	success	push	main	c364d937a3672f07aad010270d0b3282677ae608	2026-08-01T15:50:00Z	2026-08-01T15:50:00Z	2026-08-01T15:50:56Z	https://github.com/dmytro-yevs/copypaste/actions/runs/30706788951	.github/workflows/supply-chain.yml	Supply chain	323997017	Stabilize tokenless Android dependency audit	dmytro-yevs	dmytro-yevs
30706788969	1	completed	cancelled	push	main	c364d937a3672f07aad010270d0b3282677ae608	2026-08-01T15:50:00Z	2026-08-01T15:50:00Z	2026-08-01T15:55:32Z	https://github.com/dmytro-yevs/copypaste/actions/runs/30706788969	.github/workflows/ci.yml	CI	282057606	Stabilize tokenless Android dependency audit	dmytro-yevs	dmytro-yevs
30706788979	1	completed	cancelled	push	main	c364d937a3672f07aad010270d0b3282677ae608	2026-08-01T15:50:00Z	2026-08-01T15:50:00Z	2026-08-01T15:55:20Z	https://github.com/dmytro-yevs/copypaste/actions/runs/30706788979	.github/workflows/browser-webkitgtk.yml	Browser (WebKitGTK, Linux)	324698700	Stabilize tokenless Android dependency audit	dmytro-yevs	dmytro-yevs
30706789021	1	completed	failure	push	main	c364d937a3672f07aad010270d0b3282677ae608	2026-08-01T15:50:00Z	2026-08-01T15:50:00Z	2026-08-01T16:46:22Z	https://github.com/dmytro-yevs/copypaste/actions/runs/30706789021	.github/workflows/android-emulator.yml	Android emulator	324448484	Stabilize tokenless Android dependency audit	dmytro-yevs	dmytro-yevs
30706981983	1	completed	success	push	main	46d2e3c450ea65d33782814e459b486d1c3c50bd	2026-08-01T15:55:16Z	2026-08-01T15:55:16Z	2026-08-01T15:56:16Z	https://github.com/dmytro-yevs/copypaste/actions/runs/30706981983	.github/workflows/supply-chain.yml	Supply chain	323997017	Make staging cleanup timing test deterministic	dmytro-yevs	dmytro-yevs
30706981984	1	completed	success	push	main	46d2e3c450ea65d33782814e459b486d1c3c50bd	2026-08-01T15:55:16Z	2026-08-01T15:55:16Z	2026-08-01T16:00:36Z	https://github.com/dmytro-yevs/copypaste/actions/runs/30706981984	.github/workflows/browser-webkitgtk.yml	Browser (WebKitGTK, Linux)	324698700	Make staging cleanup timing test deterministic	dmytro-yevs	dmytro-yevs
30706981988	1	completed	failure	push	main	46d2e3c450ea65d33782814e459b486d1c3c50bd	2026-08-01T15:55:16Z	2026-08-01T15:55:16Z	2026-08-01T16:01:46Z	https://github.com/dmytro-yevs/copypaste/actions/runs/30706981988	.github/workflows/ci.yml	CI	282057606	Make staging cleanup timing test deterministic	dmytro-yevs	dmytro-yevs
30707267055	1	completed	success	push	main	836d82bbe61d514c148dd09050dee5d8755f3f39	2026-08-01T16:02:54Z	2026-08-01T16:02:54Z	2026-08-01T16:08:54Z	https://github.com/dmytro-yevs/copypaste/actions/runs/30707267055	.github/workflows/browser-webkitgtk.yml	Browser (WebKitGTK, Linux)	324698700	Update macOS type-check harness dependencies	dmytro-yevs	dmytro-yevs
30707267068	1	completed	success	push	main	836d82bbe61d514c148dd09050dee5d8755f3f39	2026-08-01T16:02:54Z	2026-08-01T16:02:54Z	2026-08-01T16:03:58Z	https://github.com/dmytro-yevs/copypaste/actions/runs/30707267068	.github/workflows/supply-chain.yml	Supply chain	323997017	Update macOS type-check harness dependencies	dmytro-yevs	dmytro-yevs
30707267069	1	completed	success	push	main	836d82bbe61d514c148dd09050dee5d8755f3f39	2026-08-01T16:02:54Z	2026-08-01T16:02:54Z	2026-08-01T16:11:00Z	https://github.com/dmytro-yevs/copypaste/actions/runs/30707267069	.github/workflows/ci.yml	CI	282057606	Update macOS type-check harness dependencies	dmytro-yevs	dmytro-yevs
30707616235	1	completed	success	push	v2.0.0-alpha.2	836d82bbe61d514c148dd09050dee5d8755f3f39	2026-08-01T16:12:21Z	2026-08-01T16:12:21Z	2026-08-01T16:39:15Z	https://github.com/dmytro-yevs/copypaste/actions/runs/30707616235	.github/workflows/release.yml	Release	282057609	Update macOS type-check harness dependencies	dmytro-yevs	dmytro-yevs
30719321863	1	completed	success	push	main	3b8e9170c5f6181b5b0ca685636418a5c61d6f60	2026-08-01T21:31:40Z	2026-08-01T21:31:40Z	2026-08-01T21:32:40Z	https://github.com/dmytro-yevs/copypaste/actions/runs/30719321863	.github/workflows/supply-chain.yml	Supply chain	323997017	Release CopyPaste 2.0.0-alpha.3	dmytro-yevs	dmytro-yevs
30719321881	1	completed	failure	push	main	3b8e9170c5f6181b5b0ca685636418a5c61d6f60	2026-08-01T21:31:40Z	2026-08-01T21:31:40Z	2026-08-01T21:35:22Z	https://github.com/dmytro-yevs/copypaste/actions/runs/30719321881	.github/workflows/android-emulator.yml	Android emulator	324448484	Release CopyPaste 2.0.0-alpha.3	dmytro-yevs	dmytro-yevs
30719321884	1	completed	failure	push	main	3b8e9170c5f6181b5b0ca685636418a5c61d6f60	2026-08-01T21:31:40Z	2026-08-01T21:31:40Z	2026-08-01T21:39:16Z	https://github.com/dmytro-yevs/copypaste/actions/runs/30719321884	.github/workflows/browser-webkitgtk.yml	Browser (WebKitGTK, Linux)	324698700	Release CopyPaste 2.0.0-alpha.3	dmytro-yevs	dmytro-yevs
30719321894	1	completed	failure	push	main	3b8e9170c5f6181b5b0ca685636418a5c61d6f60	2026-08-01T21:31:40Z	2026-08-01T21:31:40Z	2026-08-01T21:34:10Z	https://github.com/dmytro-yevs/copypaste/actions/runs/30719321894	.github/workflows/ci.yml	CI	282057606	Release CopyPaste 2.0.0-alpha.3	dmytro-yevs	dmytro-yevs
30719322118	1	completed	failure	push	v2.0.0-alpha.3	3b8e9170c5f6181b5b0ca685636418a5c61d6f60	2026-08-01T21:31:40Z	2026-08-01T21:31:40Z	2026-08-01T21:42:00Z	https://github.com/dmytro-yevs/copypaste/actions/runs/30719322118	.github/workflows/release.yml	Release	282057609	Release CopyPaste 2.0.0-alpha.3	dmytro-yevs	dmytro-yevs
30720308267	1	completed	failure	pull_request	codex/fix-android-release	1ed8f74115091254b48fb3c22e6746d94a266551	2026-08-01T21:59:46Z	2026-08-01T21:59:46Z	2026-08-01T22:02:39Z	https://github.com/dmytro-yevs/copypaste/actions/runs/30720308267	.github/workflows/ci.yml	CI	282057606	Fix Android release build	dmytro-yevs	dmytro-yevs
30720308269	1	completed	failure	pull_request	codex/fix-android-release	1ed8f74115091254b48fb3c22e6746d94a266551	2026-08-01T21:59:46Z	2026-08-01T21:59:46Z	2026-08-01T22:07:59Z	https://github.com/dmytro-yevs/copypaste/actions/runs/30720308269	.github/workflows/android-emulator.yml	Android emulator	324448484	Fix Android release build	dmytro-yevs	dmytro-yevs
30720308275	1	completed	failure	pull_request	codex/fix-android-release	1ed8f74115091254b48fb3c22e6746d94a266551	2026-08-01T21:59:46Z	2026-08-01T21:59:46Z	2026-08-01T22:00:45Z	https://github.com/dmytro-yevs/copypaste/actions/runs/30720308275	.github/workflows/supply-chain.yml	Supply chain	323997017	Fix Android release build	dmytro-yevs	dmytro-yevs
30720308279	1	completed	failure	pull_request	codex/fix-android-release	1ed8f74115091254b48fb3c22e6746d94a266551	2026-08-01T21:59:46Z	2026-08-01T21:59:46Z	2026-08-01T22:07:28Z	https://github.com/dmytro-yevs/copypaste/actions/runs/30720308279	.github/workflows/browser-webkitgtk.yml	Browser (WebKitGTK, Linux)	324698700	Fix Android release build	dmytro-yevs	dmytro-yevs
30720840019	1	completed	failure	pull_request	codex/fix-android-release	1266407fbf56cf11932b2e6403ce45c69e147111	2026-08-01T22:14:40Z	2026-08-01T22:14:40Z	2026-08-01T22:15:36Z	https://github.com/dmytro-yevs/copypaste/actions/runs/30720840019	.github/workflows/supply-chain.yml	Supply chain	323997017	Fix Android release build	dmytro-yevs	dmytro-yevs
30720840027	1	completed	failure	pull_request	codex/fix-android-release	1266407fbf56cf11932b2e6403ce45c69e147111	2026-08-01T22:14:40Z	2026-08-01T22:14:40Z	2026-08-01T22:21:58Z	https://github.com/dmytro-yevs/copypaste/actions/runs/30720840027	.github/workflows/browser-webkitgtk.yml	Browser (WebKitGTK, Linux)	324698700	Fix Android release build	dmytro-yevs	dmytro-yevs
30720840032	1	completed	failure	pull_request	codex/fix-android-release	1266407fbf56cf11932b2e6403ce45c69e147111	2026-08-01T22:14:40Z	2026-08-01T22:14:40Z	2026-08-01T22:23:29Z	https://github.com/dmytro-yevs/copypaste/actions/runs/30720840032	.github/workflows/android-emulator.yml	Android emulator	324448484	Fix Android release build	dmytro-yevs	dmytro-yevs
30720840041	1	completed	failure	pull_request	codex/fix-android-release	1266407fbf56cf11932b2e6403ce45c69e147111	2026-08-01T22:14:40Z	2026-08-01T22:14:40Z	2026-08-01T22:19:52Z	https://github.com/dmytro-yevs/copypaste/actions/runs/30720840041	.github/workflows/ci.yml	CI	282057606	Fix Android release build	dmytro-yevs	dmytro-yevs
30721206014	1	completed	failure	pull_request	codex/fix-android-release	a885cdee36a57486fdb38abde22d340959881c54	2026-08-01T22:24:56Z	2026-08-01T22:24:56Z	2026-08-01T22:32:13Z	https://github.com/dmytro-yevs/copypaste/actions/runs/30721206014	.github/workflows/browser-webkitgtk.yml	Browser (WebKitGTK, Linux)	324698700	Fix Android release build	dmytro-yevs	dmytro-yevs
30721206023	1	completed	failure	pull_request	codex/fix-android-release	a885cdee36a57486fdb38abde22d340959881c54	2026-08-01T22:24:56Z	2026-08-01T22:24:56Z	2026-08-01T22:26:02Z	https://github.com/dmytro-yevs/copypaste/actions/runs/30721206023	.github/workflows/supply-chain.yml	Supply chain	323997017	Fix Android release build	dmytro-yevs	dmytro-yevs
30721206050	1	completed	failure	pull_request	codex/fix-android-release	a885cdee36a57486fdb38abde22d340959881c54	2026-08-01T22:24:56Z	2026-08-01T22:24:56Z	2026-08-01T22:31:19Z	https://github.com/dmytro-yevs/copypaste/actions/runs/30721206050	.github/workflows/ci.yml	CI	282057606	Fix Android release build	dmytro-yevs	dmytro-yevs
30721206085	1	completed	failure	pull_request	codex/fix-android-release	a885cdee36a57486fdb38abde22d340959881c54	2026-08-01T22:24:57Z	2026-08-01T22:24:57Z	2026-08-01T22:33:05Z	https://github.com/dmytro-yevs/copypaste/actions/runs/30721206085	.github/workflows/android-emulator.yml	Android emulator	324448484	Fix Android release build	dmytro-yevs	dmytro-yevs
30721613916	1	completed	failure	pull_request	codex/fix-android-release	adcf38d995b2555376745ac6636508cc11f4ea29	2026-08-01T22:35:57Z	2026-08-01T22:35:57Z	2026-08-01T22:36:50Z	https://github.com/dmytro-yevs/copypaste/actions/runs/30721613916	.github/workflows/supply-chain.yml	Supply chain	323997017	Fix Android release build	dmytro-yevs	dmytro-yevs
30721613920	1	completed	failure	pull_request	codex/fix-android-release	adcf38d995b2555376745ac6636508cc11f4ea29	2026-08-01T22:35:57Z	2026-08-01T22:35:57Z	2026-08-01T22:41:59Z	https://github.com/dmytro-yevs/copypaste/actions/runs/30721613920	.github/workflows/ci.yml	CI	282057606	Fix Android release build	dmytro-yevs	dmytro-yevs
30721613937	1	completed	failure	pull_request	codex/fix-android-release	adcf38d995b2555376745ac6636508cc11f4ea29	2026-08-01T22:35:57Z	2026-08-01T22:35:57Z	2026-08-01T22:44:10Z	https://github.com/dmytro-yevs/copypaste/actions/runs/30721613937	.github/workflows/android-emulator.yml	Android emulator	324448484	Fix Android release build	dmytro-yevs	dmytro-yevs
30721613953	1	completed	failure	pull_request	codex/fix-android-release	adcf38d995b2555376745ac6636508cc11f4ea29	2026-08-01T22:35:57Z	2026-08-01T22:35:57Z	2026-08-01T22:43:18Z	https://github.com/dmytro-yevs/copypaste/actions/runs/30721613953	.github/workflows/browser-webkitgtk.yml	Browser (WebKitGTK, Linux)	324698700	Fix Android release build	dmytro-yevs	dmytro-yevs
30721920319	1	completed	cancelled	pull_request	codex/fix-android-release	8136095ebb65f962c8eccd4819ed5f0e2ce77a77	2026-08-01T22:44:38Z	2026-08-01T22:44:38Z	2026-08-01T22:59:27Z	https://github.com/dmytro-yevs/copypaste/actions/runs/30721920319	.github/workflows/android-emulator.yml	Android emulator	324448484	Fix Android release build	dmytro-yevs	dmytro-yevs
30721920321	1	completed	failure	pull_request	codex/fix-android-release	8136095ebb65f962c8eccd4819ed5f0e2ce77a77	2026-08-01T22:44:38Z	2026-08-01T22:44:38Z	2026-08-01T22:45:28Z	https://github.com/dmytro-yevs/copypaste/actions/runs/30721920321	.github/workflows/supply-chain.yml	Supply chain	323997017	Fix Android release build	dmytro-yevs	dmytro-yevs
30721920343	1	completed	failure	pull_request	codex/fix-android-release	8136095ebb65f962c8eccd4819ed5f0e2ce77a77	2026-08-01T22:44:38Z	2026-08-01T22:44:38Z	2026-08-01T22:50:56Z	https://github.com/dmytro-yevs/copypaste/actions/runs/30721920343	.github/workflows/ci.yml	CI	282057606	Fix Android release build	dmytro-yevs	dmytro-yevs
30721920366	1	completed	failure	pull_request	codex/fix-android-release	8136095ebb65f962c8eccd4819ed5f0e2ce77a77	2026-08-01T22:44:38Z	2026-08-01T22:44:38Z	2026-08-01T22:52:03Z	https://github.com/dmytro-yevs/copypaste/actions/runs/30721920366	.github/workflows/browser-webkitgtk.yml	Browser (WebKitGTK, Linux)	324698700	Fix Android release build	dmytro-yevs	dmytro-yevs
30722419055	1	completed	cancelled	pull_request	codex/fix-android-release	77bd21b3d21a11bd94a45010bf01c847084c348c	2026-08-01T22:59:11Z	2026-08-01T22:59:11Z	2026-08-01T23:05:14Z	https://github.com/dmytro-yevs/copypaste/actions/runs/30722419055	.github/workflows/ci.yml	CI	282057606	Fix Android release build	dmytro-yevs	dmytro-yevs
30722419056	1	completed	cancelled	pull_request	codex/fix-android-release	77bd21b3d21a11bd94a45010bf01c847084c348c	2026-08-01T22:59:11Z	2026-08-01T22:59:11Z	2026-08-01T23:05:16Z	https://github.com/dmytro-yevs/copypaste/actions/runs/30722419056	.github/workflows/android-emulator.yml	Android emulator	324448484	Fix Android release build	dmytro-yevs	dmytro-yevs
30722419058	1	completed	success	pull_request	codex/fix-android-release	77bd21b3d21a11bd94a45010bf01c847084c348c	2026-08-01T22:59:11Z	2026-08-01T22:59:11Z	2026-08-01T23:00:05Z	https://github.com/dmytro-yevs/copypaste/actions/runs/30722419058	.github/workflows/supply-chain.yml	Supply chain	323997017	Fix Android release build	dmytro-yevs	dmytro-yevs
30722419060	1	completed	cancelled	pull_request	codex/fix-android-release	77bd21b3d21a11bd94a45010bf01c847084c348c	2026-08-01T22:59:11Z	2026-08-01T22:59:11Z	2026-08-01T23:05:14Z	https://github.com/dmytro-yevs/copypaste/actions/runs/30722419060	.github/workflows/browser-webkitgtk.yml	Browser (WebKitGTK, Linux)	324698700	Fix Android release build	dmytro-yevs	dmytro-yevs
30722618413	1	completed	cancelled	pull_request	codex/fix-android-release	fe938df998b0b2ee1fcedcc75181f9d29adc50f3	2026-08-01T23:04:58Z	2026-08-01T23:04:58Z	2026-08-01T23:05:39Z	https://github.com/dmytro-yevs/copypaste/actions/runs/30722618413	.github/workflows/supply-chain.yml	Supply chain	323997017	Fix Android release build	dmytro-yevs	dmytro-yevs
30722618441	1	completed	cancelled	pull_request	codex/fix-android-release	fe938df998b0b2ee1fcedcc75181f9d29adc50f3	2026-08-01T23:04:58Z	2026-08-01T23:04:58Z	2026-08-01T23:05:41Z	https://github.com/dmytro-yevs/copypaste/actions/runs/30722618441	.github/workflows/browser-webkitgtk.yml	Browser (WebKitGTK, Linux)	324698700	Fix Android release build	dmytro-yevs	dmytro-yevs
30722618457	1	completed	cancelled	pull_request	codex/fix-android-release	fe938df998b0b2ee1fcedcc75181f9d29adc50f3	2026-08-01T23:04:58Z	2026-08-01T23:04:58Z	2026-08-01T23:05:35Z	https://github.com/dmytro-yevs/copypaste/actions/runs/30722618457	.github/workflows/ci.yml	CI	282057606	Fix Android release build	dmytro-yevs	dmytro-yevs
30722618481	1	completed	cancelled	pull_request	codex/fix-android-release	fe938df998b0b2ee1fcedcc75181f9d29adc50f3	2026-08-01T23:04:58Z	2026-08-01T23:04:58Z	2026-08-01T23:05:36Z	https://github.com/dmytro-yevs/copypaste/actions/runs/30722618481	.github/workflows/android-emulator.yml	Android emulator	324448484	Fix Android release build	dmytro-yevs	dmytro-yevs
30722634399	1	completed	failure	pull_request	codex/fix-android-release	455d1cdca45655a5c1b9438a7dde9f1d4d0e1f9c	2026-08-01T23:05:25Z	2026-08-01T23:05:25Z	2026-08-01T23:11:59Z	https://github.com/dmytro-yevs/copypaste/actions/runs/30722634399	.github/workflows/ci.yml	CI	282057606	Fix Android release build	dmytro-yevs	dmytro-yevs
30722634400	1	completed	failure	pull_request	codex/fix-android-release	455d1cdca45655a5c1b9438a7dde9f1d4d0e1f9c	2026-08-01T23:05:25Z	2026-08-01T23:05:25Z	2026-08-02T00:04:26Z	https://github.com/dmytro-yevs/copypaste/actions/runs/30722634400	.github/workflows/android-emulator.yml	Android emulator	324448484	Fix Android release build	dmytro-yevs	dmytro-yevs
30722634401	1	completed	failure	pull_request	codex/fix-android-release	455d1cdca45655a5c1b9438a7dde9f1d4d0e1f9c	2026-08-01T23:05:25Z	2026-08-01T23:05:25Z	2026-08-01T23:13:42Z	https://github.com/dmytro-yevs/copypaste/actions/runs/30722634401	.github/workflows/browser-webkitgtk.yml	Browser (WebKitGTK, Linux)	324698700	Fix Android release build	dmytro-yevs	dmytro-yevs
30722634402	1	completed	success	pull_request	codex/fix-android-release	455d1cdca45655a5c1b9438a7dde9f1d4d0e1f9c	2026-08-01T23:05:25Z	2026-08-01T23:05:25Z	2026-08-01T23:06:35Z	https://github.com/dmytro-yevs/copypaste/actions/runs/30722634402	.github/workflows/supply-chain.yml	Supply chain	323997017	Fix Android release build	dmytro-yevs	dmytro-yevs
30722634411	1	completed	success	pull_request	codex/fix-android-release	455d1cdca45655a5c1b9438a7dde9f1d4d0e1f9c	2026-08-01T23:05:25Z	2026-08-01T23:05:25Z	2026-08-01T23:14:44Z	https://github.com/dmytro-yevs/copypaste/actions/runs/30722634411	.github/workflows/android-preview.yml	Android preview	325294047	Fix Android release build	dmytro-yevs	dmytro-yevs
30736449201	1	completed	failure	schedule	main	3b8e9170c5f6181b5b0ca685636418a5c61d6f60	2026-08-02T06:44:00Z	2026-08-02T06:44:00Z	2026-08-02T06:46:56Z	https://github.com/dmytro-yevs/copypaste/actions/runs/30736449201	.github/workflows/android-emulator.yml	Android emulator	324448484	Android emulator	dmytro-yevs	dmytro-yevs
30744261286	1	completed	cancelled	push	main	ee70187839e9bc9566bf303d12cfc0f4f2ba7b51	2026-08-02T10:42:15Z	2026-08-02T10:42:15Z	2026-08-02T10:46:31Z	https://github.com/dmytro-yevs/copypaste/actions/runs/30744261286	.github/workflows/browser-webkitgtk.yml	Browser (WebKitGTK, Linux)	324698700	Fix release CI regressions	dmytro-yevs	dmytro-yevs
30744261302	1	completed	success	push	main	ee70187839e9bc9566bf303d12cfc0f4f2ba7b51	2026-08-02T10:42:15Z	2026-08-02T10:42:15Z	2026-08-02T10:43:15Z	https://github.com/dmytro-yevs/copypaste/actions/runs/30744261302	.github/workflows/supply-chain.yml	Supply chain	323997017	Fix release CI regressions	dmytro-yevs	dmytro-yevs
30744261306	1	completed	failure	push	main	ee70187839e9bc9566bf303d12cfc0f4f2ba7b51	2026-08-02T10:42:15Z	2026-08-02T10:42:15Z	2026-08-02T10:45:50Z	https://github.com/dmytro-yevs/copypaste/actions/runs/30744261306	.github/workflows/android-emulator.yml	Android emulator	324448484	Fix release CI regressions	dmytro-yevs	dmytro-yevs
30744261307	1	completed	cancelled	push	main	ee70187839e9bc9566bf303d12cfc0f4f2ba7b51	2026-08-02T10:42:15Z	2026-08-02T10:42:15Z	2026-08-02T10:46:32Z	https://github.com/dmytro-yevs/copypaste/actions/runs/30744261307	.github/workflows/ci.yml	CI	282057606	Fix release CI regressions	dmytro-yevs	dmytro-yevs
30744263951	1	completed	failure	dynamic	main	ee70187839e9bc9566bf303d12cfc0f4f2ba7b51	2026-08-02T10:42:20Z	2026-08-02T10:42:20Z	2026-08-02T10:43:41Z	https://github.com/dmytro-yevs/copypaste/actions/runs/30744263951	dynamic/dependabot/dependabot-updates	cargo in /. for glib - Update #1500349447	282113904	cargo in /. for glib - Update #1500349447	dependabot[bot]	dependabot[bot]
30744395021	1	completed	cancelled	push	main	e639c4e6e9b228d565fb18712304c72b7ce3a701	2026-08-02T10:46:15Z	2026-08-02T10:46:15Z	2026-08-02T10:50:43Z	https://github.com/dmytro-yevs/copypaste/actions/runs/30744395021	.github/workflows/browser-webkitgtk.yml	Browser (WebKitGTK, Linux)	324698700	Fix design token gate	dmytro-yevs	dmytro-yevs
30744395024	1	completed	cancelled	push	main	e639c4e6e9b228d565fb18712304c72b7ce3a701	2026-08-02T10:46:15Z	2026-08-02T10:46:15Z	2026-08-02T10:50:43Z	https://github.com/dmytro-yevs/copypaste/actions/runs/30744395024	.github/workflows/ci.yml	CI	282057606	Fix design token gate	dmytro-yevs	dmytro-yevs
30744395031	1	completed	failure	push	main	e639c4e6e9b228d565fb18712304c72b7ce3a701	2026-08-02T10:46:16Z	2026-08-02T10:46:16Z	2026-08-02T10:49:26Z	https://github.com/dmytro-yevs/copypaste/actions/runs/30744395031	.github/workflows/android-emulator.yml	Android emulator	324448484	Fix design token gate	dmytro-yevs	dmytro-yevs
30744395049	1	completed	success	push	main	e639c4e6e9b228d565fb18712304c72b7ce3a701	2026-08-02T10:46:16Z	2026-08-02T10:46:16Z	2026-08-02T10:47:17Z	https://github.com/dmytro-yevs/copypaste/actions/runs/30744395049	.github/workflows/supply-chain.yml	Supply chain	323997017	Fix design token gate	dmytro-yevs	dmytro-yevs
30744533064	1	completed	success	push	main	acea997c02d792f57b71a93b250a19b25092c434	2026-08-02T10:50:27Z	2026-08-02T10:50:27Z	2026-08-02T10:56:04Z	https://github.com/dmytro-yevs/copypaste/actions/runs/30744533064	.github/workflows/browser-webkitgtk.yml	Browser (WebKitGTK, Linux)	324698700	Fix Android embedded backend visibility	dmytro-yevs	dmytro-yevs
30744533080	1	completed	failure	push	main	acea997c02d792f57b71a93b250a19b25092c434	2026-08-02T10:50:27Z	2026-08-02T10:50:27Z	2026-08-02T10:56:31Z	https://github.com/dmytro-yevs/copypaste/actions/runs/30744533080	.github/workflows/ci.yml	CI	282057606	Fix Android embedded backend visibility	dmytro-yevs	dmytro-yevs
30744533083	1	completed	failure	push	main	acea997c02d792f57b71a93b250a19b25092c434	2026-08-02T10:50:27Z	2026-08-02T10:50:27Z	2026-08-02T10:58:07Z	https://github.com/dmytro-yevs/copypaste/actions/runs/30744533083	.github/workflows/android-emulator.yml	Android emulator	324448484	Fix Android embedded backend visibility	dmytro-yevs	dmytro-yevs
30744533085	1	completed	success	push	main	acea997c02d792f57b71a93b250a19b25092c434	2026-08-02T10:50:27Z	2026-08-02T10:50:27Z	2026-08-02T10:51:19Z	https://github.com/dmytro-yevs/copypaste/actions/runs/30744533085	.github/workflows/supply-chain.yml	Supply chain	323997017	Fix Android embedded backend visibility	dmytro-yevs	dmytro-yevs
30744859876	1	completed	failure	push	main	b0de7a5ed7e5e63d94521d3c76544aa443fc3b6b	2026-08-02T11:00:17Z	2026-08-02T11:00:17Z	2026-08-02T11:06:28Z	https://github.com/dmytro-yevs/copypaste/actions/runs/30744859876	.github/workflows/ci.yml	CI	282057606	Fix Linux CI type checks	dmytro-yevs	dmytro-yevs
30744859877	1	completed	success	push	main	b0de7a5ed7e5e63d94521d3c76544aa443fc3b6b	2026-08-02T11:00:18Z	2026-08-02T11:00:18Z	2026-08-02T11:01:16Z	https://github.com/dmytro-yevs/copypaste/actions/runs/30744859877	.github/workflows/supply-chain.yml	Supply chain	323997017	Fix Linux CI type checks	dmytro-yevs	dmytro-yevs
30744859886	1	completed	success	push	main	b0de7a5ed7e5e63d94521d3c76544aa443fc3b6b	2026-08-02T11:00:18Z	2026-08-02T11:00:18Z	2026-08-02T11:05:09Z	https://github.com/dmytro-yevs/copypaste/actions/runs/30744859886	.github/workflows/browser-webkitgtk.yml	Browser (WebKitGTK, Linux)	324698700	Fix Linux CI type checks	dmytro-yevs	dmytro-yevs
30744859891	1	completed	failure	push	main	b0de7a5ed7e5e63d94521d3c76544aa443fc3b6b	2026-08-02T11:00:18Z	2026-08-02T11:00:18Z	2026-08-02T11:07:37Z	https://github.com/dmytro-yevs/copypaste/actions/runs/30744859891	.github/workflows/android-emulator.yml	Android emulator	324448484	Fix Linux CI type checks	dmytro-yevs	dmytro-yevs
30745157367	1	completed	success	push	main	3e55745cd8ba60fdfc93ce9d214ee636c1f2db2c	2026-08-02T11:08:54Z	2026-08-02T11:08:54Z	2026-08-02T11:09:48Z	https://github.com/dmytro-yevs/copypaste/actions/runs/30745157367	.github/workflows/supply-chain.yml	Supply chain	323997017	Fix platform-specific UI checks	dmytro-yevs	dmytro-yevs
30745157381	1	completed	cancelled	push	main	3e55745cd8ba60fdfc93ce9d214ee636c1f2db2c	2026-08-02T11:08:54Z	2026-08-02T11:08:54Z	2026-08-02T11:11:23Z	https://github.com/dmytro-yevs/copypaste/actions/runs/30745157381	.github/workflows/ci.yml	CI	282057606	Fix platform-specific UI checks	dmytro-yevs	dmytro-yevs
30745157384	1	completed	cancelled	push	main	3e55745cd8ba60fdfc93ce9d214ee636c1f2db2c	2026-08-02T11:08:54Z	2026-08-02T11:08:54Z	2026-08-02T11:11:23Z	https://github.com/dmytro-yevs/copypaste/actions/runs/30745157384	.github/workflows/browser-webkitgtk.yml	Browser (WebKitGTK, Linux)	324698700	Fix platform-specific UI checks	dmytro-yevs	dmytro-yevs
30745157385	1	completed	cancelled	push	main	3e55745cd8ba60fdfc93ce9d214ee636c1f2db2c	2026-08-02T11:08:54Z	2026-08-02T11:08:54Z	2026-08-02T11:11:24Z	https://github.com/dmytro-yevs/copypaste/actions/runs/30745157385	.github/workflows/android-emulator.yml	Android emulator	324448484	Fix platform-specific UI checks	dmytro-yevs	dmytro-yevs
30745231003	1	completed	failure	push	main	be9259c555f25ddb25337eeb2a1be52beaa23f36	2026-08-02T11:11:06Z	2026-08-02T11:11:06Z	2026-08-02T12:08:23Z	https://github.com/dmytro-yevs/copypaste/actions/runs/30745231003	.github/workflows/android-emulator.yml	Android emulator	324448484	Fix Android capture plugin compilation	dmytro-yevs	dmytro-yevs
30745231015	1	completed	success	push	main	be9259c555f25ddb25337eeb2a1be52beaa23f36	2026-08-02T11:11:06Z	2026-08-02T11:11:06Z	2026-08-02T11:11:59Z	https://github.com/dmytro-yevs/copypaste/actions/runs/30745231015	.github/workflows/supply-chain.yml	Supply chain	323997017	Fix Android capture plugin compilation	dmytro-yevs	dmytro-yevs
30745231020	1	completed	success	push	main	be9259c555f25ddb25337eeb2a1be52beaa23f36	2026-08-02T11:11:06Z	2026-08-02T11:11:06Z	2026-08-02T11:17:25Z	https://github.com/dmytro-yevs/copypaste/actions/runs/30745231020	.github/workflows/ci.yml	CI	282057606	Fix Android capture plugin compilation	dmytro-yevs	dmytro-yevs
30745231033	1	completed	success	push	main	be9259c555f25ddb25337eeb2a1be52beaa23f36	2026-08-02T11:11:06Z	2026-08-02T11:11:06Z	2026-08-02T11:17:04Z	https://github.com/dmytro-yevs/copypaste/actions/runs/30745231033	.github/workflows/browser-webkitgtk.yml	Browser (WebKitGTK, Linux)	324698700	Fix Android capture plugin compilation	dmytro-yevs	dmytro-yevs
30747257110	1	completed	success	push	main	d3956ca60bbdab02760722dcc7b3d3ebcf90dc50	2026-08-02T12:10:10Z	2026-08-02T12:10:10Z	2026-08-02T12:11:01Z	https://github.com/dmytro-yevs/copypaste/actions/runs/30747257110	.github/workflows/supply-chain.yml	Supply chain	323997017	Fix Android dependency audit classpath	dmytro-yevs	dmytro-yevs
30747257117	1	completed	success	push	main	d3956ca60bbdab02760722dcc7b3d3ebcf90dc50	2026-08-02T12:10:10Z	2026-08-02T12:10:10Z	2026-08-02T12:16:05Z	https://github.com/dmytro-yevs/copypaste/actions/runs/30747257117	.github/workflows/ci.yml	CI	282057606	Fix Android dependency audit classpath	dmytro-yevs	dmytro-yevs
30747257127	1	completed	success	push	main	d3956ca60bbdab02760722dcc7b3d3ebcf90dc50	2026-08-02T12:10:10Z	2026-08-02T12:10:10Z	2026-08-02T12:15:27Z	https://github.com/dmytro-yevs/copypaste/actions/runs/30747257127	.github/workflows/browser-webkitgtk.yml	Browser (WebKitGTK, Linux)	324698700	Fix Android dependency audit classpath	dmytro-yevs	dmytro-yevs
30747257140	1	completed	failure	push	main	d3956ca60bbdab02760722dcc7b3d3ebcf90dc50	2026-08-02T12:10:10Z	2026-08-02T12:10:10Z	2026-08-02T13:08:05Z	https://github.com/dmytro-yevs/copypaste/actions/runs/30747257140	.github/workflows/android-emulator.yml	Android emulator	324448484	Fix Android dependency audit classpath	dmytro-yevs	dmytro-yevs
30749317398	1	completed	success	push	v2.0.0-alpha.4	d3956ca60bbdab02760722dcc7b3d3ebcf90dc50	2026-08-02T13:09:06Z	2026-08-02T13:09:06Z	2026-08-02T13:38:29Z	https://github.com/dmytro-yevs/copypaste/actions/runs/30749317398	.github/workflows/release.yml	Release	282057609	Fix Android dependency audit classpath	dmytro-yevs	dmytro-yevs
30794734011	1	completed	cancelled	schedule	main	d3956ca60bbdab02760722dcc7b3d3ebcf90dc50	2026-08-03T07:44:10Z	2026-08-03T07:44:10Z	2026-08-03T08:59:31Z	https://github.com/dmytro-yevs/copypaste/actions/runs/30794734011	.github/workflows/android-emulator.yml	Android emulator	324448484	Android emulator	dmytro-yevs	dmytro-yevs
30804025106	1	completed	success	schedule	main	d3956ca60bbdab02760722dcc7b3d3ebcf90dc50	2026-08-03T10:03:54Z	2026-08-03T10:03:54Z	2026-08-03T10:04:47Z	https://github.com/dmytro-yevs/copypaste/actions/runs/30804025106	.github/workflows/supply-chain.yml	Supply chain	323997017	Supply chain	dmytro-yevs	dmytro-yevs
30884753923	1	completed	cancelled	schedule	main	d3956ca60bbdab02760722dcc7b3d3ebcf90dc50	2026-08-04T06:39:17Z	2026-08-04T06:39:17Z	2026-08-04T07:54:37Z	https://github.com/dmytro-yevs/copypaste/actions/runs/30884753923	.github/workflows/android-emulator.yml	Android emulator	324448484	Android emulator	dmytro-yevs	dmytro-yevs
30982144903	1	completed	cancelled	schedule	main	d3956ca60bbdab02760722dcc7b3d3ebcf90dc50	2026-08-05T06:40:07Z	2026-08-05T06:40:07Z	2026-08-05T07:55:25Z	https://github.com/dmytro-yevs/copypaste/actions/runs/30982144903	.github/workflows/android-emulator.yml	Android emulator	324448484	Android emulator	dmytro-yevs	dmytro-yevs
31078274102	1	completed	failure	schedule	main	d3956ca60bbdab02760722dcc7b3d3ebcf90dc50	2026-08-06T06:43:52Z	2026-08-06T06:43:52Z	2026-08-06T07:42:25Z	https://github.com/dmytro-yevs/copypaste/actions/runs/31078274102	.github/workflows/android-emulator.yml	Android emulator	324448484	Android emulator	dmytro-yevs	dmytro-yevs
31151847480	1	completed	cancelled	schedule	main	d3956ca60bbdab02760722dcc7b3d3ebcf90dc50	2026-08-07T05:49:20Z	2026-08-07T05:49:20Z	2026-08-07T07:04:41Z	https://github.com/dmytro-yevs/copypaste/actions/runs/31151847480	.github/workflows/android-emulator.yml	Android emulator	324448484	Android emulator	dmytro-yevs	dmytro-yevs
31155482225	1	completed	cancelled	push	main	d019e6f3c4abc29af7c06df822abe7da720a110d	2026-08-07T06:52:15Z	2026-08-07T06:52:15Z	2026-08-07T06:57:54Z	https://github.com/dmytro-yevs/copypaste/actions/runs/31155482225	.github/workflows/android-emulator.yml	Android emulator	324448484	Seal the text payload only after dedup decides to insert	dmytro-yevs	dmytro-yevs
31155482280	1	completed	cancelled	push	main	d019e6f3c4abc29af7c06df822abe7da720a110d	2026-08-07T06:52:16Z	2026-08-07T06:52:16Z	2026-08-07T06:54:22Z	https://github.com/dmytro-yevs/copypaste/actions/runs/31155482280	.github/workflows/browser-webkitgtk.yml	Browser (WebKitGTK, Linux)	324698700	Seal the text payload only after dedup decides to insert	dmytro-yevs	dmytro-yevs
31155482307	1	completed	cancelled	push	main	d019e6f3c4abc29af7c06df822abe7da720a110d	2026-08-07T06:52:16Z	2026-08-07T06:52:16Z	2026-08-07T06:54:23Z	https://github.com/dmytro-yevs/copypaste/actions/runs/31155482307	.github/workflows/ci.yml	CI	282057606	Seal the text payload only after dedup decides to insert	dmytro-yevs	dmytro-yevs
31155482355	1	completed	success	push	main	d019e6f3c4abc29af7c06df822abe7da720a110d	2026-08-07T06:52:16Z	2026-08-07T06:52:16Z	2026-08-07T06:53:11Z	https://github.com/dmytro-yevs/copypaste/actions/runs/31155482355	.github/workflows/supply-chain.yml	Supply chain	323997017	Seal the text payload only after dedup decides to insert	dmytro-yevs	dmytro-yevs
31155491137	1	completed	failure	dynamic	main	d019e6f3c4abc29af7c06df822abe7da720a110d	2026-08-07T06:52:23Z	2026-08-07T06:52:23Z	2026-08-07T06:53:45Z	https://github.com/dmytro-yevs/copypaste/actions/runs/31155491137	dynamic/dependabot/dependabot-updates	cargo in /. for glib - Update #1511845928	282113904	cargo in /. for glib - Update #1511845928	dependabot[bot]	dependabot[bot]
31155597268	1	completed	success	push	main	0405ffd0718e8e5fd468553d4f1f8c790efedbcb	2026-08-07T06:54:06Z	2026-08-07T06:54:06Z	2026-08-07T06:55:11Z	https://github.com/dmytro-yevs/copypaste/actions/runs/31155597268	.github/workflows/supply-chain.yml	Supply chain	323997017	Add a migration handoff for the machine swap	dmytro-yevs	dmytro-yevs
31155597299	1	completed	cancelled	push	main	0405ffd0718e8e5fd468553d4f1f8c790efedbcb	2026-08-07T06:54:06Z	2026-08-07T06:54:06Z	2026-08-07T06:56:42Z	https://github.com/dmytro-yevs/copypaste/actions/runs/31155597299	.github/workflows/browser-webkitgtk.yml	Browser (WebKitGTK, Linux)	324698700	Add a migration handoff for the machine swap	dmytro-yevs	dmytro-yevs
31155597303	1	completed	cancelled	push	main	0405ffd0718e8e5fd468553d4f1f8c790efedbcb	2026-08-07T06:54:06Z	2026-08-07T06:54:06Z	2026-08-07T06:56:44Z	https://github.com/dmytro-yevs/copypaste/actions/runs/31155597303	.github/workflows/ci.yml	CI	282057606	Add a migration handoff for the machine swap	dmytro-yevs	dmytro-yevs
31155741821	1	completed	cancelled	push	main	6503abcc966e4b3cb9ccdbff93ead8f6ba09c297	2026-08-07T06:56:25Z	2026-08-07T06:56:25Z	2026-08-07T06:57:53Z	https://github.com/dmytro-yevs/copypaste/actions/runs/31155741821	.github/workflows/browser-webkitgtk.yml	Browser (WebKitGTK, Linux)	324698700	Record that the relay-floor wiring landed after the first push	dmytro-yevs	dmytro-yevs
31155741844	1	completed	cancelled	push	main	6503abcc966e4b3cb9ccdbff93ead8f6ba09c297	2026-08-07T06:56:25Z	2026-08-07T06:56:25Z	2026-08-07T06:57:54Z	https://github.com/dmytro-yevs/copypaste/actions/runs/31155741844	.github/workflows/ci.yml	CI	282057606	Record that the relay-floor wiring landed after the first push	dmytro-yevs	dmytro-yevs
31155741876	1	completed	success	push	main	6503abcc966e4b3cb9ccdbff93ead8f6ba09c297	2026-08-07T06:56:26Z	2026-08-07T06:56:26Z	2026-08-07T06:57:14Z	https://github.com/dmytro-yevs/copypaste/actions/runs/31155741876	.github/workflows/supply-chain.yml	Supply chain	323997017	Record that the relay-floor wiring landed after the first push	dmytro-yevs	dmytro-yevs
31155815357	1	completed	cancelled	push	main	d4f7d1e5a045816a64087540bdd89a53e30cddcb	2026-08-07T06:57:37Z	2026-08-07T06:57:37Z	2026-08-07T07:01:16Z	https://github.com/dmytro-yevs/copypaste/actions/runs/31155815357	.github/workflows/browser-webkitgtk.yml	Browser (WebKitGTK, Linux)	324698700	Force commons-compress 1.27.1 into buildSrc for the dependency audit	dmytro-yevs	dmytro-yevs
31155815366	1	completed	cancelled	push	main	d4f7d1e5a045816a64087540bdd89a53e30cddcb	2026-08-07T06:57:37Z	2026-08-07T06:57:37Z	2026-08-07T07:01:18Z	https://github.com/dmytro-yevs/copypaste/actions/runs/31155815366	.github/workflows/ci.yml	CI	282057606	Force commons-compress 1.27.1 into buildSrc for the dependency audit	dmytro-yevs	dmytro-yevs
31155815402	1	completed	success	push	main	d4f7d1e5a045816a64087540bdd89a53e30cddcb	2026-08-07T06:57:37Z	2026-08-07T06:57:37Z	2026-08-07T06:58:27Z	https://github.com/dmytro-yevs/copypaste/actions/runs/31155815402	.github/workflows/supply-chain.yml	Supply chain	323997017	Force commons-compress 1.27.1 into buildSrc for the dependency audit	dmytro-yevs	dmytro-yevs
31155815495	1	completed	failure	push	main	d4f7d1e5a045816a64087540bdd89a53e30cddcb	2026-08-07T06:57:37Z	2026-08-07T06:57:37Z	2026-08-07T07:57:31Z	https://github.com/dmytro-yevs/copypaste/actions/runs/31155815495	.github/workflows/android-emulator.yml	Android emulator	324448484	Force commons-compress 1.27.1 into buildSrc for the dependency audit	dmytro-yevs	dmytro-yevs
31155825304	1	completed	failure	dynamic	main	d4f7d1e5a045816a64087540bdd89a53e30cddcb	2026-08-07T06:57:47Z	2026-08-07T06:57:47Z	2026-08-07T06:59:08Z	https://github.com/dmytro-yevs/copypaste/actions/runs/31155825304	dynamic/dependabot/dependabot-updates	cargo in /. for glib - Update #1511853566	282113904	cargo in /. for glib - Update #1511853566	dependabot[bot]	dependabot[bot]
31156029470	1	completed	failure	push	main	6158d3ee4f3c33313658a1a925e7ce4fdc81e27b	2026-08-07T07:00:59Z	2026-08-07T07:00:59Z	2026-08-07T07:07:14Z	https://github.com/dmytro-yevs/copypaste/actions/runs/31156029470	.github/workflows/browser-webkitgtk.yml	Browser (WebKitGTK, Linux)	324698700	Diagnose the glib advisory as an unshipped Linux desktop subtree	dmytro-yevs	dmytro-yevs
31156029481	1	completed	success	push	main	6158d3ee4f3c33313658a1a925e7ce4fdc81e27b	2026-08-07T07:00:59Z	2026-08-07T07:00:59Z	2026-08-07T07:01:53Z	https://github.com/dmytro-yevs/copypaste/actions/runs/31156029481	.github/workflows/supply-chain.yml	Supply chain	323997017	Diagnose the glib advisory as an unshipped Linux desktop subtree	dmytro-yevs	dmytro-yevs
31156029508	1	completed	failure	push	main	6158d3ee4f3c33313658a1a925e7ce4fdc81e27b	2026-08-07T07:00:59Z	2026-08-07T07:00:59Z	2026-08-07T07:07:37Z	https://github.com/dmytro-yevs/copypaste/actions/runs/31156029508	.github/workflows/ci.yml	CI	282057606	Diagnose the glib advisory as an unshipped Linux desktop subtree	dmytro-yevs	dmytro-yevs
31217620245	1	completed	success	push	main	434149a0b596b70b39741cb850c464ea4e93e518	2026-08-07T20:51:06Z	2026-08-07T20:51:06Z	2026-08-07T20:52:00Z	https://github.com/dmytro-yevs/copypaste/actions/runs/31217620245	.github/workflows/supply-chain.yml	Supply chain	323997017	Drop the unwired git-cliff configuration	dmytro-yevs	dmytro-yevs
31217620248	1	completed	success	push	main	434149a0b596b70b39741cb850c464ea4e93e518	2026-08-07T20:51:06Z	2026-08-07T20:51:06Z	2026-08-07T20:56:27Z	https://github.com/dmytro-yevs/copypaste/actions/runs/31217620248	.github/workflows/browser-webkitgtk.yml	Browser (WebKitGTK, Linux)	324698700	Drop the unwired git-cliff configuration	dmytro-yevs	dmytro-yevs
31217620589	1	completed	success	push	main	434149a0b596b70b39741cb850c464ea4e93e518	2026-08-07T20:51:06Z	2026-08-07T20:51:06Z	2026-08-07T20:57:53Z	https://github.com/dmytro-yevs/copypaste/actions/runs/31217620589	.github/workflows/ci.yml	CI	282057606	Drop the unwired git-cliff configuration	dmytro-yevs	dmytro-yevs
31217620966	1	completed	failure	push	main	434149a0b596b70b39741cb850c464ea4e93e518	2026-08-07T20:51:06Z	2026-08-07T20:51:06Z	2026-08-07T21:02:38Z	https://github.com/dmytro-yevs/copypaste/actions/runs/31217620966	.github/workflows/android-emulator.yml	Android emulator	324448484	Drop the unwired git-cliff configuration	dmytro-yevs	dmytro-yevs
31221136855	1	completed	failure	push	main	57a59244be90c0fb6a76e7e305552a18b2edf325	2026-08-07T21:43:25Z	2026-08-07T21:43:25Z	2026-08-07T21:47:02Z	https://github.com/dmytro-yevs/copypaste/actions/runs/31221136855	.github/workflows/browser-webkitgtk.yml	Browser (WebKitGTK, Linux)	324698700	Add a Windows CI job and the Tauri Windows bundler configuration	dmytro-yevs	dmytro-yevs
31221137107	1	completed	failure	push	main	57a59244be90c0fb6a76e7e305552a18b2edf325	2026-08-07T21:43:25Z	2026-08-07T21:43:25Z	2026-08-07T21:57:00Z	https://github.com/dmytro-yevs/copypaste/actions/runs/31221137107	.github/workflows/android-emulator.yml	Android emulator	324448484	Add a Windows CI job and the Tauri Windows bundler configuration	dmytro-yevs	dmytro-yevs
31221137296	1	completed	success	push	main	57a59244be90c0fb6a76e7e305552a18b2edf325	2026-08-07T21:43:25Z	2026-08-07T21:43:25Z	2026-08-07T21:44:19Z	https://github.com/dmytro-yevs/copypaste/actions/runs/31221137296	.github/workflows/supply-chain.yml	Supply chain	323997017	Add a Windows CI job and the Tauri Windows bundler configuration	dmytro-yevs	dmytro-yevs
31221137872	1	completed	failure	push	main	57a59244be90c0fb6a76e7e305552a18b2edf325	2026-08-07T21:43:26Z	2026-08-07T21:43:26Z	2026-08-07T21:55:31Z	https://github.com/dmytro-yevs/copypaste/actions/runs/31221137872	.github/workflows/ci.yml	CI	282057606	Add a Windows CI job and the Tauri Windows bundler configuration	dmytro-yevs	dmytro-yevs
31223231022	1	completed	failure	push	main	f84859fb13fa81fa95f2194d93b3fff73404efff	2026-08-07T22:16:31Z	2026-08-07T22:16:31Z	2026-08-07T22:20:20Z	https://github.com/dmytro-yevs/copypaste/actions/runs/31223231022	.github/workflows/browser-webkitgtk.yml	Browser (WebKitGTK, Linux)	324698700	Record ADR-0016's measured result	dmytro-yevs	dmytro-yevs
31223231023	1	completed	cancelled	push	main	f84859fb13fa81fa95f2194d93b3fff73404efff	2026-08-07T22:16:31Z	2026-08-07T22:16:31Z	2026-08-07T22:26:30Z	https://github.com/dmytro-yevs/copypaste/actions/runs/31223231023	.github/workflows/android-emulator.yml	Android emulator	324448484	Record ADR-0016's measured result	dmytro-yevs	dmytro-yevs
31223231129	1	completed	success	push	main	f84859fb13fa81fa95f2194d93b3fff73404efff	2026-08-07T22:16:31Z	2026-08-07T22:16:31Z	2026-08-07T22:17:41Z	https://github.com/dmytro-yevs/copypaste/actions/runs/31223231129	.github/workflows/supply-chain.yml	Supply chain	323997017	Record ADR-0016's measured result	dmytro-yevs	dmytro-yevs
31223231164	1	completed	failure	push	main	f84859fb13fa81fa95f2194d93b3fff73404efff	2026-08-07T22:16:31Z	2026-08-07T22:16:31Z	2026-08-07T22:25:33Z	https://github.com/dmytro-yevs/copypaste/actions/runs/31223231164	.github/workflows/ci.yml	CI	282057606	Record ADR-0016's measured result	dmytro-yevs	dmytro-yevs
31223816354	1	completed	failure	push	main	5d688d84f678c5cc455d93762cb0cc302f7e895f	2026-08-07T22:26:24Z	2026-08-07T22:26:24Z	2026-08-07T22:29:41Z	https://github.com/dmytro-yevs/copypaste/actions/runs/31223816354	.github/workflows/browser-webkitgtk.yml	Browser (WebKitGTK, Linux)	324698700	Serve local IPC over a named pipe on Windows	dmytro-yevs	dmytro-yevs
31223816358	1	completed	cancelled	push	main	5d688d84f678c5cc455d93762cb0cc302f7e895f	2026-08-07T22:26:24Z	2026-08-07T22:26:24Z	2026-08-07T22:32:09Z	https://github.com/dmytro-yevs/copypaste/actions/runs/31223816358	.github/workflows/ci.yml	CI	282057606	Serve local IPC over a named pipe on Windows	dmytro-yevs	dmytro-yevs
31223816367	1	completed	cancelled	push	main	5d688d84f678c5cc455d93762cb0cc302f7e895f	2026-08-07T22:26:24Z	2026-08-07T22:26:24Z	2026-08-07T22:32:16Z	https://github.com/dmytro-yevs/copypaste/actions/runs/31223816367	.github/workflows/android-emulator.yml	Android emulator	324448484	Serve local IPC over a named pipe on Windows	dmytro-yevs	dmytro-yevs
31223816400	1	completed	success	push	main	5d688d84f678c5cc455d93762cb0cc302f7e895f	2026-08-07T22:26:24Z	2026-08-07T22:26:24Z	2026-08-07T22:27:35Z	https://github.com/dmytro-yevs/copypaste/actions/runs/31223816400	.github/workflows/supply-chain.yml	Supply chain	323997017	Serve local IPC over a named pipe on Windows	dmytro-yevs	dmytro-yevs
31224144932	1	completed	failure	push	main	24d0ed0123c78e34ad73ee88735c7cbd1ff5862f	2026-08-07T22:31:56Z	2026-08-07T22:31:56Z	2026-08-07T22:44:11Z	https://github.com/dmytro-yevs/copypaste/actions/runs/31224144932	.github/workflows/ci.yml	CI	282057606	Take nanoid past the zero-size infinite loop	dmytro-yevs	dmytro-yevs
31224144941	1	completed	failure	push	main	24d0ed0123c78e34ad73ee88735c7cbd1ff5862f	2026-08-07T22:31:56Z	2026-08-07T22:31:56Z	2026-08-07T22:36:43Z	https://github.com/dmytro-yevs/copypaste/actions/runs/31224144941	.github/workflows/browser-webkitgtk.yml	Browser (WebKitGTK, Linux)	324698700	Take nanoid past the zero-size infinite loop	dmytro-yevs	dmytro-yevs
31224144970	1	completed	success	push	main	24d0ed0123c78e34ad73ee88735c7cbd1ff5862f	2026-08-07T22:31:56Z	2026-08-07T22:31:56Z	2026-08-07T22:33:02Z	https://github.com/dmytro-yevs/copypaste/actions/runs/31224144970	.github/workflows/supply-chain.yml	Supply chain	323997017	Take nanoid past the zero-size infinite loop	dmytro-yevs	dmytro-yevs
31224144971	1	completed	failure	push	main	24d0ed0123c78e34ad73ee88735c7cbd1ff5862f	2026-08-07T22:31:56Z	2026-08-07T22:31:56Z	2026-08-07T22:44:30Z	https://github.com/dmytro-yevs/copypaste/actions/runs/31224144971	.github/workflows/android-emulator.yml	Android emulator	324448484	Take nanoid past the zero-size infinite loop	dmytro-yevs	dmytro-yevs
31227453108	1	completed	failure	push	main	0a7eef42fc9fe80b97e4ee4c56ff62e2fdc9a053	2026-08-07T23:32:40Z	2026-08-07T23:32:40Z	2026-08-07T23:44:35Z	https://github.com/dmytro-yevs/copypaste/actions/runs/31227453108	.github/workflows/android-emulator.yml	Android emulator	324448484	Delete the dead kotlin-stdlib CVE-2020-29582 suppression	dmytro-yevs	dmytro-yevs
31227453124	1	completed	success	push	main	0a7eef42fc9fe80b97e4ee4c56ff62e2fdc9a053	2026-08-07T23:32:40Z	2026-08-07T23:32:40Z	2026-08-07T23:38:09Z	https://github.com/dmytro-yevs/copypaste/actions/runs/31227453124	.github/workflows/browser-webkitgtk.yml	Browser (WebKitGTK, Linux)	324698700	Delete the dead kotlin-stdlib CVE-2020-29582 suppression	dmytro-yevs	dmytro-yevs
31227453127	1	completed	failure	push	main	0a7eef42fc9fe80b97e4ee4c56ff62e2fdc9a053	2026-08-07T23:32:40Z	2026-08-07T23:32:40Z	2026-08-07T23:44:19Z	https://github.com/dmytro-yevs/copypaste/actions/runs/31227453127	.github/workflows/ci.yml	CI	282057606	Delete the dead kotlin-stdlib CVE-2020-29582 suppression	dmytro-yevs	dmytro-yevs
31227453132	1	completed	success	push	main	0a7eef42fc9fe80b97e4ee4c56ff62e2fdc9a053	2026-08-07T23:32:40Z	2026-08-07T23:32:40Z	2026-08-07T23:33:39Z	https://github.com/dmytro-yevs/copypaste/actions/runs/31227453132	.github/workflows/supply-chain.yml	Supply chain	323997017	Delete the dead kotlin-stdlib CVE-2020-29582 suppression	dmytro-yevs	dmytro-yevs
31229976279	1	completed	success	push	main	6af2643e251defec38d1734adf73e207b5bd2f75	2026-08-08T00:23:57Z	2026-08-08T00:23:57Z	2026-08-08T00:25:05Z	https://github.com/dmytro-yevs/copypaste/actions/runs/31229976279	.github/workflows/supply-chain.yml	Supply chain	323997017	Record what made INV-6 flaky and what it measured	dmytro-yevs	dmytro-yevs
31229976281	1	completed	success	push	main	6af2643e251defec38d1734adf73e207b5bd2f75	2026-08-08T00:23:57Z	2026-08-08T00:23:57Z	2026-08-08T00:45:19Z	https://github.com/dmytro-yevs/copypaste/actions/runs/31229976281	.github/workflows/ci.yml	CI	282057606	Record what made INV-6 flaky and what it measured	dmytro-yevs	dmytro-yevs
31229976282	1	completed	success	push	main	6af2643e251defec38d1734adf73e207b5bd2f75	2026-08-08T00:23:57Z	2026-08-08T00:23:57Z	2026-08-08T00:29:21Z	https://github.com/dmytro-yevs/copypaste/actions/runs/31229976282	.github/workflows/browser-webkitgtk.yml	Browser (WebKitGTK, Linux)	324698700	Record what made INV-6 flaky and what it measured	dmytro-yevs	dmytro-yevs
31229976299	1	completed	failure	push	main	6af2643e251defec38d1734adf73e207b5bd2f75	2026-08-08T00:23:57Z	2026-08-08T00:23:57Z	2026-08-08T00:35:05Z	https://github.com/dmytro-yevs/copypaste/actions/runs/31229976299	.github/workflows/android-emulator.yml	Android emulator	324448484	Record what made INV-6 flaky and what it measured	dmytro-yevs	dmytro-yevs
31241024626	1	completed	failure	schedule	main	6af2643e251defec38d1734adf73e207b5bd2f75	2026-08-08T05:08:32Z	2026-08-08T05:08:32Z	2026-08-08T05:21:17Z	https://github.com/dmytro-yevs/copypaste/actions/runs/31241024626	.github/workflows/android-emulator.yml	Android emulator	324448484	Android emulator	dmytro-yevs	dmytro-yevs
31243232209	1	completed	cancelled	push	main	8ed3dafbf2ad7013dffad5ba986f263895c8b78d	2026-08-08T06:07:56Z	2026-08-08T06:07:56Z	2026-08-08T06:13:33Z	https://github.com/dmytro-yevs/copypaste/actions/runs/31243232209	.github/workflows/browser-webkitgtk.yml	Browser (WebKitGTK, Linux)	324698700	Run the emulator script under a shell that has pipefail	dmytro-yevs	dmytro-yevs
31243232212	1	completed	cancelled	push	main	8ed3dafbf2ad7013dffad5ba986f263895c8b78d	2026-08-08T06:07:56Z	2026-08-08T06:07:56Z	2026-08-08T06:13:33Z	https://github.com/dmytro-yevs/copypaste/actions/runs/31243232212	.github/workflows/android-emulator.yml	Android emulator	324448484	Run the emulator script under a shell that has pipefail	dmytro-yevs	dmytro-yevs
31243232222	1	completed	success	push	main	8ed3dafbf2ad7013dffad5ba986f263895c8b78d	2026-08-08T06:07:56Z	2026-08-08T06:07:56Z	2026-08-08T06:08:51Z	https://github.com/dmytro-yevs/copypaste/actions/runs/31243232222	.github/workflows/supply-chain.yml	Supply chain	323997017	Run the emulator script under a shell that has pipefail	dmytro-yevs	dmytro-yevs
31243232225	1	completed	cancelled	push	main	8ed3dafbf2ad7013dffad5ba986f263895c8b78d	2026-08-08T06:07:56Z	2026-08-08T06:07:56Z	2026-08-08T06:13:33Z	https://github.com/dmytro-yevs/copypaste/actions/runs/31243232225	.github/workflows/ci.yml	CI	282057606	Run the emulator script under a shell that has pipefail	dmytro-yevs	dmytro-yevs
31243425372	1	completed	cancelled	push	main	feeeedc02576af0c5408e4965e0e71f9d80349d4	2026-08-08T06:13:16Z	2026-08-08T06:13:16Z	2026-08-08T06:20:52Z	https://github.com/dmytro-yevs/copypaste/actions/runs/31243425372	.github/workflows/android-emulator.yml	Android emulator	324448484	Sweep payload size beside the retention-gate depth sweep	dmytro-yevs	dmytro-yevs
31243425375	1	completed	cancelled	push	main	feeeedc02576af0c5408e4965e0e71f9d80349d4	2026-08-08T06:13:16Z	2026-08-08T06:13:16Z	2026-08-08T06:20:48Z	https://github.com/dmytro-yevs/copypaste/actions/runs/31243425375	.github/workflows/ci.yml	CI	282057606	Sweep payload size beside the retention-gate depth sweep	dmytro-yevs	dmytro-yevs
31243425379	1	completed	success	push	main	feeeedc02576af0c5408e4965e0e71f9d80349d4	2026-08-08T06:13:16Z	2026-08-08T06:13:16Z	2026-08-08T06:14:12Z	https://github.com/dmytro-yevs/copypaste/actions/runs/31243425379	.github/workflows/supply-chain.yml	Supply chain	323997017	Sweep payload size beside the retention-gate depth sweep	dmytro-yevs	dmytro-yevs
31243425386	1	completed	success	push	main	feeeedc02576af0c5408e4965e0e71f9d80349d4	2026-08-08T06:13:16Z	2026-08-08T06:13:16Z	2026-08-08T06:19:02Z	https://github.com/dmytro-yevs/copypaste/actions/runs/31243425386	.github/workflows/browser-webkitgtk.yml	Browser (WebKitGTK, Linux)	324698700	Sweep payload size beside the retention-gate depth sweep	dmytro-yevs	dmytro-yevs
31243698973	1	completed	cancelled	push	main	b85b323b39c06952c47ba559e70012f83cc16cd5	2026-08-08T06:20:35Z	2026-08-08T06:20:35Z	2026-08-08T06:24:36Z	https://github.com/dmytro-yevs/copypaste/actions/runs/31243698973	.github/workflows/browser-webkitgtk.yml	Browser (WebKitGTK, Linux)	324698700	Drop the unread retry counter in the rungs script	dmytro-yevs	dmytro-yevs
31243698975	1	completed	failure	push	main	b85b323b39c06952c47ba559e70012f83cc16cd5	2026-08-08T06:20:35Z	2026-08-08T06:20:35Z	2026-08-08T06:34:18Z	https://github.com/dmytro-yevs/copypaste/actions/runs/31243698975	.github/workflows/android-emulator.yml	Android emulator	324448484	Drop the unread retry counter in the rungs script	dmytro-yevs	dmytro-yevs
31243698980	1	completed	success	push	main	b85b323b39c06952c47ba559e70012f83cc16cd5	2026-08-08T06:20:35Z	2026-08-08T06:20:35Z	2026-08-08T06:21:33Z	https://github.com/dmytro-yevs/copypaste/actions/runs/31243698980	.github/workflows/supply-chain.yml	Supply chain	323997017	Drop the unread retry counter in the rungs script	dmytro-yevs	dmytro-yevs
31243699000	1	completed	cancelled	push	main	b85b323b39c06952c47ba559e70012f83cc16cd5	2026-08-08T06:20:35Z	2026-08-08T06:20:35Z	2026-08-08T06:24:35Z	https://github.com/dmytro-yevs/copypaste/actions/runs/31243699000	.github/workflows/ci.yml	CI	282057606	Drop the unread retry counter in the rungs script	dmytro-yevs	dmytro-yevs
31243843537	1	completed	success	push	main	a402f436459ca3acab161f5ec53069290f3ec78a	2026-08-08T06:24:19Z	2026-08-08T06:24:19Z	2026-08-08T06:25:12Z	https://github.com/dmytro-yevs/copypaste/actions/runs/31243843537	.github/workflows/supply-chain.yml	Supply chain	323997017	Record what an x86_64 emulator cannot establish	dmytro-yevs	dmytro-yevs
31243843538	1	completed	failure	push	main	a402f436459ca3acab161f5ec53069290f3ec78a	2026-08-08T06:24:19Z	2026-08-08T06:24:19Z	2026-08-08T06:32:31Z	https://github.com/dmytro-yevs/copypaste/actions/runs/31243843538	.github/workflows/ci.yml	CI	282057606	Record what an x86_64 emulator cannot establish	dmytro-yevs	dmytro-yevs
31243843540	1	completed	success	push	main	a402f436459ca3acab161f5ec53069290f3ec78a	2026-08-08T06:24:19Z	2026-08-08T06:24:19Z	2026-08-08T06:30:19Z	https://github.com/dmytro-yevs/copypaste/actions/runs/31243843540	.github/workflows/browser-webkitgtk.yml	Browser (WebKitGTK, Linux)	324698700	Record what an x86_64 emulator cannot establish	dmytro-yevs	dmytro-yevs
31244391280	1	completed	cancelled	push	main	dedc88eef9489460f6d920b19270580ad6360f2d	2026-08-08T06:38:53Z	2026-08-08T06:38:53Z	2026-08-08T06:44:23Z	https://github.com/dmytro-yevs/copypaste/actions/runs/31244391280	.github/workflows/browser-webkitgtk.yml	Browser (WebKitGTK, Linux)	324698700	Let the emulator wiring check follow one indirection	dmytro-yevs	dmytro-yevs
31244391294	1	completed	cancelled	push	main	dedc88eef9489460f6d920b19270580ad6360f2d	2026-08-08T06:38:53Z	2026-08-08T06:38:53Z	2026-08-08T06:44:22Z	https://github.com/dmytro-yevs/copypaste/actions/runs/31244391294	.github/workflows/ci.yml	CI	282057606	Let the emulator wiring check follow one indirection	dmytro-yevs	dmytro-yevs
31244391308	1	completed	success	push	main	dedc88eef9489460f6d920b19270580ad6360f2d	2026-08-08T06:38:53Z	2026-08-08T06:38:53Z	2026-08-08T06:39:45Z	https://github.com/dmytro-yevs/copypaste/actions/runs/31244391308	.github/workflows/supply-chain.yml	Supply chain	323997017	Let the emulator wiring check follow one indirection	dmytro-yevs	dmytro-yevs
31244391348	1	completed	success	push	main	dedc88eef9489460f6d920b19270580ad6360f2d	2026-08-08T06:38:53Z	2026-08-08T06:38:53Z	2026-08-08T06:52:26Z	https://github.com/dmytro-yevs/copypaste/actions/runs/31244391348	.github/workflows/android-emulator.yml	Android emulator	324448484	Let the emulator wiring check follow one indirection	dmytro-yevs	dmytro-yevs
31244586589	1	completed	success	push	main	efca59021ee48f9ca1e7333dc1234ccfc712404d	2026-08-08T06:44:06Z	2026-08-08T06:44:06Z	2026-08-08T06:44:58Z	https://github.com/dmytro-yevs/copypaste/actions/runs/31244586589	.github/workflows/supply-chain.yml	Supply chain	323997017	Point the two handoff citations at durable sources	dmytro-yevs	dmytro-yevs
31244586601	1	completed	success	push	main	efca59021ee48f9ca1e7333dc1234ccfc712404d	2026-08-08T06:44:06Z	2026-08-08T06:44:06Z	2026-08-08T06:53:50Z	https://github.com/dmytro-yevs/copypaste/actions/runs/31244586601	.github/workflows/ci.yml	CI	282057606	Point the two handoff citations at durable sources	dmytro-yevs	dmytro-yevs
31244586608	1	completed	success	push	main	efca59021ee48f9ca1e7333dc1234ccfc712404d	2026-08-08T06:44:06Z	2026-08-08T06:44:06Z	2026-08-08T06:49:37Z	https://github.com/dmytro-yevs/copypaste/actions/runs/31244586608	.github/workflows/browser-webkitgtk.yml	Browser (WebKitGTK, Linux)	324698700	Point the two handoff citations at durable sources	dmytro-yevs	dmytro-yevs
31245089970	1	completed	failure	push	v2.0.0-alpha.5	efca59021ee48f9ca1e7333dc1234ccfc712404d	2026-08-08T06:57:44Z	2026-08-08T06:57:44Z	2026-08-08T07:16:57Z	https://github.com/dmytro-yevs/copypaste/actions/runs/31245089970	.github/workflows/release.yml	Release	282057609	Point the two handoff citations at durable sources	dmytro-yevs	dmytro-yevs
31251769373	1	completed	success	push	main	ff65082acbf89d0be7d9d972ce6b370820e351e0	2026-08-08T09:58:59Z	2026-08-08T09:58:59Z	2026-08-08T10:08:09Z	https://github.com/dmytro-yevs/copypaste/actions/runs/31251769373	.github/workflows/ci.yml	CI	282057606	Record the Android suite's remaining fixture flake	dmytro-yevs	dmytro-yevs
31251769374	1	completed	success	push	main	ff65082acbf89d0be7d9d972ce6b370820e351e0	2026-08-08T09:58:59Z	2026-08-08T09:58:59Z	2026-08-08T10:13:02Z	https://github.com/dmytro-yevs/copypaste/actions/runs/31251769374	.github/workflows/android-emulator.yml	Android emulator	324448484	Record the Android suite's remaining fixture flake	dmytro-yevs	dmytro-yevs
31251769381	1	completed	success	push	main	ff65082acbf89d0be7d9d972ce6b370820e351e0	2026-08-08T09:58:59Z	2026-08-08T09:58:59Z	2026-08-08T10:04:15Z	https://github.com/dmytro-yevs/copypaste/actions/runs/31251769381	.github/workflows/supply-chain.yml	Supply chain	323997017	Record the Android suite's remaining fixture flake	dmytro-yevs	dmytro-yevs
31251769391	1	completed	success	push	main	ff65082acbf89d0be7d9d972ce6b370820e351e0	2026-08-08T09:58:59Z	2026-08-08T09:58:59Z	2026-08-08T10:04:48Z	https://github.com/dmytro-yevs/copypaste/actions/runs/31251769391	.github/workflows/browser-webkitgtk.yml	Browser (WebKitGTK, Linux)	324698700	Record the Android suite's remaining fixture flake	dmytro-yevs	dmytro-yevs
31252210987	1	completed	success	push	v2.0.0-alpha.5	ff65082acbf89d0be7d9d972ce6b370820e351e0	2026-08-08T10:10:42Z	2026-08-08T10:10:42Z	2026-08-08T10:40:51Z	https://github.com/dmytro-yevs/copypaste/actions/runs/31252210987	.github/workflows/release.yml	Release	282057609	Record the Android suite's remaining fixture flake	dmytro-yevs	dmytro-yevs
31296356147	1	completed	success	schedule	main	ff65082acbf89d0be7d9d972ce6b370820e351e0	2026-08-09T05:17:09Z	2026-08-09T05:17:09Z	2026-08-09T05:30:49Z	https://github.com/dmytro-yevs/copypaste/actions/runs/31296356147	.github/workflows/android-emulator.yml	Android emulator	324448484	Android emulator	dmytro-yevs	dmytro-yevs
31317426417	1	completed	cancelled	push	v2.0.0-alpha.6	3ea8b03d951c20891ea1b86b2ab57b658ba0f91a	2026-08-09T14:03:03Z	2026-08-09T14:03:03Z	2026-08-09T14:07:03Z	https://github.com/dmytro-yevs/copypaste/actions/runs/31317426417	.github/workflows/release.yml	Release	282057609	Record audited origin/main ancestry	dmytro-yevs	dmytro-yevs
31317426716	1	completed	success	dynamic	main	3ea8b03d951c20891ea1b86b2ab57b658ba0f91a	2026-08-09T14:03:04Z	2026-08-09T14:03:04Z	2026-08-09T14:03:47Z	https://github.com/dmytro-yevs/copypaste/actions/runs/31317426716	dynamic/dependabot/update-graph	Graph Update: pip in /. #1515084616	330513005	Graph Update: pip in /. #1515084616	dependabot[bot]	dependabot[bot]
31317427285	1	completed	cancelled	push	main	3ea8b03d951c20891ea1b86b2ab57b658ba0f91a	2026-08-09T14:03:04Z	2026-08-09T14:03:04Z	2026-08-09T14:06:44Z	https://github.com/dmytro-yevs/copypaste/actions/runs/31317427285	.github/workflows/ci.yml	CI	282057606	Record audited origin/main ancestry	dmytro-yevs	dmytro-yevs
31317427288	1	completed	success	push	main	3ea8b03d951c20891ea1b86b2ab57b658ba0f91a	2026-08-09T14:03:04Z	2026-08-09T14:03:04Z	2026-08-09T14:04:05Z	https://github.com/dmytro-yevs/copypaste/actions/runs/31317427288	.github/workflows/supply-chain.yml	Supply chain	323997017	Record audited origin/main ancestry	dmytro-yevs	dmytro-yevs
31317427308	1	completed	cancelled	push	main	3ea8b03d951c20891ea1b86b2ab57b658ba0f91a	2026-08-09T14:03:04Z	2026-08-09T14:03:04Z	2026-08-09T14:06:35Z	https://github.com/dmytro-yevs/copypaste/actions/runs/31317427308	.github/workflows/browser-webkitgtk.yml	Browser (WebKitGTK, Linux)	324698700	Record audited origin/main ancestry	dmytro-yevs	dmytro-yevs
31317427321	1	completed	cancelled	push	main	3ea8b03d951c20891ea1b86b2ab57b658ba0f91a	2026-08-09T14:03:04Z	2026-08-09T14:03:04Z	2026-08-09T14:06:46Z	https://github.com/dmytro-yevs/copypaste/actions/runs/31317427321	.github/workflows/android-emulator.yml	Android emulator	324448484	Record audited origin/main ancestry	dmytro-yevs	dmytro-yevs
31317427322	1	completed	cancelled	push	main	3ea8b03d951c20891ea1b86b2ab57b658ba0f91a	2026-08-09T14:03:04Z	2026-08-09T14:03:04Z	2026-08-09T14:06:32Z	https://github.com/dmytro-yevs/copypaste/actions/runs/31317427322	.github/workflows/windows-native-e2e.yml	Windows native desktop E2E	330512982	Record audited origin/main ancestry	dmytro-yevs	dmytro-yevs
31317577993	1	completed	cancelled	push	main	0263f06f196d59f3efa4cde27611ab360045a651	2026-08-09T14:06:28Z	2026-08-09T14:06:28Z	2026-08-09T14:10:49Z	https://github.com/dmytro-yevs/copypaste/actions/runs/31317577993	.github/workflows/windows-native-e2e.yml	Windows native desktop E2E	330512982	Prepare alpha 7 release metadata	dmytro-yevs	dmytro-yevs
31317578001	1	completed	success	push	main	0263f06f196d59f3efa4cde27611ab360045a651	2026-08-09T14:06:28Z	2026-08-09T14:06:28Z	2026-08-09T14:07:23Z	https://github.com/dmytro-yevs/copypaste/actions/runs/31317578001	.github/workflows/supply-chain.yml	Supply chain	323997017	Prepare alpha 7 release metadata	dmytro-yevs	dmytro-yevs
31317578005	1	completed	cancelled	push	main	0263f06f196d59f3efa4cde27611ab360045a651	2026-08-09T14:06:28Z	2026-08-09T14:06:28Z	2026-08-09T14:11:01Z	https://github.com/dmytro-yevs/copypaste/actions/runs/31317578005	.github/workflows/ci.yml	CI	282057606	Prepare alpha 7 release metadata	dmytro-yevs	dmytro-yevs
31317578011	1	completed	cancelled	push	main	0263f06f196d59f3efa4cde27611ab360045a651	2026-08-09T14:06:28Z	2026-08-09T14:06:28Z	2026-08-09T14:11:02Z	https://github.com/dmytro-yevs/copypaste/actions/runs/31317578011	.github/workflows/android-emulator.yml	Android emulator	324448484	Prepare alpha 7 release metadata	dmytro-yevs	dmytro-yevs
31317578027	1	completed	cancelled	push	main	0263f06f196d59f3efa4cde27611ab360045a651	2026-08-09T14:06:28Z	2026-08-09T14:06:28Z	2026-08-09T14:10:49Z	https://github.com/dmytro-yevs/copypaste/actions/runs/31317578027	.github/workflows/browser-webkitgtk.yml	Browser (WebKitGTK, Linux)	324698700	Prepare alpha 7 release metadata	dmytro-yevs	dmytro-yevs
31317579416	1	completed	cancelled	push	v2.0.0-alpha.7	0263f06f196d59f3efa4cde27611ab360045a651	2026-08-09T14:06:30Z	2026-08-09T14:06:30Z	2026-08-09T14:11:05Z	https://github.com/dmytro-yevs/copypaste/actions/runs/31317579416	.github/workflows/release.yml	Release	282057609	Prepare alpha 7 release metadata	dmytro-yevs	dmytro-yevs
31317763226	1	completed	cancelled	push	main	09f8f3f4385ac120843f4b29127f4ab1f7f751be	2026-08-09T14:10:43Z	2026-08-09T14:10:43Z	2026-08-09T14:15:43Z	https://github.com/dmytro-yevs/copypaste/actions/runs/31317763226	.github/workflows/windows-native-e2e.yml	Windows native desktop E2E	330512982	Prepare alpha 8 release metadata	dmytro-yevs	dmytro-yevs
31317763235	1	completed	cancelled	push	main	09f8f3f4385ac120843f4b29127f4ab1f7f751be	2026-08-09T14:10:43Z	2026-08-09T14:10:43Z	2026-08-09T14:15:54Z	https://github.com/dmytro-yevs/copypaste/actions/runs/31317763235	.github/workflows/android-emulator.yml	Android emulator	324448484	Prepare alpha 8 release metadata	dmytro-yevs	dmytro-yevs
31317763236	1	completed	cancelled	push	main	09f8f3f4385ac120843f4b29127f4ab1f7f751be	2026-08-09T14:10:43Z	2026-08-09T14:10:43Z	2026-08-09T14:15:41Z	https://github.com/dmytro-yevs/copypaste/actions/runs/31317763236	.github/workflows/ci.yml	CI	282057606	Prepare alpha 8 release metadata	dmytro-yevs	dmytro-yevs
31317763249	1	completed	cancelled	push	main	09f8f3f4385ac120843f4b29127f4ab1f7f751be	2026-08-09T14:10:43Z	2026-08-09T14:10:43Z	2026-08-09T14:15:52Z	https://github.com/dmytro-yevs/copypaste/actions/runs/31317763249	.github/workflows/browser-webkitgtk.yml	Browser (WebKitGTK, Linux)	324698700	Prepare alpha 8 release metadata	dmytro-yevs	dmytro-yevs
31317763272	1	completed	success	push	main	09f8f3f4385ac120843f4b29127f4ab1f7f751be	2026-08-09T14:10:43Z	2026-08-09T14:10:43Z	2026-08-09T14:11:38Z	https://github.com/dmytro-yevs/copypaste/actions/runs/31317763272	.github/workflows/supply-chain.yml	Supply chain	323997017	Prepare alpha 8 release metadata	dmytro-yevs	dmytro-yevs
31317764704	1	completed	cancelled	push	v2.0.0-alpha.8	09f8f3f4385ac120843f4b29127f4ab1f7f751be	2026-08-09T14:10:46Z	2026-08-09T14:10:46Z	2026-08-09T14:16:06Z	https://github.com/dmytro-yevs/copypaste/actions/runs/31317764704	.github/workflows/release.yml	Release	282057609	Prepare alpha 8 release metadata	dmytro-yevs	dmytro-yevs
31317974024	1	completed	cancelled	push	main	c7b4ea1b12d362ace41804796ef2851591b472d4	2026-08-09T14:15:36Z	2026-08-09T14:15:36Z	2026-08-09T14:38:56Z	https://github.com/dmytro-yevs/copypaste/actions/runs/31317974024	.github/workflows/android-emulator.yml	Android emulator	324448484	Prepare alpha 9 release metadata	dmytro-yevs	dmytro-yevs
31317974031	1	completed	cancelled	push	main	c7b4ea1b12d362ace41804796ef2851591b472d4	2026-08-09T14:15:36Z	2026-08-09T14:15:36Z	2026-08-09T14:38:56Z	https://github.com/dmytro-yevs/copypaste/actions/runs/31317974031	.github/workflows/ci.yml	CI	282057606	Prepare alpha 9 release metadata	dmytro-yevs	dmytro-yevs
31317974033	1	completed	success	push	main	c7b4ea1b12d362ace41804796ef2851591b472d4	2026-08-09T14:15:36Z	2026-08-09T14:15:36Z	2026-08-09T14:16:25Z	https://github.com/dmytro-yevs/copypaste/actions/runs/31317974033	.github/workflows/supply-chain.yml	Supply chain	323997017	Prepare alpha 9 release metadata	dmytro-yevs	dmytro-yevs
31317974038	1	completed	failure	push	main	c7b4ea1b12d362ace41804796ef2851591b472d4	2026-08-09T14:15:36Z	2026-08-09T14:15:36Z	2026-08-09T14:29:10Z	https://github.com/dmytro-yevs/copypaste/actions/runs/31317974038	.github/workflows/windows-native-e2e.yml	Windows native desktop E2E	330512982	Prepare alpha 9 release metadata	dmytro-yevs	dmytro-yevs
31317974066	1	completed	failure	push	main	c7b4ea1b12d362ace41804796ef2851591b472d4	2026-08-09T14:15:36Z	2026-08-09T14:15:36Z	2026-08-09T14:21:39Z	https://github.com/dmytro-yevs/copypaste/actions/runs/31317974066	.github/workflows/browser-webkitgtk.yml	Browser (WebKitGTK, Linux)	324698700	Prepare alpha 9 release metadata	dmytro-yevs	dmytro-yevs
31317975874	1	completed	cancelled	push	v2.0.0-alpha.9	c7b4ea1b12d362ace41804796ef2851591b472d4	2026-08-09T14:15:38Z	2026-08-09T14:15:38Z	2026-08-09T14:45:24Z	https://github.com/dmytro-yevs/copypaste/actions/runs/31317975874	.github/workflows/release.yml	Release	282057609	Prepare alpha 9 release metadata	dmytro-yevs	dmytro-yevs
31318988029	1	completed	cancelled	push	main	deb41194e11c8db493429ba20296c366b5c4618f	2026-08-09T14:38:50Z	2026-08-09T14:38:50Z	2026-08-09T14:41:55Z	https://github.com/dmytro-yevs/copypaste/actions/runs/31318988029	.github/workflows/windows-native-e2e.yml	Windows native desktop E2E	330512982	Fix pairing release gate	dmytro-yevs	dmytro-yevs
31318988034	1	completed	cancelled	push	main	deb41194e11c8db493429ba20296c366b5c4618f	2026-08-09T14:38:50Z	2026-08-09T14:38:50Z	2026-08-09T14:42:06Z	https://github.com/dmytro-yevs/copypaste/actions/runs/31318988034	.github/workflows/ci.yml	CI	282057606	Fix pairing release gate	dmytro-yevs	dmytro-yevs
31318988046	1	completed	cancelled	push	main	deb41194e11c8db493429ba20296c366b5c4618f	2026-08-09T14:38:50Z	2026-08-09T14:38:50Z	2026-08-09T14:43:50Z	https://github.com/dmytro-yevs/copypaste/actions/runs/31318988046	.github/workflows/android-emulator.yml	Android emulator	324448484	Fix pairing release gate	dmytro-yevs	dmytro-yevs
31318988047	1	completed	cancelled	push	main	deb41194e11c8db493429ba20296c366b5c4618f	2026-08-09T14:38:50Z	2026-08-09T14:38:50Z	2026-08-09T14:42:07Z	https://github.com/dmytro-yevs/copypaste/actions/runs/31318988047	.github/workflows/browser-webkitgtk.yml	Browser (WebKitGTK, Linux)	324698700	Fix pairing release gate	dmytro-yevs	dmytro-yevs
31318988056	1	completed	success	push	main	deb41194e11c8db493429ba20296c366b5c4618f	2026-08-09T14:38:50Z	2026-08-09T14:38:50Z	2026-08-09T14:39:48Z	https://github.com/dmytro-yevs/copypaste/actions/runs/31318988056	.github/workflows/supply-chain.yml	Supply chain	323997017	Fix pairing release gate	dmytro-yevs	dmytro-yevs
31319121690	1	completed	cancelled	push	main	3438e619c044f1731ca32693b9ea7d51637e4651	2026-08-09T14:41:50Z	2026-08-09T14:41:50Z	2026-08-09T14:43:38Z	https://github.com/dmytro-yevs/copypaste/actions/runs/31319121690	.github/workflows/windows-native-e2e.yml	Windows native desktop E2E	330512982	Fix Supabase Realtime handshake	dmytro-yevs	dmytro-yevs
31319121697	1	completed	cancelled	push	main	3438e619c044f1731ca32693b9ea7d51637e4651	2026-08-09T14:41:50Z	2026-08-09T14:41:50Z	2026-08-09T14:43:49Z	https://github.com/dmytro-yevs/copypaste/actions/runs/31319121697	.github/workflows/browser-webkitgtk.yml	Browser (WebKitGTK, Linux)	324698700	Fix Supabase Realtime handshake	dmytro-yevs	dmytro-yevs
31319121698	1	completed	success	push	main	3438e619c044f1731ca32693b9ea7d51637e4651	2026-08-09T14:41:50Z	2026-08-09T14:41:50Z	2026-08-09T14:42:42Z	https://github.com/dmytro-yevs/copypaste/actions/runs/31319121698	.github/workflows/supply-chain.yml	Supply chain	323997017	Fix Supabase Realtime handshake	dmytro-yevs	dmytro-yevs
31319121705	1	completed	cancelled	push	main	3438e619c044f1731ca32693b9ea7d51637e4651	2026-08-09T14:41:50Z	2026-08-09T14:41:50Z	2026-08-09T14:43:51Z	https://github.com/dmytro-yevs/copypaste/actions/runs/31319121705	.github/workflows/ci.yml	CI	282057606	Fix Supabase Realtime handshake	dmytro-yevs	dmytro-yevs
31319197910	1	completed	cancelled	push	main	dcef2c3477420ca039ea683ba5fe785f2be251db	2026-08-09T14:43:33Z	2026-08-09T14:43:33Z	2026-08-09T14:44:44Z	https://github.com/dmytro-yevs/copypaste/actions/runs/31319197910	.github/workflows/ci.yml	CI	282057606	Fix macOS pairing objc2 compatibility	dmytro-yevs	dmytro-yevs
31319197913	1	completed	success	push	main	dcef2c3477420ca039ea683ba5fe785f2be251db	2026-08-09T14:43:33Z	2026-08-09T14:43:33Z	2026-08-09T14:44:26Z	https://github.com/dmytro-yevs/copypaste/actions/runs/31319197913	.github/workflows/supply-chain.yml	Supply chain	323997017	Fix macOS pairing objc2 compatibility	dmytro-yevs	dmytro-yevs
31319197914	1	completed	cancelled	push	main	dcef2c3477420ca039ea683ba5fe785f2be251db	2026-08-09T14:43:33Z	2026-08-09T14:43:33Z	2026-08-09T14:44:32Z	https://github.com/dmytro-yevs/copypaste/actions/runs/31319197914	.github/workflows/windows-native-e2e.yml	Windows native desktop E2E	330512982	Fix macOS pairing objc2 compatibility	dmytro-yevs	dmytro-yevs
31319197924	1	completed	cancelled	push	main	dcef2c3477420ca039ea683ba5fe785f2be251db	2026-08-09T14:43:33Z	2026-08-09T14:43:33Z	2026-08-09T14:44:32Z	https://github.com/dmytro-yevs/copypaste/actions/runs/31319197924	.github/workflows/android-emulator.yml	Android emulator	324448484	Fix macOS pairing objc2 compatibility	dmytro-yevs	dmytro-yevs
31319197936	1	completed	cancelled	push	main	dcef2c3477420ca039ea683ba5fe785f2be251db	2026-08-09T14:43:33Z	2026-08-09T14:43:33Z	2026-08-09T14:44:30Z	https://github.com/dmytro-yevs/copypaste/actions/runs/31319197936	.github/workflows/browser-webkitgtk.yml	Browser (WebKitGTK, Linux)	324698700	Fix macOS pairing objc2 compatibility	dmytro-yevs	dmytro-yevs
31319238636	1	completed	success	push	main	227c39d8e169b5efc6979ef4c32c08c27dc3a524	2026-08-09T14:44:27Z	2026-08-09T14:44:27Z	2026-08-09T14:51:47Z	https://github.com/dmytro-yevs/copypaste/actions/runs/31319238636	.github/workflows/browser-webkitgtk.yml	Browser (WebKitGTK, Linux)	324698700	Prepare alpha 10 release metadata	dmytro-yevs	dmytro-yevs
31319238660	1	completed	cancelled	push	main	227c39d8e169b5efc6979ef4c32c08c27dc3a524	2026-08-09T14:44:27Z	2026-08-09T14:44:27Z	2026-08-09T14:58:31Z	https://github.com/dmytro-yevs/copypaste/actions/runs/31319238660	.github/workflows/ci.yml	CI	282057606	Prepare alpha 10 release metadata	dmytro-yevs	dmytro-yevs
31319238677	1	completed	failure	push	main	227c39d8e169b5efc6979ef4c32c08c27dc3a524	2026-08-09T14:44:27Z	2026-08-09T14:44:27Z	2026-08-09T14:57:31Z	https://github.com/dmytro-yevs/copypaste/actions/runs/31319238677	.github/workflows/windows-native-e2e.yml	Windows native desktop E2E	330512982	Prepare alpha 10 release metadata	dmytro-yevs	dmytro-yevs
31319238678	1	completed	success	push	main	227c39d8e169b5efc6979ef4c32c08c27dc3a524	2026-08-09T14:44:27Z	2026-08-09T14:44:27Z	2026-08-09T14:45:19Z	https://github.com/dmytro-yevs/copypaste/actions/runs/31319238678	.github/workflows/supply-chain.yml	Supply chain	323997017	Prepare alpha 10 release metadata	dmytro-yevs	dmytro-yevs
31319238693	1	completed	cancelled	push	main	227c39d8e169b5efc6979ef4c32c08c27dc3a524	2026-08-09T14:44:27Z	2026-08-09T14:44:27Z	2026-08-09T14:59:02Z	https://github.com/dmytro-yevs/copypaste/actions/runs/31319238693	.github/workflows/android-emulator.yml	Android emulator	324448484	Prepare alpha 10 release metadata	dmytro-yevs	dmytro-yevs
31319240270	1	completed	failure	push	v2.0.0-alpha.10	227c39d8e169b5efc6979ef4c32c08c27dc3a524	2026-08-09T14:44:29Z	2026-08-09T14:44:29Z	2026-08-09T15:13:44Z	https://github.com/dmytro-yevs/copypaste/actions/runs/31319240270	.github/workflows/release.yml	Release	282057609	Prepare alpha 10 release metadata	dmytro-yevs	dmytro-yevs
31319858911	1	completed	cancelled	push	main	2a1c6bb05a2e1bf406d572b86c369acac1e166bf	2026-08-09T14:58:25Z	2026-08-09T14:58:25Z	2026-08-09T14:59:12Z	https://github.com/dmytro-yevs/copypaste/actions/runs/31319858911	.github/workflows/supply-chain.yml	Supply chain	323997017	Fix Supabase Realtime channel join	dmytro-yevs	dmytro-yevs
31319858913	1	completed	cancelled	push	main	2a1c6bb05a2e1bf406d572b86c369acac1e166bf	2026-08-09T14:58:25Z	2026-08-09T14:58:25Z	2026-08-09T14:59:13Z	https://github.com/dmytro-yevs/copypaste/actions/runs/31319858913	.github/workflows/ci.yml	CI	282057606	Fix Supabase Realtime channel join	dmytro-yevs	dmytro-yevs
31319858925	1	completed	cancelled	push	main	2a1c6bb05a2e1bf406d572b86c369acac1e166bf	2026-08-09T14:58:25Z	2026-08-09T14:58:25Z	2026-08-09T14:59:07Z	https://github.com/dmytro-yevs/copypaste/actions/runs/31319858925	.github/workflows/browser-webkitgtk.yml	Browser (WebKitGTK, Linux)	324698700	Fix Supabase Realtime channel join	dmytro-yevs	dmytro-yevs
31319858964	1	completed	cancelled	push	main	2a1c6bb05a2e1bf406d572b86c369acac1e166bf	2026-08-09T14:58:25Z	2026-08-09T14:58:25Z	2026-08-09T14:59:03Z	https://github.com/dmytro-yevs/copypaste/actions/runs/31319858964	.github/workflows/windows-native-e2e.yml	Windows native desktop E2E	330512982	Fix Supabase Realtime channel join	dmytro-yevs	dmytro-yevs
31319880815	1	completed	cancelled	push	main	a6be712f47bf8730d26248e6b7c10b756db575a2	2026-08-09T14:58:57Z	2026-08-09T14:58:57Z	2026-08-09T15:13:37Z	https://github.com/dmytro-yevs/copypaste/actions/runs/31319880815	.github/workflows/ci.yml	CI	282057606	Prepare alpha 11 release metadata	dmytro-yevs	dmytro-yevs
31319880817	1	completed	cancelled	push	main	a6be712f47bf8730d26248e6b7c10b756db575a2	2026-08-09T14:58:57Z	2026-08-09T14:58:57Z	2026-08-09T15:18:46Z	https://github.com/dmytro-yevs/copypaste/actions/runs/31319880817	.github/workflows/android-emulator.yml	Android emulator	324448484	Prepare alpha 11 release metadata	dmytro-yevs	dmytro-yevs
31319880826	1	completed	success	push	main	a6be712f47bf8730d26248e6b7c10b756db575a2	2026-08-09T14:58:57Z	2026-08-09T14:58:57Z	2026-08-09T15:00:13Z	https://github.com/dmytro-yevs/copypaste/actions/runs/31319880826	.github/workflows/supply-chain.yml	Supply chain	323997017	Prepare alpha 11 release metadata	dmytro-yevs	dmytro-yevs
31319880833	1	completed	failure	push	main	a6be712f47bf8730d26248e6b7c10b756db575a2	2026-08-09T14:58:57Z	2026-08-09T14:58:57Z	2026-08-09T15:04:06Z	https://github.com/dmytro-yevs/copypaste/actions/runs/31319880833	.github/workflows/browser-webkitgtk.yml	Browser (WebKitGTK, Linux)	324698700	Prepare alpha 11 release metadata	dmytro-yevs	dmytro-yevs
31319880893	1	completed	failure	push	main	a6be712f47bf8730d26248e6b7c10b756db575a2	2026-08-09T14:58:58Z	2026-08-09T14:58:58Z	2026-08-09T15:12:02Z	https://github.com/dmytro-yevs/copypaste/actions/runs/31319880893	.github/workflows/windows-native-e2e.yml	Windows native desktop E2E	330512982	Prepare alpha 11 release metadata	dmytro-yevs	dmytro-yevs
31319882191	1	completed	cancelled	push	v2.0.0-alpha.11	a6be712f47bf8730d26248e6b7c10b756db575a2	2026-08-09T14:58:59Z	2026-08-09T14:58:59Z	2026-08-09T15:19:23Z	https://github.com/dmytro-yevs/copypaste/actions/runs/31319882191	.github/workflows/release.yml	Release	282057609	Prepare alpha 11 release metadata	dmytro-yevs	dmytro-yevs
31320538622	1	completed	cancelled	push	main	0c4493dbae39e059898aa98f814d354b45972890	2026-08-09T15:13:32Z	2026-08-09T15:13:32Z	2026-08-09T15:15:43Z	https://github.com/dmytro-yevs/copypaste/actions/runs/31320538622	.github/workflows/windows-native-e2e.yml	Windows native desktop E2E	330512982	Stabilize pairing presence coverage	dmytro-yevs	dmytro-yevs
31320538652	1	completed	success	push	main	0c4493dbae39e059898aa98f814d354b45972890	2026-08-09T15:13:32Z	2026-08-09T15:13:32Z	2026-08-09T15:14:25Z	https://github.com/dmytro-yevs/copypaste/actions/runs/31320538652	.github/workflows/supply-chain.yml	Supply chain	323997017	Stabilize pairing presence coverage	dmytro-yevs	dmytro-yevs
31320538659	1	completed	cancelled	push	main	0c4493dbae39e059898aa98f814d354b45972890	2026-08-09T15:13:32Z	2026-08-09T15:13:32Z	2026-08-09T15:15:54Z	https://github.com/dmytro-yevs/copypaste/actions/runs/31320538659	.github/workflows/browser-webkitgtk.yml	Browser (WebKitGTK, Linux)	324698700	Stabilize pairing presence coverage	dmytro-yevs	dmytro-yevs
31320538673	1	completed	cancelled	push	main	0c4493dbae39e059898aa98f814d354b45972890	2026-08-09T15:13:32Z	2026-08-09T15:13:32Z	2026-08-09T15:15:54Z	https://github.com/dmytro-yevs/copypaste/actions/runs/31320538673	.github/workflows/ci.yml	CI	282057606	Stabilize pairing presence coverage	dmytro-yevs	dmytro-yevs
31320632284	1	completed	cancelled	push	main	abe162bc1530e138266d600769a2d1206ce4c267	2026-08-09T15:15:38Z	2026-08-09T15:15:38Z	2026-08-09T15:18:04Z	https://github.com/dmytro-yevs/copypaste/actions/runs/31320632284	.github/workflows/browser-webkitgtk.yml	Browser (WebKitGTK, Linux)	324698700	Wait for Supabase replication readiness	dmytro-yevs	dmytro-yevs
31320632289	1	completed	cancelled	push	main	abe162bc1530e138266d600769a2d1206ce4c267	2026-08-09T15:15:38Z	2026-08-09T15:15:38Z	2026-08-09T15:18:03Z	https://github.com/dmytro-yevs/copypaste/actions/runs/31320632289	.github/workflows/ci.yml	CI	282057606	Wait for Supabase replication readiness	dmytro-yevs	dmytro-yevs
31320632291	1	completed	cancelled	push	main	abe162bc1530e138266d600769a2d1206ce4c267	2026-08-09T15:15:38Z	2026-08-09T15:15:38Z	2026-08-09T15:17:52Z	https://github.com/dmytro-yevs/copypaste/actions/runs/31320632291	.github/workflows/windows-native-e2e.yml	Windows native desktop E2E	330512982	Wait for Supabase replication readiness	dmytro-yevs	dmytro-yevs
31320632297	1	completed	success	push	main	abe162bc1530e138266d600769a2d1206ce4c267	2026-08-09T15:15:38Z	2026-08-09T15:15:38Z	2026-08-09T15:16:37Z	https://github.com/dmytro-yevs/copypaste/actions/runs/31320632297	.github/workflows/supply-chain.yml	Supply chain	323997017	Wait for Supabase replication readiness	dmytro-yevs	dmytro-yevs
31320727212	1	completed	cancelled	push	main	0af164467318746c4d19b4acc1920656931f9cc1	2026-08-09T15:17:47Z	2026-08-09T15:17:47Z	2026-08-09T15:18:57Z	https://github.com/dmytro-yevs/copypaste/actions/runs/31320727212	.github/workflows/ci.yml	CI	282057606	Fix macOS release evidence app targeting	dmytro-yevs	dmytro-yevs
31320727233	1	completed	cancelled	push	main	0af164467318746c4d19b4acc1920656931f9cc1	2026-08-09T15:17:47Z	2026-08-09T15:17:47Z	2026-08-09T15:18:49Z	https://github.com/dmytro-yevs/copypaste/actions/runs/31320727233	.github/workflows/supply-chain.yml	Supply chain	323997017	Fix macOS release evidence app targeting	dmytro-yevs	dmytro-yevs
31320727234	1	completed	cancelled	push	main	0af164467318746c4d19b4acc1920656931f9cc1	2026-08-09T15:17:47Z	2026-08-09T15:17:47Z	2026-08-09T15:18:46Z	https://github.com/dmytro-yevs/copypaste/actions/runs/31320727234	.github/workflows/windows-native-e2e.yml	Windows native desktop E2E	330512982	Fix macOS release evidence app targeting	dmytro-yevs	dmytro-yevs
31320727254	1	completed	cancelled	push	main	0af164467318746c4d19b4acc1920656931f9cc1	2026-08-09T15:17:47Z	2026-08-09T15:17:47Z	2026-08-09T15:18:52Z	https://github.com/dmytro-yevs/copypaste/actions/runs/31320727254	.github/workflows/browser-webkitgtk.yml	Browser (WebKitGTK, Linux)	324698700	Fix macOS release evidence app targeting	dmytro-yevs	dmytro-yevs
31320765838	1	completed	failure	push	main	6b2d67c46a623bb7fd02fbd71921d46b8c3f35e7	2026-08-09T15:18:40Z	2026-08-09T15:18:40Z	2026-08-09T15:41:01Z	https://github.com/dmytro-yevs/copypaste/actions/runs/31320765838	.github/workflows/android-emulator.yml	Android emulator	324448484	Prepare alpha 12 release metadata	dmytro-yevs	dmytro-yevs
31320765843	1	completed	success	push	main	6b2d67c46a623bb7fd02fbd71921d46b8c3f35e7	2026-08-09T15:18:40Z	2026-08-09T15:18:40Z	2026-08-09T15:19:46Z	https://github.com/dmytro-yevs/copypaste/actions/runs/31320765843	.github/workflows/supply-chain.yml	Supply chain	323997017	Prepare alpha 12 release metadata	dmytro-yevs	dmytro-yevs
31320765847	1	completed	failure	push	main	6b2d67c46a623bb7fd02fbd71921d46b8c3f35e7	2026-08-09T15:18:40Z	2026-08-09T15:18:40Z	2026-08-09T15:33:09Z	https://github.com/dmytro-yevs/copypaste/actions/runs/31320765847	.github/workflows/windows-native-e2e.yml	Windows native desktop E2E	330512982	Prepare alpha 12 release metadata	dmytro-yevs	dmytro-yevs
31320765853	1	completed	success	push	main	6b2d67c46a623bb7fd02fbd71921d46b8c3f35e7	2026-08-09T15:18:40Z	2026-08-09T15:18:40Z	2026-08-09T15:27:13Z	https://github.com/dmytro-yevs/copypaste/actions/runs/31320765853	.github/workflows/browser-webkitgtk.yml	Browser (WebKitGTK, Linux)	324698700	Prepare alpha 12 release metadata	dmytro-yevs	dmytro-yevs
31320765856	1	completed	cancelled	push	main	6b2d67c46a623bb7fd02fbd71921d46b8c3f35e7	2026-08-09T15:18:40Z	2026-08-09T15:18:40Z	2026-08-09T15:48:35Z	https://github.com/dmytro-yevs/copypaste/actions/runs/31320765856	.github/workflows/ci.yml	CI	282057606	Prepare alpha 12 release metadata	dmytro-yevs	dmytro-yevs
31320767392	1	completed	failure	push	v2.0.0-alpha.12	6b2d67c46a623bb7fd02fbd71921d46b8c3f35e7	2026-08-09T15:18:43Z	2026-08-09T15:18:43Z	2026-08-09T15:47:30Z	https://github.com/dmytro-yevs/copypaste/actions/runs/31320767392	.github/workflows/release.yml	Release	282057609	Prepare alpha 12 release metadata	dmytro-yevs	dmytro-yevs
31322101830	1	completed	cancelled	push	main	9e36f7acdf454a568a03ef04d3417850395ef79a	2026-08-09T15:48:29Z	2026-08-09T15:48:29Z	2026-08-09T15:49:18Z	https://github.com/dmytro-yevs/copypaste/actions/runs/31322101830	.github/workflows/supply-chain.yml	Supply chain	323997017	Drive macOS cloud fields through input events	dmytro-yevs	dmytro-yevs
31322101833	1	completed	cancelled	push	main	9e36f7acdf454a568a03ef04d3417850395ef79a	2026-08-09T15:48:29Z	2026-08-09T15:48:29Z	2026-08-09T15:49:08Z	https://github.com/dmytro-yevs/copypaste/actions/runs/31322101833	.github/workflows/windows-native-e2e.yml	Windows native desktop E2E	330512982	Drive macOS cloud fields through input events	dmytro-yevs	dmytro-yevs
31322101839	1	completed	cancelled	push	main	9e36f7acdf454a568a03ef04d3417850395ef79a	2026-08-09T15:48:29Z	2026-08-09T15:48:29Z	2026-08-09T15:49:10Z	https://github.com/dmytro-yevs/copypaste/actions/runs/31322101839	.github/workflows/browser-webkitgtk.yml	Browser (WebKitGTK, Linux)	324698700	Drive macOS cloud fields through input events	dmytro-yevs	dmytro-yevs
31322101846	1	completed	cancelled	push	main	9e36f7acdf454a568a03ef04d3417850395ef79a	2026-08-09T15:48:29Z	2026-08-09T15:48:29Z	2026-08-09T15:49:21Z	https://github.com/dmytro-yevs/copypaste/actions/runs/31322101846	.github/workflows/ci.yml	CI	282057606	Drive macOS cloud fields through input events	dmytro-yevs	dmytro-yevs
31322126852	1	completed	cancelled	push	main	75824a82f9f667d0c081e8fcccc282647349cc4c	2026-08-09T15:49:03Z	2026-08-09T15:49:03Z	2026-08-09T15:50:47Z	https://github.com/dmytro-yevs/copypaste/actions/runs/31322126852	.github/workflows/browser-webkitgtk.yml	Browser (WebKitGTK, Linux)	324698700	Prepare alpha 13 release metadata	dmytro-yevs	dmytro-yevs
31322126855	1	completed	success	push	main	75824a82f9f667d0c081e8fcccc282647349cc4c	2026-08-09T15:49:03Z	2026-08-09T15:49:03Z	2026-08-09T15:50:09Z	https://github.com/dmytro-yevs/copypaste/actions/runs/31322126855	.github/workflows/supply-chain.yml	Supply chain	323997017	Prepare alpha 13 release metadata	dmytro-yevs	dmytro-yevs
31322126858	1	completed	cancelled	push	main	75824a82f9f667d0c081e8fcccc282647349cc4c	2026-08-09T15:49:03Z	2026-08-09T15:49:03Z	2026-08-09T15:50:49Z	https://github.com/dmytro-yevs/copypaste/actions/runs/31322126858	.github/workflows/ci.yml	CI	282057606	Prepare alpha 13 release metadata	dmytro-yevs	dmytro-yevs
31322126874	1	completed	cancelled	push	main	75824a82f9f667d0c081e8fcccc282647349cc4c	2026-08-09T15:49:03Z	2026-08-09T15:49:03Z	2026-08-09T15:50:36Z	https://github.com/dmytro-yevs/copypaste/actions/runs/31322126874	.github/workflows/windows-native-e2e.yml	Windows native desktop E2E	330512982	Prepare alpha 13 release metadata	dmytro-yevs	dmytro-yevs
31322126911	1	completed	cancelled	push	main	75824a82f9f667d0c081e8fcccc282647349cc4c	2026-08-09T15:49:03Z	2026-08-09T15:49:03Z	2026-08-09T15:51:19Z	https://github.com/dmytro-yevs/copypaste/actions/runs/31322126911	.github/workflows/android-emulator.yml	Android emulator	324448484	Prepare alpha 13 release metadata	dmytro-yevs	dmytro-yevs
31322135225	1	completed	cancelled	push	v2.0.0-alpha.13	75824a82f9f667d0c081e8fcccc282647349cc4c	2026-08-09T15:49:13Z	2026-08-09T15:49:13Z	2026-08-09T15:51:33Z	https://github.com/dmytro-yevs/copypaste/actions/runs/31322135225	.github/workflows/release.yml	Release	282057609	Prepare alpha 13 release metadata	dmytro-yevs	dmytro-yevs
31322196301	1	completed	cancelled	push	main	0bb4b47870c58722e3c6fc4d59c5110c4c1a09b0	2026-08-09T15:50:32Z	2026-08-09T15:50:32Z	2026-08-09T15:51:16Z	https://github.com/dmytro-yevs/copypaste/actions/runs/31322196301	.github/workflows/browser-webkitgtk.yml	Browser (WebKitGTK, Linux)	324698700	Accept Tauri universal Android evidence APK	dmytro-yevs	dmytro-yevs
31322196328	1	completed	cancelled	push	main	0bb4b47870c58722e3c6fc4d59c5110c4c1a09b0	2026-08-09T15:50:32Z	2026-08-09T15:50:32Z	2026-08-09T15:51:04Z	https://github.com/dmytro-yevs/copypaste/actions/runs/31322196328	.github/workflows/windows-native-e2e.yml	Windows native desktop E2E	330512982	Accept Tauri universal Android evidence APK	dmytro-yevs	dmytro-yevs
31322196337	1	completed	cancelled	push	main	0bb4b47870c58722e3c6fc4d59c5110c4c1a09b0	2026-08-09T15:50:32Z	2026-08-09T15:50:32Z	2026-08-09T15:51:14Z	https://github.com/dmytro-yevs/copypaste/actions/runs/31322196337	.github/workflows/supply-chain.yml	Supply chain	323997017	Accept Tauri universal Android evidence APK	dmytro-yevs	dmytro-yevs
31322196355	1	completed	cancelled	push	main	0bb4b47870c58722e3c6fc4d59c5110c4c1a09b0	2026-08-09T15:50:32Z	2026-08-09T15:50:32Z	2026-08-09T15:51:13Z	https://github.com/dmytro-yevs/copypaste/actions/runs/31322196355	.github/workflows/ci.yml	CI	282057606	Accept Tauri universal Android evidence APK	dmytro-yevs	dmytro-yevs
31322215570	1	completed	success	push	main	99a0f16a13aadef4fe845749050a67376e0def2c	2026-08-09T15:51:00Z	2026-08-09T15:51:00Z	2026-08-09T15:52:17Z	https://github.com/dmytro-yevs/copypaste/actions/runs/31322215570	.github/workflows/supply-chain.yml	Supply chain	323997017	Prepare alpha 14 release metadata	dmytro-yevs	dmytro-yevs
31322215573	1	completed	failure	push	main	99a0f16a13aadef4fe845749050a67376e0def2c	2026-08-09T15:51:00Z	2026-08-09T15:51:00Z	2026-08-09T16:14:12Z	https://github.com/dmytro-yevs/copypaste/actions/runs/31322215573	.github/workflows/android-emulator.yml	Android emulator	324448484	Prepare alpha 14 release metadata	dmytro-yevs	dmytro-yevs
31322215592	1	completed	failure	push	main	99a0f16a13aadef4fe845749050a67376e0def2c	2026-08-09T15:51:00Z	2026-08-09T15:51:00Z	2026-08-09T16:01:37Z	https://github.com/dmytro-yevs/copypaste/actions/runs/31322215592	.github/workflows/windows-native-e2e.yml	Windows native desktop E2E	330512982	Prepare alpha 14 release metadata	dmytro-yevs	dmytro-yevs
31322215593	1	completed	success	push	main	99a0f16a13aadef4fe845749050a67376e0def2c	2026-08-09T15:51:00Z	2026-08-09T15:51:00Z	2026-08-09T15:59:29Z	https://github.com/dmytro-yevs/copypaste/actions/runs/31322215593	.github/workflows/browser-webkitgtk.yml	Browser (WebKitGTK, Linux)	324698700	Prepare alpha 14 release metadata	dmytro-yevs	dmytro-yevs
31322215594	1	completed	cancelled	push	main	99a0f16a13aadef4fe845749050a67376e0def2c	2026-08-09T15:51:00Z	2026-08-09T15:51:00Z	2026-08-09T16:23:10Z	https://github.com/dmytro-yevs/copypaste/actions/runs/31322215594	.github/workflows/ci.yml	CI	282057606	Prepare alpha 14 release metadata	dmytro-yevs	dmytro-yevs
31322222290	1	completed	cancelled	push	v2.0.0-alpha.14	99a0f16a13aadef4fe845749050a67376e0def2c	2026-08-09T15:51:10Z	2026-08-09T15:51:10Z	2026-08-09T16:24:08Z	https://github.com/dmytro-yevs/copypaste/actions/runs/31322222290	.github/workflows/release.yml	Release	282057609	Prepare alpha 14 release metadata	dmytro-yevs	dmytro-yevs
31323644178	1	completed	cancelled	push	main	258183ebfda86fc1f6847d2b807e57094f34d59d	2026-08-09T16:23:05Z	2026-08-09T16:23:05Z	2026-08-09T16:23:51Z	https://github.com/dmytro-yevs/copypaste/actions/runs/31323644178	.github/workflows/browser-webkitgtk.yml	Browser (WebKitGTK, Linux)	324698700	Speed macOS accessibility label probes	dmytro-yevs	dmytro-yevs
31323644182	1	completed	cancelled	push	main	258183ebfda86fc1f6847d2b807e57094f34d59d	2026-08-09T16:23:05Z	2026-08-09T16:23:05Z	2026-08-09T16:23:59Z	https://github.com/dmytro-yevs/copypaste/actions/runs/31323644182	.github/workflows/supply-chain.yml	Supply chain	323997017	Speed macOS accessibility label probes	dmytro-yevs	dmytro-yevs
31323644183	1	completed	cancelled	push	main	258183ebfda86fc1f6847d2b807e57094f34d59d	2026-08-09T16:23:05Z	2026-08-09T16:23:05Z	2026-08-09T16:24:00Z	https://github.com/dmytro-yevs/copypaste/actions/runs/31323644183	.github/workflows/ci.yml	CI	282057606	Speed macOS accessibility label probes	dmytro-yevs	dmytro-yevs
31323644204	1	completed	cancelled	push	main	258183ebfda86fc1f6847d2b807e57094f34d59d	2026-08-09T16:23:05Z	2026-08-09T16:23:05Z	2026-08-09T16:23:50Z	https://github.com/dmytro-yevs/copypaste/actions/runs/31323644204	.github/workflows/windows-native-e2e.yml	Windows native desktop E2E	330512982	Speed macOS accessibility label probes	dmytro-yevs	dmytro-yevs
31323673541	1	completed	failure	push	main	696e23fc83e8de1afddcd64708e94bf53cf242fb	2026-08-09T16:23:44Z	2026-08-09T16:23:44Z	2026-08-09T16:38:50Z	https://github.com/dmytro-yevs/copypaste/actions/runs/31323673541	.github/workflows/windows-native-e2e.yml	Windows native desktop E2E	330512982	Prepare alpha 15 release metadata	dmytro-yevs	dmytro-yevs
31323673543	1	completed	cancelled	push	main	696e23fc83e8de1afddcd64708e94bf53cf242fb	2026-08-09T16:23:44Z	2026-08-09T16:23:44Z	2026-08-09T16:45:12Z	https://github.com/dmytro-yevs/copypaste/actions/runs/31323673543	.github/workflows/android-emulator.yml	Android emulator	324448484	Prepare alpha 15 release metadata	dmytro-yevs	dmytro-yevs
31323673546	1	completed	cancelled	push	main	696e23fc83e8de1afddcd64708e94bf53cf242fb	2026-08-09T16:23:44Z	2026-08-09T16:23:44Z	2026-08-09T16:45:13Z	https://github.com/dmytro-yevs/copypaste/actions/runs/31323673546	.github/workflows/ci.yml	CI	282057606	Prepare alpha 15 release metadata	dmytro-yevs	dmytro-yevs
31323673548	1	completed	success	push	main	696e23fc83e8de1afddcd64708e94bf53cf242fb	2026-08-09T16:23:44Z	2026-08-09T16:23:44Z	2026-08-09T16:32:12Z	https://github.com/dmytro-yevs/copypaste/actions/runs/31323673548	.github/workflows/browser-webkitgtk.yml	Browser (WebKitGTK, Linux)	324698700	Prepare alpha 15 release metadata	dmytro-yevs	dmytro-yevs
31323673566	1	completed	success	push	main	696e23fc83e8de1afddcd64708e94bf53cf242fb	2026-08-09T16:23:44Z	2026-08-09T16:23:44Z	2026-08-09T16:24:48Z	https://github.com/dmytro-yevs/copypaste/actions/runs/31323673566	.github/workflows/supply-chain.yml	Supply chain	323997017	Prepare alpha 15 release metadata	dmytro-yevs	dmytro-yevs
31323674713	1	completed	cancelled	push	v2.0.0-alpha.15	696e23fc83e8de1afddcd64708e94bf53cf242fb	2026-08-09T16:23:46Z	2026-08-09T16:23:46Z	2026-08-09T16:46:07Z	https://github.com/dmytro-yevs/copypaste/actions/runs/31323674713	.github/workflows/release.yml	Release	282057609	Prepare alpha 15 release metadata	dmytro-yevs	dmytro-yevs
31324600584	1	completed	cancelled	push	main	2a393387875a5af04a22f77cda063a2f3466c576	2026-08-09T16:45:08Z	2026-08-09T16:45:08Z	2026-08-09T16:45:38Z	https://github.com/dmytro-yevs/copypaste/actions/runs/31324600584	.github/workflows/ci.yml	CI	282057606	Extend skipped cloud sync warning duration	dmytro-yevs	dmytro-yevs
31324600587	1	completed	cancelled	push	main	2a393387875a5af04a22f77cda063a2f3466c576	2026-08-09T16:45:08Z	2026-08-09T16:45:08Z	2026-08-09T16:45:36Z	https://github.com/dmytro-yevs/copypaste/actions/runs/31324600587	.github/workflows/android-emulator.yml	Android emulator	324448484	Extend skipped cloud sync warning duration	dmytro-yevs	dmytro-yevs
31324600598	1	completed	cancelled	push	main	2a393387875a5af04a22f77cda063a2f3466c576	2026-08-09T16:45:08Z	2026-08-09T16:45:08Z	2026-08-09T16:45:44Z	https://github.com/dmytro-yevs/copypaste/actions/runs/31324600598	.github/workflows/supply-chain.yml	Supply chain	323997017	Extend skipped cloud sync warning duration	dmytro-yevs	dmytro-yevs
31324600608	1	completed	cancelled	push	main	2a393387875a5af04a22f77cda063a2f3466c576	2026-08-09T16:45:08Z	2026-08-09T16:45:08Z	2026-08-09T16:45:47Z	https://github.com/dmytro-yevs/copypaste/actions/runs/31324600608	.github/workflows/browser-webkitgtk.yml	Browser (WebKitGTK, Linux)	324698700	Extend skipped cloud sync warning duration	dmytro-yevs	dmytro-yevs
31324600620	1	completed	cancelled	push	main	2a393387875a5af04a22f77cda063a2f3466c576	2026-08-09T16:45:08Z	2026-08-09T16:45:08Z	2026-08-09T16:45:35Z	https://github.com/dmytro-yevs/copypaste/actions/runs/31324600620	.github/workflows/windows-native-e2e.yml	Windows native desktop E2E	330512982	Extend skipped cloud sync warning duration	dmytro-yevs	dmytro-yevs
31324620830	1	completed	success	push	main	3a8e4496e102648f383946b21bd6dd1740ba47c0	2026-08-09T16:45:31Z	2026-08-09T16:45:31Z	2026-08-09T16:46:45Z	https://github.com/dmytro-yevs/copypaste/actions/runs/31324620830	.github/workflows/supply-chain.yml	Supply chain	323997017	Prepare alpha 16 release metadata	dmytro-yevs	dmytro-yevs
31324620846	1	completed	failure	push	main	3a8e4496e102648f383946b21bd6dd1740ba47c0	2026-08-09T16:45:31Z	2026-08-09T16:45:31Z	2026-08-09T16:58:15Z	https://github.com/dmytro-yevs/copypaste/actions/runs/31324620846	.github/workflows/windows-native-e2e.yml	Windows native desktop E2E	330512982	Prepare alpha 16 release metadata	dmytro-yevs	dmytro-yevs
31324620855	1	completed	failure	push	main	3a8e4496e102648f383946b21bd6dd1740ba47c0	2026-08-09T16:45:31Z	2026-08-09T16:45:31Z	2026-08-09T17:07:38Z	https://github.com/dmytro-yevs/copypaste/actions/runs/31324620855	.github/workflows/android-emulator.yml	Android emulator	324448484	Prepare alpha 16 release metadata	dmytro-yevs	dmytro-yevs
31324620864	1	completed	failure	push	main	3a8e4496e102648f383946b21bd6dd1740ba47c0	2026-08-09T16:45:31Z	2026-08-09T16:45:31Z	2026-08-09T17:26:44Z	https://github.com/dmytro-yevs/copypaste/actions/runs/31324620864	.github/workflows/ci.yml	CI	282057606	Prepare alpha 16 release metadata	dmytro-yevs	dmytro-yevs
31324620899	1	completed	success	push	main	3a8e4496e102648f383946b21bd6dd1740ba47c0	2026-08-09T16:45:31Z	2026-08-09T16:45:31Z	2026-08-09T16:54:04Z	https://github.com/dmytro-yevs/copypaste/actions/runs/31324620899	.github/workflows/browser-webkitgtk.yml	Browser (WebKitGTK, Linux)	324698700	Prepare alpha 16 release metadata	dmytro-yevs	dmytro-yevs
31324623205	1	completed	cancelled	push	v2.0.0-alpha.16	3a8e4496e102648f383946b21bd6dd1740ba47c0	2026-08-09T16:45:33Z	2026-08-09T16:45:33Z	2026-08-09T17:19:56Z	https://github.com/dmytro-yevs/copypaste/actions/runs/31324623205	.github/workflows/release.yml	Release	282057609	Prepare alpha 16 release metadata	dmytro-yevs	dmytro-yevs
31331500258	1	completed	cancelled	push	main	82846d96a4576c975e7880b411806fa492e5a706	2026-08-09T19:23:10Z	2026-08-09T19:23:10Z	2026-08-09T19:27:57Z	https://github.com/dmytro-yevs/copypaste/actions/runs/31331500258	.github/workflows/browser-webkitgtk.yml	Browser (WebKitGTK, Linux)	324698700	Document Android install recovery	dmytro-yevs	dmytro-yevs
31331500263	1	completed	cancelled	push	main	82846d96a4576c975e7880b411806fa492e5a706	2026-08-09T19:23:10Z	2026-08-09T19:23:10Z	2026-08-09T19:33:41Z	https://github.com/dmytro-yevs/copypaste/actions/runs/31331500263	.github/workflows/android-emulator.yml	Android emulator	324448484	Document Android install recovery	dmytro-yevs	dmytro-yevs
31331500269	1	completed	success	push	main	82846d96a4576c975e7880b411806fa492e5a706	2026-08-09T19:23:10Z	2026-08-09T19:23:10Z	2026-08-09T19:24:10Z	https://github.com/dmytro-yevs/copypaste/actions/runs/31331500269	.github/workflows/supply-chain.yml	Supply chain	323997017	Document Android install recovery	dmytro-yevs	dmytro-yevs
31331500275	1	completed	cancelled	push	main	82846d96a4576c975e7880b411806fa492e5a706	2026-08-09T19:23:10Z	2026-08-09T19:23:10Z	2026-08-09T19:27:46Z	https://github.com/dmytro-yevs/copypaste/actions/runs/31331500275	.github/workflows/ci.yml	CI	282057606	Document Android install recovery	dmytro-yevs	dmytro-yevs
31331500282	1	completed	cancelled	push	main	82846d96a4576c975e7880b411806fa492e5a706	2026-08-09T19:23:10Z	2026-08-09T19:23:10Z	2026-08-09T19:27:45Z	https://github.com/dmytro-yevs/copypaste/actions/runs/31331500282	.github/workflows/windows-native-e2e.yml	Windows native desktop E2E	330512982	Document Android install recovery	dmytro-yevs	dmytro-yevs
31331697209	1	completed	cancelled	push	main	4b17d47a7a7ada8aea1d1af600fc3d04ed5ca56e	2026-08-09T19:27:41Z	2026-08-09T19:27:41Z	2026-08-09T19:30:11Z	https://github.com/dmytro-yevs/copypaste/actions/runs/31331697209	.github/workflows/ci.yml	CI	282057606	Run actionlint without the Node wrapper	dmytro-yevs	dmytro-yevs
31331697210	1	completed	cancelled	push	main	4b17d47a7a7ada8aea1d1af600fc3d04ed5ca56e	2026-08-09T19:27:41Z	2026-08-09T19:27:41Z	2026-08-09T19:30:09Z	https://github.com/dmytro-yevs/copypaste/actions/runs/31331697210	.github/workflows/browser-webkitgtk.yml	Browser (WebKitGTK, Linux)	324698700	Run actionlint without the Node wrapper	dmytro-yevs	dmytro-yevs
31331697211	1	completed	success	push	main	4b17d47a7a7ada8aea1d1af600fc3d04ed5ca56e	2026-08-09T19:27:41Z	2026-08-09T19:27:41Z	2026-08-09T19:28:41Z	https://github.com/dmytro-yevs/copypaste/actions/runs/31331697211	.github/workflows/supply-chain.yml	Supply chain	323997017	Run actionlint without the Node wrapper	dmytro-yevs	dmytro-yevs
31331697251	1	completed	cancelled	push	main	4b17d47a7a7ada8aea1d1af600fc3d04ed5ca56e	2026-08-09T19:27:41Z	2026-08-09T19:27:41Z	2026-08-09T19:29:57Z	https://github.com/dmytro-yevs/copypaste/actions/runs/31331697251	.github/workflows/windows-native-e2e.yml	Windows native desktop E2E	330512982	Run actionlint without the Node wrapper	dmytro-yevs	dmytro-yevs
31331789829	1	completed	cancelled	push	main	e57f83a54a16db65c21d0b2ec56fc24351612619	2026-08-09T19:29:51Z	2026-08-09T19:29:51Z	2026-08-09T19:33:24Z	https://github.com/dmytro-yevs/copypaste/actions/runs/31331789829	.github/workflows/ci.yml	CI	282057606	Quote prerelease publication arguments	dmytro-yevs	dmytro-yevs
31331789837	1	completed	cancelled	push	main	e57f83a54a16db65c21d0b2ec56fc24351612619	2026-08-09T19:29:51Z	2026-08-09T19:29:51Z	2026-08-09T19:33:12Z	https://github.com/dmytro-yevs/copypaste/actions/runs/31331789837	.github/workflows/windows-native-e2e.yml	Windows native desktop E2E	330512982	Quote prerelease publication arguments	dmytro-yevs	dmytro-yevs
31331789838	1	completed	cancelled	push	main	e57f83a54a16db65c21d0b2ec56fc24351612619	2026-08-09T19:29:51Z	2026-08-09T19:29:51Z	2026-08-09T19:33:36Z	https://github.com/dmytro-yevs/copypaste/actions/runs/31331789838	.github/workflows/browser-webkitgtk.yml	Browser (WebKitGTK, Linux)	324698700	Quote prerelease publication arguments	dmytro-yevs	dmytro-yevs
31331789849	1	completed	success	push	main	e57f83a54a16db65c21d0b2ec56fc24351612619	2026-08-09T19:29:51Z	2026-08-09T19:29:51Z	2026-08-09T19:30:51Z	https://github.com/dmytro-yevs/copypaste/actions/runs/31331789849	.github/workflows/supply-chain.yml	Supply chain	323997017	Quote prerelease publication arguments	dmytro-yevs	dmytro-yevs
31331944487	1	completed	cancelled	push	main	0b695211644d4958c3f3f6b7b9b56b7ad007127c	2026-08-09T19:33:08Z	2026-08-09T19:33:08Z	2026-08-09T19:33:48Z	https://github.com/dmytro-yevs/copypaste/actions/runs/31331944487	.github/workflows/supply-chain.yml	Supply chain	323997017	Load Android metadata dependencies lazily	dmytro-yevs	dmytro-yevs
31331944493	1	completed	cancelled	push	main	0b695211644d4958c3f3f6b7b9b56b7ad007127c	2026-08-09T19:33:08Z	2026-08-09T19:33:08Z	2026-08-09T19:33:46Z	https://github.com/dmytro-yevs/copypaste/actions/runs/31331944493	.github/workflows/windows-native-e2e.yml	Windows native desktop E2E	330512982	Load Android metadata dependencies lazily	dmytro-yevs	dmytro-yevs
31331944496	1	completed	cancelled	push	main	0b695211644d4958c3f3f6b7b9b56b7ad007127c	2026-08-09T19:33:08Z	2026-08-09T19:33:08Z	2026-08-09T19:33:26Z	https://github.com/dmytro-yevs/copypaste/actions/runs/31331944496	.github/workflows/ci.yml	CI	282057606	Load Android metadata dependencies lazily	dmytro-yevs	dmytro-yevs
31331944502	1	completed	cancelled	push	main	0b695211644d4958c3f3f6b7b9b56b7ad007127c	2026-08-09T19:33:08Z	2026-08-09T19:33:08Z	2026-08-09T19:33:26Z	https://github.com/dmytro-yevs/copypaste/actions/runs/31331944502	.github/workflows/browser-webkitgtk.yml	Browser (WebKitGTK, Linux)	324698700	Load Android metadata dependencies lazily	dmytro-yevs	dmytro-yevs
31331955801	1	completed	failure	push	main	f185a141b3f46e116e222d3e69a1bfb92ddbe52c	2026-08-09T19:33:24Z	2026-08-09T19:33:24Z	2026-08-09T19:42:44Z	https://github.com/dmytro-yevs/copypaste/actions/runs/31331955801	.github/workflows/browser-webkitgtk.yml	Browser (WebKitGTK, Linux)	324698700	Mark release scripts executable	dmytro-yevs	dmytro-yevs
31331955811	1	completed	cancelled	push	main	f185a141b3f46e116e222d3e69a1bfb92ddbe52c	2026-08-09T19:33:24Z	2026-08-09T19:33:24Z	2026-08-09T19:58:07Z	https://github.com/dmytro-yevs/copypaste/actions/runs/31331955811	.github/workflows/ci.yml	CI	282057606	Mark release scripts executable	dmytro-yevs	dmytro-yevs
31331955813	1	completed	cancelled	push	main	f185a141b3f46e116e222d3e69a1bfb92ddbe52c	2026-08-09T19:33:24Z	2026-08-09T19:33:24Z	2026-08-09T19:58:10Z	https://github.com/dmytro-yevs/copypaste/actions/runs/31331955813	.github/workflows/android-emulator.yml	Android emulator	324448484	Mark release scripts executable	dmytro-yevs	dmytro-yevs
31331955814	1	completed	failure	push	main	f185a141b3f46e116e222d3e69a1bfb92ddbe52c	2026-08-09T19:33:24Z	2026-08-09T19:33:24Z	2026-08-09T19:46:24Z	https://github.com/dmytro-yevs/copypaste/actions/runs/31331955814	.github/workflows/windows-native-e2e.yml	Windows native desktop E2E	330512982	Mark release scripts executable	dmytro-yevs	dmytro-yevs
31331955824	1	completed	success	push	main	f185a141b3f46e116e222d3e69a1bfb92ddbe52c	2026-08-09T19:33:25Z	2026-08-09T19:33:25Z	2026-08-09T19:34:36Z	https://github.com/dmytro-yevs/copypaste/actions/runs/31331955824	.github/workflows/supply-chain.yml	Supply chain	323997017	Mark release scripts executable	dmytro-yevs	dmytro-yevs
31333026612	1	completed	success	push	main	382bbe47a9c40f44c6ea5bb169d75b6bb68a0057	2026-08-09T19:58:03Z	2026-08-09T19:58:03Z	2026-08-09T19:58:54Z	https://github.com/dmytro-yevs/copypaste/actions/runs/31333026612	.github/workflows/supply-chain.yml	Supply chain	323997017	Fix macOS CI regressions	dmytro-yevs	dmytro-yevs
31333026617	1	completed	failure	push	main	382bbe47a9c40f44c6ea5bb169d75b6bb68a0057	2026-08-09T19:58:03Z	2026-08-09T19:58:03Z	2026-08-09T20:25:54Z	https://github.com/dmytro-yevs/copypaste/actions/runs/31333026617	.github/workflows/android-emulator.yml	Android emulator	324448484	Fix macOS CI regressions	dmytro-yevs	dmytro-yevs
31333026623	1	completed	cancelled	push	main	382bbe47a9c40f44c6ea5bb169d75b6bb68a0057	2026-08-09T19:58:03Z	2026-08-09T19:58:03Z	2026-08-09T19:59:50Z	https://github.com/dmytro-yevs/copypaste/actions/runs/31333026623	.github/workflows/windows-native-e2e.yml	Windows native desktop E2E	330512982	Fix macOS CI regressions	dmytro-yevs	dmytro-yevs
31333026626	1	completed	cancelled	push	main	382bbe47a9c40f44c6ea5bb169d75b6bb68a0057	2026-08-09T19:58:03Z	2026-08-09T19:58:03Z	2026-08-09T20:00:01Z	https://github.com/dmytro-yevs/copypaste/actions/runs/31333026626	.github/workflows/browser-webkitgtk.yml	Browser (WebKitGTK, Linux)	324698700	Fix macOS CI regressions	dmytro-yevs	dmytro-yevs
31333026638	1	completed	cancelled	push	main	382bbe47a9c40f44c6ea5bb169d75b6bb68a0057	2026-08-09T19:58:03Z	2026-08-09T19:58:03Z	2026-08-09T20:00:02Z	https://github.com/dmytro-yevs/copypaste/actions/runs/31333026638	.github/workflows/ci.yml	CI	282057606	Fix macOS CI regressions	dmytro-yevs	dmytro-yevs
31333094829	1	completed	success	push	main	4ad248cbd67c5fd0a474a54efa8a6bcd03a9725b	2026-08-09T19:59:44Z	2026-08-09T19:59:44Z	2026-08-09T20:00:35Z	https://github.com/dmytro-yevs/copypaste/actions/runs/31333094829	.github/workflows/supply-chain.yml	Supply chain	323997017	Match Edge WebDriver to WebView2 runtime	dmytro-yevs	dmytro-yevs
31333094830	1	completed	success	push	main	4ad248cbd67c5fd0a474a54efa8a6bcd03a9725b	2026-08-09T19:59:44Z	2026-08-09T19:59:44Z	2026-08-09T20:08:27Z	https://github.com/dmytro-yevs/copypaste/actions/runs/31333094830	.github/workflows/browser-webkitgtk.yml	Browser (WebKitGTK, Linux)	324698700	Match Edge WebDriver to WebView2 runtime	dmytro-yevs	dmytro-yevs
31333094842	1	completed	cancelled	push	main	4ad248cbd67c5fd0a474a54efa8a6bcd03a9725b	2026-08-09T19:59:44Z	2026-08-09T19:59:44Z	2026-08-09T20:32:21Z	https://github.com/dmytro-yevs/copypaste/actions/runs/31333094842	.github/workflows/ci.yml	CI	282057606	Match Edge WebDriver to WebView2 runtime	dmytro-yevs	dmytro-yevs
31333094856	1	completed	failure	push	main	4ad248cbd67c5fd0a474a54efa8a6bcd03a9725b	2026-08-09T19:59:44Z	2026-08-09T19:59:44Z	2026-08-09T20:12:55Z	https://github.com/dmytro-yevs/copypaste/actions/runs/31333094856	.github/workflows/windows-native-e2e.yml	Windows native desktop E2E	330512982	Match Edge WebDriver to WebView2 runtime	dmytro-yevs	dmytro-yevs
31334506658	1	completed	cancelled	push	main	b76320a38fc340f8021fcbd4711511e578f83150	2026-08-09T20:32:16Z	2026-08-09T20:32:16Z	2026-08-09T20:40:18Z	https://github.com/dmytro-yevs/copypaste/actions/runs/31334506658	.github/workflows/ci.yml	CI	282057606	Accept WebView2 capability on Windows	dmytro-yevs	dmytro-yevs
31334506661	1	completed	cancelled	push	main	b76320a38fc340f8021fcbd4711511e578f83150	2026-08-09T20:32:16Z	2026-08-09T20:32:16Z	2026-08-09T20:40:23Z	https://github.com/dmytro-yevs/copypaste/actions/runs/31334506661	.github/workflows/browser-webkitgtk.yml	Browser (WebKitGTK, Linux)	324698700	Accept WebView2 capability on Windows	dmytro-yevs	dmytro-yevs
31334506681	1	completed	success	push	main	b76320a38fc340f8021fcbd4711511e578f83150	2026-08-09T20:32:16Z	2026-08-09T20:32:16Z	2026-08-09T20:37:28Z	https://github.com/dmytro-yevs/copypaste/actions/runs/31334506681	.github/workflows/supply-chain.yml	Supply chain	323997017	Accept WebView2 capability on Windows	dmytro-yevs	dmytro-yevs
31334506684	1	completed	cancelled	push	main	b76320a38fc340f8021fcbd4711511e578f83150	2026-08-09T20:32:16Z	2026-08-09T20:32:16Z	2026-08-09T20:40:11Z	https://github.com/dmytro-yevs/copypaste/actions/runs/31334506684	.github/workflows/windows-native-e2e.yml	Windows native desktop E2E	330512982	Accept WebView2 capability on Windows	dmytro-yevs	dmytro-yevs
31334831454	1	completed	cancelled	push	main	1fa13d0f1816bb71aea7e7c148a64fa95dc5f2cf	2026-08-09T20:40:06Z	2026-08-09T20:40:06Z	2026-08-09T21:02:02Z	https://github.com/dmytro-yevs/copypaste/actions/runs/31334831454	.github/workflows/android-emulator.yml	Android emulator	324448484	Gate native invite codec by target	dmytro-yevs	dmytro-yevs
31334831477	1	completed	cancelled	push	main	1fa13d0f1816bb71aea7e7c148a64fa95dc5f2cf	2026-08-09T20:40:06Z	2026-08-09T20:40:06Z	2026-08-09T20:44:01Z	https://github.com/dmytro-yevs/copypaste/actions/runs/31334831477	.github/workflows/browser-webkitgtk.yml	Browser (WebKitGTK, Linux)	324698700	Gate native invite codec by target	dmytro-yevs	dmytro-yevs
31334831485	1	completed	success	push	main	1fa13d0f1816bb71aea7e7c148a64fa95dc5f2cf	2026-08-09T20:40:06Z	2026-08-09T20:40:06Z	2026-08-09T20:41:02Z	https://github.com/dmytro-yevs/copypaste/actions/runs/31334831485	.github/workflows/supply-chain.yml	Supply chain	323997017	Gate native invite codec by target	dmytro-yevs	dmytro-yevs
31334831504	1	completed	cancelled	push	main	1fa13d0f1816bb71aea7e7c148a64fa95dc5f2cf	2026-08-09T20:40:06Z	2026-08-09T20:40:06Z	2026-08-09T20:44:02Z	https://github.com/dmytro-yevs/copypaste/actions/runs/31334831504	.github/workflows/ci.yml	CI	282057606	Gate native invite codec by target	dmytro-yevs	dmytro-yevs
31334831512	1	completed	cancelled	push	main	1fa13d0f1816bb71aea7e7c148a64fa95dc5f2cf	2026-08-09T20:40:06Z	2026-08-09T20:40:06Z	2026-08-09T20:43:49Z	https://github.com/dmytro-yevs/copypaste/actions/runs/31334831512	.github/workflows/windows-native-e2e.yml	Windows native desktop E2E	330512982	Gate native invite codec by target	dmytro-yevs	dmytro-yevs
31334987851	1	completed	success	push	main	b8741767663fa5648bca5c85dbc38a08afba1e75	2026-08-09T20:43:44Z	2026-08-09T20:43:44Z	2026-08-09T20:52:14Z	https://github.com/dmytro-yevs/copypaste/actions/runs/31334987851	.github/workflows/browser-webkitgtk.yml	Browser (WebKitGTK, Linux)	324698700	Fix sensitive two-way sync fixture	dmytro-yevs	dmytro-yevs
31334987853	1	completed	cancelled	push	main	b8741767663fa5648bca5c85dbc38a08afba1e75	2026-08-09T20:43:44Z	2026-08-09T20:43:44Z	2026-08-09T21:02:02Z	https://github.com/dmytro-yevs/copypaste/actions/runs/31334987853	.github/workflows/ci.yml	CI	282057606	Fix sensitive two-way sync fixture	dmytro-yevs	dmytro-yevs
31334987854	1	completed	success	push	main	b8741767663fa5648bca5c85dbc38a08afba1e75	2026-08-09T20:43:44Z	2026-08-09T20:43:44Z	2026-08-09T20:44:49Z	https://github.com/dmytro-yevs/copypaste/actions/runs/31334987854	.github/workflows/supply-chain.yml	Supply chain	323997017	Fix sensitive two-way sync fixture	dmytro-yevs	dmytro-yevs
31334987865	1	completed	failure	push	main	b8741767663fa5648bca5c85dbc38a08afba1e75	2026-08-09T20:43:44Z	2026-08-09T20:43:44Z	2026-08-09T20:54:25Z	https://github.com/dmytro-yevs/copypaste/actions/runs/31334987865	.github/workflows/windows-native-e2e.yml	Windows native desktop E2E	330512982	Fix sensitive two-way sync fixture	dmytro-yevs	dmytro-yevs
31335770999	1	completed	failure	push	main	c7eb935b7c9eeb8038685f0bd9f755e48facfe06	2026-08-09T21:01:57Z	2026-08-09T21:01:57Z	2026-08-09T21:14:31Z	https://github.com/dmytro-yevs/copypaste/actions/runs/31335770999	.github/workflows/windows-native-e2e.yml	Windows native desktop E2E	330512982	Avoid Android startup runtime panic	dmytro-yevs	dmytro-yevs
31335771003	1	completed	failure	push	main	c7eb935b7c9eeb8038685f0bd9f755e48facfe06	2026-08-09T21:01:57Z	2026-08-09T21:01:57Z	2026-08-09T21:34:33Z	https://github.com/dmytro-yevs/copypaste/actions/runs/31335771003	.github/workflows/ci.yml	CI	282057606	Avoid Android startup runtime panic	dmytro-yevs	dmytro-yevs
31335771013	1	completed	success	push	main	c7eb935b7c9eeb8038685f0bd9f755e48facfe06	2026-08-09T21:01:57Z	2026-08-09T21:01:57Z	2026-08-09T21:02:51Z	https://github.com/dmytro-yevs/copypaste/actions/runs/31335771013	.github/workflows/supply-chain.yml	Supply chain	323997017	Avoid Android startup runtime panic	dmytro-yevs	dmytro-yevs
31335771022	1	completed	failure	push	main	c7eb935b7c9eeb8038685f0bd9f755e48facfe06	2026-08-09T21:01:57Z	2026-08-09T21:01:57Z	2026-08-09T22:10:23Z	https://github.com/dmytro-yevs/copypaste/actions/runs/31335771022	.github/workflows/android-emulator.yml	Android emulator	324448484	Avoid Android startup runtime panic	dmytro-yevs	dmytro-yevs
31335771024	1	completed	success	push	main	c7eb935b7c9eeb8038685f0bd9f755e48facfe06	2026-08-09T21:01:57Z	2026-08-09T21:01:57Z	2026-08-09T21:09:32Z	https://github.com/dmytro-yevs/copypaste/actions/runs/31335771024	.github/workflows/browser-webkitgtk.yml	Browser (WebKitGTK, Linux)	324698700	Avoid Android startup runtime panic	dmytro-yevs	dmytro-yevs
31335774506	1	completed	success	dynamic	main	c7eb935b7c9eeb8038685f0bd9f755e48facfe06	2026-08-09T21:02:02Z	2026-08-09T21:02:02Z	2026-08-09T21:04:39Z	https://github.com/dmytro-yevs/copypaste/actions/runs/31335774506	dynamic/github-code-scanning/codeql	CodeQL Setup	330681135	CodeQL Setup	dmytro-yevs	dmytro-yevs
31337493544	1	completed	success	dynamic	main	9e942301f15cc877782268f2506a47c827b52f9a	2026-08-09T21:41:41Z	2026-08-09T21:41:41Z	2026-08-09T21:44:20Z	https://github.com/dmytro-yevs/copypaste/actions/runs/31337493544	dynamic/github-code-scanning/codeql	Push on main	330681135	Push on main	dmytro-yevs	dmytro-yevs
31337493674	1	completed	success	push	main	9e942301f15cc877782268f2506a47c827b52f9a	2026-08-09T21:41:41Z	2026-08-09T21:41:41Z	2026-08-09T21:42:38Z	https://github.com/dmytro-yevs/copypaste/actions/runs/31337493674	.github/workflows/supply-chain.yml	Supply chain	323997017	Document Linear-linked agent workflow	dmytro-yevs	dmytro-yevs
31337493675	1	completed	cancelled	push	main	9e942301f15cc877782268f2506a47c827b52f9a	2026-08-09T21:41:41Z	2026-08-09T21:41:41Z	2026-08-09T22:16:13Z	https://github.com/dmytro-yevs/copypaste/actions/runs/31337493675	.github/workflows/ci.yml	CI	282057606	Document Linear-linked agent workflow	dmytro-yevs	dmytro-yevs
31337493685	1	completed	success	push	main	9e942301f15cc877782268f2506a47c827b52f9a	2026-08-09T21:41:41Z	2026-08-09T21:41:41Z	2026-08-09T21:49:57Z	https://github.com/dmytro-yevs/copypaste/actions/runs/31337493685	.github/workflows/browser-webkitgtk.yml	Browser (WebKitGTK, Linux)	324698700	Document Linear-linked agent workflow	dmytro-yevs	dmytro-yevs
31337493691	1	completed	failure	push	main	9e942301f15cc877782268f2506a47c827b52f9a	2026-08-09T21:41:41Z	2026-08-09T21:41:41Z	2026-08-09T21:54:33Z	https://github.com/dmytro-yevs/copypaste/actions/runs/31337493691	.github/workflows/windows-native-e2e.yml	Windows native desktop E2E	330512982	Document Linear-linked agent workflow	dmytro-yevs	dmytro-yevs
31338967319	1	completed	success	dynamic	main	e5bc83057fde93558a6137c15e9dece81be54ef3	2026-08-09T22:16:08Z	2026-08-09T22:16:08Z	2026-08-09T22:18:26Z	https://github.com/dmytro-yevs/copypaste/actions/runs/31338967319	dynamic/github-code-scanning/codeql	Push on main	330681135	Push on main	dmytro-yevs	dmytro-yevs
31338967469	1	completed	success	push	main	e5bc83057fde93558a6137c15e9dece81be54ef3	2026-08-09T22:16:08Z	2026-08-09T22:16:08Z	2026-08-09T22:24:34Z	https://github.com/dmytro-yevs/copypaste/actions/runs/31338967469	.github/workflows/browser-webkitgtk.yml	Browser (WebKitGTK, Linux)	324698700	Wait for the Windows Tauri bridge	dmytro-yevs	dmytro-yevs
31338967482	1	completed	failure	push	main	e5bc83057fde93558a6137c15e9dece81be54ef3	2026-08-09T22:16:08Z	2026-08-09T22:16:08Z	2026-08-09T22:31:49Z	https://github.com/dmytro-yevs/copypaste/actions/runs/31338967482	.github/workflows/windows-native-e2e.yml	Windows native desktop E2E	330512982	Wait for the Windows Tauri bridge	dmytro-yevs	dmytro-yevs
31338967537	1	completed	cancelled	push	main	e5bc83057fde93558a6137c15e9dece81be54ef3	2026-08-09T22:16:08Z	2026-08-09T22:16:08Z	2026-08-09T22:33:12Z	https://github.com/dmytro-yevs/copypaste/actions/runs/31338967537	.github/workflows/ci.yml	CI	282057606	Wait for the Windows Tauri bridge	dmytro-yevs	dmytro-yevs
31338967540	1	completed	success	push	main	e5bc83057fde93558a6137c15e9dece81be54ef3	2026-08-09T22:16:08Z	2026-08-09T22:16:08Z	2026-08-09T22:17:36Z	https://github.com/dmytro-yevs/copypaste/actions/runs/31338967540	.github/workflows/supply-chain.yml	Supply chain	323997017	Wait for the Windows Tauri bridge	dmytro-yevs	dmytro-yevs
31339677571	1	completed	success	dynamic	main	c06104b56d58db0c4a4f461704f37f903eb61fe6	2026-08-09T22:33:06Z	2026-08-09T22:33:06Z	2026-08-09T22:35:21Z	https://github.com/dmytro-yevs/copypaste/actions/runs/31339677571	dynamic/github-code-scanning/codeql	Push on main	330681135	Push on main	dmytro-yevs	dmytro-yevs
31339677803	1	completed	failure	push	main	c06104b56d58db0c4a4f461704f37f903eb61fe6	2026-08-09T22:33:07Z	2026-08-09T22:33:07Z	2026-08-09T22:47:54Z	https://github.com/dmytro-yevs/copypaste/actions/runs/31339677803	.github/workflows/windows-native-e2e.yml	Windows native desktop E2E	330512982	Reject plaintext cloud endpoints	dmytro-yevs	dmytro-yevs
31339677810	1	completed	success	push	main	c06104b56d58db0c4a4f461704f37f903eb61fe6	2026-08-09T22:33:07Z	2026-08-09T22:33:07Z	2026-08-09T22:34:04Z	https://github.com/dmytro-yevs/copypaste/actions/runs/31339677810	.github/workflows/supply-chain.yml	Supply chain	323997017	Reject plaintext cloud endpoints	dmytro-yevs	dmytro-yevs
31339677813	1	completed	failure	push	main	c06104b56d58db0c4a4f461704f37f903eb61fe6	2026-08-09T22:33:07Z	2026-08-09T22:33:07Z	2026-08-09T23:00:18Z	https://github.com/dmytro-yevs/copypaste/actions/runs/31339677813	.github/workflows/android-emulator.yml	Android emulator	324448484	Reject plaintext cloud endpoints	dmytro-yevs	dmytro-yevs
31339677834	1	completed	failure	push	main	c06104b56d58db0c4a4f461704f37f903eb61fe6	2026-08-09T22:33:07Z	2026-08-09T22:33:07Z	2026-08-09T23:06:01Z	https://github.com/dmytro-yevs/copypaste/actions/runs/31339677834	.github/workflows/ci.yml	CI	282057606	Reject plaintext cloud endpoints	dmytro-yevs	dmytro-yevs
31339677870	1	completed	success	push	main	c06104b56d58db0c4a4f461704f37f903eb61fe6	2026-08-09T22:33:07Z	2026-08-09T22:33:07Z	2026-08-09T22:41:46Z	https://github.com/dmytro-yevs/copypaste/actions/runs/31339677870	.github/workflows/browser-webkitgtk.yml	Browser (WebKitGTK, Linux)	324698700	Reject plaintext cloud endpoints	dmytro-yevs	dmytro-yevs
31341136771	1	completed	success	dynamic	main	cb5746dc082f942f5784a9b058285ebba3c476a3	2026-08-09T23:08:00Z	2026-08-09T23:08:00Z	2026-08-09T23:10:39Z	https://github.com/dmytro-yevs/copypaste/actions/runs/31341136771	dynamic/github-code-scanning/codeql	Push on main	330681135	Push on main	dmytro-yevs	dmytro-yevs
31341136964	1	completed	success	push	main	cb5746dc082f942f5784a9b058285ebba3c476a3	2026-08-09T23:08:00Z	2026-08-09T23:08:00Z	2026-08-09T23:08:51Z	https://github.com/dmytro-yevs/copypaste/actions/runs/31341136964	.github/workflows/supply-chain.yml	Supply chain	323997017	Start embedded retention on Tauri runtime	dmytro-yevs	dmytro-yevs
31341136971	1	completed	failure	push	main	cb5746dc082f942f5784a9b058285ebba3c476a3	2026-08-09T23:08:00Z	2026-08-09T23:08:00Z	2026-08-09T23:23:13Z	https://github.com/dmytro-yevs/copypaste/actions/runs/31341136971	.github/workflows/windows-native-e2e.yml	Windows native desktop E2E	330512982	Start embedded retention on Tauri runtime	dmytro-yevs	dmytro-yevs
31341136979	1	completed	failure	push	main	cb5746dc082f942f5784a9b058285ebba3c476a3	2026-08-09T23:08:00Z	2026-08-09T23:08:00Z	2026-08-09T23:36:08Z	https://github.com/dmytro-yevs/copypaste/actions/runs/31341136979	.github/workflows/android-emulator.yml	Android emulator	324448484	Start embedded retention on Tauri runtime	dmytro-yevs	dmytro-yevs
31341136982	2	completed	success	push	main	cb5746dc082f942f5784a9b058285ebba3c476a3	2026-08-09T23:17:33Z	2026-08-09T23:08:00Z	2026-08-09T23:25:22Z	https://github.com/dmytro-yevs/copypaste/actions/runs/31341136982	.github/workflows/browser-webkitgtk.yml	Browser (WebKitGTK, Linux)	324698700	Start embedded retention on Tauri runtime	dmytro-yevs	dmytro-yevs
31341136990	1	completed	failure	push	main	cb5746dc082f942f5784a9b058285ebba3c476a3	2026-08-09T23:08:00Z	2026-08-09T23:08:00Z	2026-08-09T23:49:02Z	https://github.com/dmytro-yevs/copypaste/actions/runs/31341136990	.github/workflows/ci.yml	CI	282057606	Start embedded retention on Tauri runtime	dmytro-yevs	dmytro-yevs
31343129017	1	completed	success	dynamic	main	007bf6e6ea0c27496254566cda6d0da28713d058	2026-08-09T23:56:35Z	2026-08-09T23:56:35Z	2026-08-09T23:59:14Z	https://github.com/dmytro-yevs/copypaste/actions/runs/31343129017	dynamic/github-code-scanning/codeql	Push on main	330681135	Push on main	dmytro-yevs	dmytro-yevs
31343129032	1	completed	cancelled	push	main	007bf6e6ea0c27496254566cda6d0da28713d058	2026-08-09T23:56:35Z	2026-08-09T23:56:35Z	2026-08-10T00:16:53Z	https://github.com/dmytro-yevs/copypaste/actions/runs/31343129032	.github/workflows/ci.yml	CI	282057606	Enforce the Android capture bridge contract	dmytro-yevs	dmytro-yevs
31343129039	1	completed	cancelled	push	main	007bf6e6ea0c27496254566cda6d0da28713d058	2026-08-09T23:56:35Z	2026-08-09T23:56:35Z	2026-08-10T00:16:46Z	https://github.com/dmytro-yevs/copypaste/actions/runs/31343129039	.github/workflows/android-emulator.yml	Android emulator	324448484	Enforce the Android capture bridge contract	dmytro-yevs	dmytro-yevs
31343129040	1	completed	success	push	main	007bf6e6ea0c27496254566cda6d0da28713d058	2026-08-09T23:56:35Z	2026-08-09T23:56:35Z	2026-08-10T00:03:41Z	https://github.com/dmytro-yevs/copypaste/actions/runs/31343129040	.github/workflows/browser-webkitgtk.yml	Browser (WebKitGTK, Linux)	324698700	Enforce the Android capture bridge contract	dmytro-yevs	dmytro-yevs
31343129045	1	completed	failure	push	main	007bf6e6ea0c27496254566cda6d0da28713d058	2026-08-09T23:56:35Z	2026-08-09T23:56:35Z	2026-08-10T00:12:17Z	https://github.com/dmytro-yevs/copypaste/actions/runs/31343129045	.github/workflows/windows-native-e2e.yml	Windows native desktop E2E	330512982	Enforce the Android capture bridge contract	dmytro-yevs	dmytro-yevs
31343129054	1	completed	success	push	main	007bf6e6ea0c27496254566cda6d0da28713d058	2026-08-09T23:56:35Z	2026-08-09T23:56:35Z	2026-08-09T23:57:41Z	https://github.com/dmytro-yevs/copypaste/actions/runs/31343129054	.github/workflows/supply-chain.yml	Supply chain	323997017	Enforce the Android capture bridge contract	dmytro-yevs	dmytro-yevs
31344018779	1	completed	success	dynamic	main	342d75fe405efc7b2e63e96b4c72da26c3cdcf92	2026-08-10T00:16:39Z	2026-08-10T00:16:39Z	2026-08-10T00:19:04Z	https://github.com/dmytro-yevs/copypaste/actions/runs/31344018779	dynamic/github-code-scanning/codeql	Push on main	330681135	Push on main	dmytro-yevs	dmytro-yevs
31344019144	1	completed	cancelled	push	main	342d75fe405efc7b2e63e96b4c72da26c3cdcf92	2026-08-10T00:16:39Z	2026-08-10T00:16:39Z	2026-08-10T00:57:34Z	https://github.com/dmytro-yevs/copypaste/actions/runs/31344019144	.github/workflows/ci.yml	CI	282057606	Isolate Windows native E2E state	dmytro-yevs	dmytro-yevs
31344019147	1	completed	success	push	main	342d75fe405efc7b2e63e96b4c72da26c3cdcf92	2026-08-10T00:16:39Z	2026-08-10T00:16:39Z	2026-08-10T00:17:33Z	https://github.com/dmytro-yevs/copypaste/actions/runs/31344019147	.github/workflows/supply-chain.yml	Supply chain	323997017	Isolate Windows native E2E state	dmytro-yevs	dmytro-yevs
31344019168	1	completed	success	push	main	342d75fe405efc7b2e63e96b4c72da26c3cdcf92	2026-08-10T00:16:39Z	2026-08-10T00:16:39Z	2026-08-10T00:24:57Z	https://github.com/dmytro-yevs/copypaste/actions/runs/31344019168	.github/workflows/browser-webkitgtk.yml	Browser (WebKitGTK, Linux)	324698700	Isolate Windows native E2E state	dmytro-yevs	dmytro-yevs
31344019169	1	completed	failure	push	main	342d75fe405efc7b2e63e96b4c72da26c3cdcf92	2026-08-10T00:16:39Z	2026-08-10T00:16:39Z	2026-08-10T00:44:25Z	https://github.com/dmytro-yevs/copypaste/actions/runs/31344019169	.github/workflows/android-emulator.yml	Android emulator	324448484	Isolate Windows native E2E state	dmytro-yevs	dmytro-yevs
31344019188	1	completed	success	push	main	342d75fe405efc7b2e63e96b4c72da26c3cdcf92	2026-08-10T00:16:39Z	2026-08-10T00:16:39Z	2026-08-10T00:32:10Z	https://github.com/dmytro-yevs/copypaste/actions/runs/31344019188	.github/workflows/windows-native-e2e.yml	Windows native desktop E2E	330512982	Isolate Windows native E2E state	dmytro-yevs	dmytro-yevs
31345807393	1	completed	success	dynamic	main	e816bd3c5c69a1f45eeb922080bccc8a698db5b3	2026-08-10T00:57:28Z	2026-08-10T00:57:28Z	2026-08-10T00:59:49Z	https://github.com/dmytro-yevs/copypaste/actions/runs/31345807393	dynamic/github-code-scanning/codeql	Push on main	330681135	Push on main	dmytro-yevs	dmytro-yevs
31345807626	1	completed	success	push	main	e816bd3c5c69a1f45eeb922080bccc8a698db5b3	2026-08-10T00:57:28Z	2026-08-10T00:57:28Z	2026-08-10T00:58:34Z	https://github.com/dmytro-yevs/copypaste/actions/runs/31345807626	.github/workflows/supply-chain.yml	Supply chain	323997017	Restore Android release accessibility evidence	dmytro-yevs	dmytro-yevs
31345807628	1	completed	cancelled	push	main	e816bd3c5c69a1f45eeb922080bccc8a698db5b3	2026-08-10T00:57:28Z	2026-08-10T00:57:28Z	2026-08-10T01:07:36Z	https://github.com/dmytro-yevs/copypaste/actions/runs/31345807628	.github/workflows/android-emulator.yml	Android emulator	324448484	Restore Android release accessibility evidence	dmytro-yevs	dmytro-yevs
31345807629	1	completed	cancelled	push	main	e816bd3c5c69a1f45eeb922080bccc8a698db5b3	2026-08-10T00:57:28Z	2026-08-10T00:57:28Z	2026-08-10T01:07:25Z	https://github.com/dmytro-yevs/copypaste/actions/runs/31345807629	.github/workflows/ci.yml	CI	282057606	Restore Android release accessibility evidence	dmytro-yevs	dmytro-yevs
31345807633	1	completed	success	push	main	e816bd3c5c69a1f45eeb922080bccc8a698db5b3	2026-08-10T00:57:28Z	2026-08-10T00:57:28Z	2026-08-10T01:05:26Z	https://github.com/dmytro-yevs/copypaste/actions/runs/31345807633	.github/workflows/windows-native-e2e.yml	Windows native desktop E2E	330512982	Restore Android release accessibility evidence	dmytro-yevs	dmytro-yevs
31345807635	1	completed	success	push	main	e816bd3c5c69a1f45eeb922080bccc8a698db5b3	2026-08-10T00:57:28Z	2026-08-10T00:57:28Z	2026-08-10T01:05:43Z	https://github.com/dmytro-yevs/copypaste/actions/runs/31345807635	.github/workflows/browser-webkitgtk.yml	Browser (WebKitGTK, Linux)	324698700	Restore Android release accessibility evidence	dmytro-yevs	dmytro-yevs
31346242303	1	completed	success	dynamic	main	7ff1e4cca42b780aef9c9c3bc80e4cafea63c733	2026-08-10T01:07:19Z	2026-08-10T01:07:19Z	2026-08-10T01:09:33Z	https://github.com/dmytro-yevs/copypaste/actions/runs/31346242303	dynamic/github-code-scanning/codeql	Push on main	330681135	Push on main	dmytro-yevs	dmytro-yevs
31346242454	1	completed	cancelled	push	main	7ff1e4cca42b780aef9c9c3bc80e4cafea63c733	2026-08-10T01:07:19Z	2026-08-10T01:07:19Z	2026-08-10T01:45:14Z	https://github.com/dmytro-yevs/copypaste/actions/runs/31346242454	.github/workflows/android-emulator.yml	Android emulator	324448484	Gate ephemeral key bypass behind a development feature	dmytro-yevs	dmytro-yevs
31346242477	1	completed	success	push	main	7ff1e4cca42b780aef9c9c3bc80e4cafea63c733	2026-08-10T01:07:19Z	2026-08-10T01:07:19Z	2026-08-10T01:15:07Z	https://github.com/dmytro-yevs/copypaste/actions/runs/31346242477	.github/workflows/windows-native-e2e.yml	Windows native desktop E2E	330512982	Gate ephemeral key bypass behind a development feature	dmytro-yevs	dmytro-yevs
31346242482	1	completed	success	push	main	7ff1e4cca42b780aef9c9c3bc80e4cafea63c733	2026-08-10T01:07:19Z	2026-08-10T01:07:19Z	2026-08-10T01:15:08Z	https://github.com/dmytro-yevs/copypaste/actions/runs/31346242482	.github/workflows/browser-webkitgtk.yml	Browser (WebKitGTK, Linux)	324698700	Gate ephemeral key bypass behind a development feature	dmytro-yevs	dmytro-yevs
31346242488	1	completed	success	push	main	7ff1e4cca42b780aef9c9c3bc80e4cafea63c733	2026-08-10T01:07:19Z	2026-08-10T01:07:19Z	2026-08-10T01:08:12Z	https://github.com/dmytro-yevs/copypaste/actions/runs/31346242488	.github/workflows/supply-chain.yml	Supply chain	323997017	Gate ephemeral key bypass behind a development feature	dmytro-yevs	dmytro-yevs
31346242492	1	completed	failure	push	main	7ff1e4cca42b780aef9c9c3bc80e4cafea63c733	2026-08-10T01:07:19Z	2026-08-10T01:07:19Z	2026-08-10T01:39:55Z	https://github.com/dmytro-yevs/copypaste/actions/runs/31346242492	.github/workflows/ci.yml	CI	282057606	Gate ephemeral key bypass behind a development feature	dmytro-yevs	dmytro-yevs
31347921331	1	completed	success	dynamic	main	a57c5ed73be905041499e532b60c8ab4ae894b8e	2026-08-10T01:45:06Z	2026-08-10T01:45:06Z	2026-08-10T01:47:36Z	https://github.com/dmytro-yevs/copypaste/actions/runs/31347921331	dynamic/github-code-scanning/codeql	Push on main	330681135	Push on main	dmytro-yevs	dmytro-yevs
31347921875	1	completed	cancelled	push	main	a57c5ed73be905041499e532b60c8ab4ae894b8e	2026-08-10T01:45:06Z	2026-08-10T01:45:06Z	2026-08-10T01:54:51Z	https://github.com/dmytro-yevs/copypaste/actions/runs/31347921875	.github/workflows/ci.yml	CI	282057606	Enforce one canonical v2 storage schema	dmytro-yevs	dmytro-yevs
31347921888	1	completed	success	push	main	a57c5ed73be905041499e532b60c8ab4ae894b8e	2026-08-10T01:45:06Z	2026-08-10T01:45:06Z	2026-08-10T01:53:34Z	https://github.com/dmytro-yevs/copypaste/actions/runs/31347921888	.github/workflows/browser-webkitgtk.yml	Browser (WebKitGTK, Linux)	324698700	Enforce one canonical v2 storage schema	dmytro-yevs	dmytro-yevs
31347921891	1	completed	cancelled	push	main	a57c5ed73be905041499e532b60c8ab4ae894b8e	2026-08-10T01:45:06Z	2026-08-10T01:45:06Z	2026-08-10T01:55:03Z	https://github.com/dmytro-yevs/copypaste/actions/runs/31347921891	.github/workflows/android-emulator.yml	Android emulator	324448484	Enforce one canonical v2 storage schema	dmytro-yevs	dmytro-yevs
31347921892	1	completed	success	push	main	a57c5ed73be905041499e532b60c8ab4ae894b8e	2026-08-10T01:45:06Z	2026-08-10T01:45:06Z	2026-08-10T01:53:20Z	https://github.com/dmytro-yevs/copypaste/actions/runs/31347921892	.github/workflows/windows-native-e2e.yml	Windows native desktop E2E	330512982	Enforce one canonical v2 storage schema	dmytro-yevs	dmytro-yevs
31347921906	1	completed	success	push	main	a57c5ed73be905041499e532b60c8ab4ae894b8e	2026-08-10T01:45:06Z	2026-08-10T01:45:06Z	2026-08-10T01:46:13Z	https://github.com/dmytro-yevs/copypaste/actions/runs/31347921906	.github/workflows/supply-chain.yml	Supply chain	323997017	Enforce one canonical v2 storage schema	dmytro-yevs	dmytro-yevs
31348341520	1	completed	success	dynamic	main	f5cc99f64b53e66f9957f1b5e0a6664ab5cefa75	2026-08-10T01:54:46Z	2026-08-10T01:54:46Z	2026-08-10T01:57:09Z	https://github.com/dmytro-yevs/copypaste/actions/runs/31348341520	dynamic/github-code-scanning/codeql	Push on main	330681135	Push on main	dmytro-yevs	dmytro-yevs
31348341680	1	completed	success	push	main	f5cc99f64b53e66f9957f1b5e0a6664ab5cefa75	2026-08-10T01:54:46Z	2026-08-10T01:54:46Z	2026-08-10T02:03:19Z	https://github.com/dmytro-yevs/copypaste/actions/runs/31348341680	.github/workflows/browser-webkitgtk.yml	Browser (WebKitGTK, Linux)	324698700	Restore Android tile capture persistence	dmytro-yevs	dmytro-yevs
31348341683	1	completed	cancelled	push	main	f5cc99f64b53e66f9957f1b5e0a6664ab5cefa75	2026-08-10T01:54:46Z	2026-08-10T01:54:46Z	2026-08-10T02:19:19Z	https://github.com/dmytro-yevs/copypaste/actions/runs/31348341683	.github/workflows/android-emulator.yml	Android emulator	324448484	Restore Android tile capture persistence	dmytro-yevs	dmytro-yevs
31348341685	1	completed	cancelled	push	main	f5cc99f64b53e66f9957f1b5e0a6664ab5cefa75	2026-08-10T01:54:46Z	2026-08-10T01:54:46Z	2026-08-10T02:19:18Z	https://github.com/dmytro-yevs/copypaste/actions/runs/31348341685	.github/workflows/ci.yml	CI	282057606	Restore Android tile capture persistence	dmytro-yevs	dmytro-yevs
31348341694	1	completed	success	push	main	f5cc99f64b53e66f9957f1b5e0a6664ab5cefa75	2026-08-10T01:54:46Z	2026-08-10T01:54:46Z	2026-08-10T02:02:05Z	https://github.com/dmytro-yevs/copypaste/actions/runs/31348341694	.github/workflows/windows-native-e2e.yml	Windows native desktop E2E	330512982	Restore Android tile capture persistence	dmytro-yevs	dmytro-yevs
31348341698	1	completed	success	push	main	f5cc99f64b53e66f9957f1b5e0a6664ab5cefa75	2026-08-10T01:54:46Z	2026-08-10T01:54:46Z	2026-08-10T01:55:38Z	https://github.com/dmytro-yevs/copypaste/actions/runs/31348341698	.github/workflows/supply-chain.yml	Supply chain	323997017	Restore Android tile capture persistence	dmytro-yevs	dmytro-yevs
31349471580	1	completed	success	dynamic	main	0c0bc1d8b877837755ce9335241d0ec1d67116c2	2026-08-10T02:19:12Z	2026-08-10T02:19:12Z	2026-08-10T02:21:35Z	https://github.com/dmytro-yevs/copypaste/actions/runs/31349471580	dynamic/github-code-scanning/codeql	Push on main	330681135	Push on main	dmytro-yevs	dmytro-yevs
31349471806	1	completed	success	push	main	0c0bc1d8b877837755ce9335241d0ec1d67116c2	2026-08-10T02:19:13Z	2026-08-10T02:19:13Z	2026-08-10T02:20:05Z	https://github.com/dmytro-yevs/copypaste/actions/runs/31349471806	.github/workflows/supply-chain.yml	Supply chain	323997017	Hide collapsed Android exclusion controls	dmytro-yevs	dmytro-yevs
31349471812	1	completed	cancelled	push	main	0c0bc1d8b877837755ce9335241d0ec1d67116c2	2026-08-10T02:19:13Z	2026-08-10T02:19:13Z	2026-08-10T02:23:16Z	https://github.com/dmytro-yevs/copypaste/actions/runs/31349471812	.github/workflows/ci.yml	CI	282057606	Hide collapsed Android exclusion controls	dmytro-yevs	dmytro-yevs
31349471823	1	completed	cancelled	push	main	0c0bc1d8b877837755ce9335241d0ec1d67116c2	2026-08-10T02:19:13Z	2026-08-10T02:19:13Z	2026-08-10T02:23:05Z	https://github.com/dmytro-yevs/copypaste/actions/runs/31349471823	.github/workflows/browser-webkitgtk.yml	Browser (WebKitGTK, Linux)	324698700	Hide collapsed Android exclusion controls	dmytro-yevs	dmytro-yevs
31349471828	1	completed	cancelled	push	main	0c0bc1d8b877837755ce9335241d0ec1d67116c2	2026-08-10T02:19:13Z	2026-08-10T02:19:13Z	2026-08-10T02:23:05Z	https://github.com/dmytro-yevs/copypaste/actions/runs/31349471828	.github/workflows/windows-native-e2e.yml	Windows native desktop E2E	330512982	Hide collapsed Android exclusion controls	dmytro-yevs	dmytro-yevs
31349471880	1	completed	cancelled	push	main	0c0bc1d8b877837755ce9335241d0ec1d67116c2	2026-08-10T02:19:13Z	2026-08-10T02:19:13Z	2026-08-10T02:23:18Z	https://github.com/dmytro-yevs/copypaste/actions/runs/31349471880	.github/workflows/android-emulator.yml	Android emulator	324448484	Hide collapsed Android exclusion controls	dmytro-yevs	dmytro-yevs
31349640035	1	completed	success	dynamic	main	ae458b4c889279d402dab27f8d7f288f626c54db	2026-08-10T02:22:59Z	2026-08-10T02:22:59Z	2026-08-10T02:25:21Z	https://github.com/dmytro-yevs/copypaste/actions/runs/31349640035	dynamic/github-code-scanning/codeql	Push on main	330681135	Push on main	dmytro-yevs	dmytro-yevs
31349640158	1	completed	failure	push	main	ae458b4c889279d402dab27f8d7f288f626c54db	2026-08-10T02:22:59Z	2026-08-10T02:22:59Z	2026-08-10T02:50:42Z	https://github.com/dmytro-yevs/copypaste/actions/runs/31349640158	.github/workflows/ci.yml	CI	282057606	Generate capture TypeScript DTOs	dmytro-yevs	dmytro-yevs
31349640175	1	completed	success	push	main	ae458b4c889279d402dab27f8d7f288f626c54db	2026-08-10T02:22:59Z	2026-08-10T02:22:59Z	2026-08-10T02:30:09Z	https://github.com/dmytro-yevs/copypaste/actions/runs/31349640175	.github/workflows/windows-native-e2e.yml	Windows native desktop E2E	330512982	Generate capture TypeScript DTOs	dmytro-yevs	dmytro-yevs
31349640176	1	completed	success	push	main	ae458b4c889279d402dab27f8d7f288f626c54db	2026-08-10T02:22:59Z	2026-08-10T02:22:59Z	2026-08-10T02:23:52Z	https://github.com/dmytro-yevs/copypaste/actions/runs/31349640176	.github/workflows/supply-chain.yml	Supply chain	323997017	Generate capture TypeScript DTOs	dmytro-yevs	dmytro-yevs
31349640178	1	completed	failure	push	main	ae458b4c889279d402dab27f8d7f288f626c54db	2026-08-10T02:22:59Z	2026-08-10T02:22:59Z	2026-08-10T02:54:26Z	https://github.com/dmytro-yevs/copypaste/actions/runs/31349640178	.github/workflows/android-emulator.yml	Android emulator	324448484	Generate capture TypeScript DTOs	dmytro-yevs	dmytro-yevs
31349640184	1	completed	success	push	main	ae458b4c889279d402dab27f8d7f288f626c54db	2026-08-10T02:22:59Z	2026-08-10T02:22:59Z	2026-08-10T02:31:10Z	https://github.com/dmytro-yevs/copypaste/actions/runs/31349640184	.github/workflows/browser-webkitgtk.yml	Browser (WebKitGTK, Linux)	324698700	Generate capture TypeScript DTOs	dmytro-yevs	dmytro-yevs
31351804571	1	completed	success	dynamic	main	e1240c9cbb230304d2de83a5a0c22ddd9d41a754	2026-08-10T03:09:49Z	2026-08-10T03:09:49Z	2026-08-10T03:11:33Z	https://github.com/dmytro-yevs/copypaste/actions/runs/31351804571	dynamic/github-code-scanning/codeql	Push on main	330681135	Push on main	dmytro-yevs	dmytro-yevs
31351805150	1	completed	cancelled	push	main	e1240c9cbb230304d2de83a5a0c22ddd9d41a754	2026-08-10T03:09:49Z	2026-08-10T03:09:49Z	2026-08-10T03:34:10Z	https://github.com/dmytro-yevs/copypaste/actions/runs/31351805150	.github/workflows/ci.yml	CI	282057606	Unify cloud credential storage schema	dmytro-yevs	dmytro-yevs
31351805156	1	completed	success	push	main	e1240c9cbb230304d2de83a5a0c22ddd9d41a754	2026-08-10T03:09:49Z	2026-08-10T03:09:49Z	2026-08-10T03:10:44Z	https://github.com/dmytro-yevs/copypaste/actions/runs/31351805156	.github/workflows/supply-chain.yml	Supply chain	323997017	Unify cloud credential storage schema	dmytro-yevs	dmytro-yevs
31351805163	1	completed	success	push	main	e1240c9cbb230304d2de83a5a0c22ddd9d41a754	2026-08-10T03:09:49Z	2026-08-10T03:09:49Z	2026-08-10T03:17:52Z	https://github.com/dmytro-yevs/copypaste/actions/runs/31351805163	.github/workflows/windows-native-e2e.yml	Windows native desktop E2E	330512982	Unify cloud credential storage schema	dmytro-yevs	dmytro-yevs
31351805164	1	completed	cancelled	push	main	e1240c9cbb230304d2de83a5a0c22ddd9d41a754	2026-08-10T03:09:49Z	2026-08-10T03:09:49Z	2026-08-10T03:34:09Z	https://github.com/dmytro-yevs/copypaste/actions/runs/31351805164	.github/workflows/android-emulator.yml	Android emulator	324448484	Unify cloud credential storage schema	dmytro-yevs	dmytro-yevs
31351805193	1	completed	success	push	main	e1240c9cbb230304d2de83a5a0c22ddd9d41a754	2026-08-10T03:09:49Z	2026-08-10T03:09:49Z	2026-08-10T03:18:22Z	https://github.com/dmytro-yevs/copypaste/actions/runs/31351805193	.github/workflows/browser-webkitgtk.yml	Browser (WebKitGTK, Linux)	324698700	Unify cloud credential storage schema	dmytro-yevs	dmytro-yevs
31352939784	1	completed	success	dynamic	main	341719eb61620c04f92d93d1e08996b6562b5fca	2026-08-10T03:34:03Z	2026-08-10T03:34:03Z	2026-08-10T03:36:17Z	https://github.com/dmytro-yevs/copypaste/actions/runs/31352939784	dynamic/github-code-scanning/codeql	Push on main	330681135	Push on main	dmytro-yevs	dmytro-yevs
31352939832	1	completed	success	push	main	341719eb61620c04f92d93d1e08996b6562b5fca	2026-08-10T03:34:03Z	2026-08-10T03:34:03Z	2026-08-10T03:42:08Z	https://github.com/dmytro-yevs/copypaste/actions/runs/31352939832	.github/workflows/browser-webkitgtk.yml	Browser (WebKitGTK, Linux)	324698700	Fix Android release screenshot capture	dmytro-yevs	dmytro-yevs
31352939863	1	completed	success	push	main	341719eb61620c04f92d93d1e08996b6562b5fca	2026-08-10T03:34:03Z	2026-08-10T03:34:03Z	2026-08-10T03:41:23Z	https://github.com/dmytro-yevs/copypaste/actions/runs/31352939863	.github/workflows/windows-native-e2e.yml	Windows native desktop E2E	330512982	Fix Android release screenshot capture	dmytro-yevs	dmytro-yevs
31352939867	1	completed	cancelled	push	main	341719eb61620c04f92d93d1e08996b6562b5fca	2026-08-10T03:34:03Z	2026-08-10T03:34:03Z	2026-08-10T04:01:48Z	https://github.com/dmytro-yevs/copypaste/actions/runs/31352939867	.github/workflows/android-emulator.yml	Android emulator	324448484	Fix Android release screenshot capture	dmytro-yevs	dmytro-yevs
31352939876	1	completed	success	push	main	341719eb61620c04f92d93d1e08996b6562b5fca	2026-08-10T03:34:03Z	2026-08-10T03:34:03Z	2026-08-10T03:34:59Z	https://github.com/dmytro-yevs/copypaste/actions/runs/31352939876	.github/workflows/supply-chain.yml	Supply chain	323997017	Fix Android release screenshot capture	dmytro-yevs	dmytro-yevs
31352939881	1	completed	cancelled	push	main	341719eb61620c04f92d93d1e08996b6562b5fca	2026-08-10T03:34:03Z	2026-08-10T03:34:03Z	2026-08-10T03:59:18Z	https://github.com/dmytro-yevs/copypaste/actions/runs/31352939881	.github/workflows/ci.yml	CI	282057606	Fix Android release screenshot capture	dmytro-yevs	dmytro-yevs
31352942126	1	completed	success	dynamic	main	341719eb61620c04f92d93d1e08996b6562b5fca	2026-08-10T03:34:06Z	2026-08-10T03:34:06Z	2026-08-10T03:34:55Z	https://github.com/dmytro-yevs/copypaste/actions/runs/31352942126	dynamic/dependabot/update-graph	Graph Update: pip in /. #1516159587	330513005	Graph Update: pip in /. #1516159587	dependabot[bot]	dependabot[bot]
31354126363	1	completed	success	push	main	c521a85d18f178aa5f2280f1ee87a36c54e9dd27	2026-08-10T03:59:13Z	2026-08-10T03:59:13Z	2026-08-10T04:00:06Z	https://github.com/dmytro-yevs/copypaste/actions/runs/31354126363	.github/workflows/supply-chain.yml	Supply chain	323997017	Fix Windows native evidence review gaps	dmytro-yevs	dmytro-yevs
31354126364	1	completed	success	dynamic	main	c521a85d18f178aa5f2280f1ee87a36c54e9dd27	2026-08-10T03:59:13Z	2026-08-10T03:59:13Z	2026-08-10T04:01:31Z	https://github.com/dmytro-yevs/copypaste/actions/runs/31354126364	dynamic/github-code-scanning/codeql	Push on main	330681135	Push on main	dmytro-yevs	dmytro-yevs
31354126366	1	completed	cancelled	push	main	c521a85d18f178aa5f2280f1ee87a36c54e9dd27	2026-08-10T03:59:13Z	2026-08-10T03:59:13Z	2026-08-10T04:01:46Z	https://github.com/dmytro-yevs/copypaste/actions/runs/31354126366	.github/workflows/windows-native-e2e.yml	Windows native desktop E2E	330512982	Fix Windows native evidence review gaps	dmytro-yevs	dmytro-yevs
31354126367	1	completed	cancelled	push	main	c521a85d18f178aa5f2280f1ee87a36c54e9dd27	2026-08-10T03:59:13Z	2026-08-10T03:59:13Z	2026-08-10T04:01:59Z	https://github.com/dmytro-yevs/copypaste/actions/runs/31354126367	.github/workflows/browser-webkitgtk.yml	Browser (WebKitGTK, Linux)	324698700	Fix Windows native evidence review gaps	dmytro-yevs	dmytro-yevs
31354126368	1	completed	cancelled	push	main	c521a85d18f178aa5f2280f1ee87a36c54e9dd27	2026-08-10T03:59:13Z	2026-08-10T03:59:13Z	2026-08-10T04:02:02Z	https://github.com/dmytro-yevs/copypaste/actions/runs/31354126368	.github/workflows/ci.yml	CI	282057606	Fix Windows native evidence review gaps	dmytro-yevs	dmytro-yevs
31354245927	1	completed	cancelled	push	main	7ea857e3e6fcb08e1f8be8bd5827f88e01b05773	2026-08-10T04:01:42Z	2026-08-10T04:01:42Z	2026-08-10T04:08:43Z	https://github.com/dmytro-yevs/copypaste/actions/runs/31354245927	.github/workflows/browser-webkitgtk.yml	Browser (WebKitGTK, Linux)	324698700	Stabilize Android startup navigation	dmytro-yevs	dmytro-yevs
31354245931	1	completed	success	push	main	7ea857e3e6fcb08e1f8be8bd5827f88e01b05773	2026-08-10T04:01:42Z	2026-08-10T04:01:42Z	2026-08-10T04:02:34Z	https://github.com/dmytro-yevs/copypaste/actions/runs/31354245931	.github/workflows/supply-chain.yml	Supply chain	323997017	Stabilize Android startup navigation	dmytro-yevs	dmytro-yevs
31354245937	1	completed	cancelled	push	main	7ea857e3e6fcb08e1f8be8bd5827f88e01b05773	2026-08-10T04:01:42Z	2026-08-10T04:01:42Z	2026-08-10T04:08:43Z	https://github.com/dmytro-yevs/copypaste/actions/runs/31354245937	.github/workflows/android-emulator.yml	Android emulator	324448484	Stabilize Android startup navigation	dmytro-yevs	dmytro-yevs
31354245954	1	completed	cancelled	push	main	7ea857e3e6fcb08e1f8be8bd5827f88e01b05773	2026-08-10T04:01:42Z	2026-08-10T04:01:42Z	2026-08-10T04:08:38Z	https://github.com/dmytro-yevs/copypaste/actions/runs/31354245954	.github/workflows/ci.yml	CI	282057606	Stabilize Android startup navigation	dmytro-yevs	dmytro-yevs
31354245956	1	completed	cancelled	push	main	7ea857e3e6fcb08e1f8be8bd5827f88e01b05773	2026-08-10T04:01:42Z	2026-08-10T04:01:42Z	2026-08-10T04:08:31Z	https://github.com/dmytro-yevs/copypaste/actions/runs/31354245956	.github/workflows/windows-native-e2e.yml	Windows native desktop E2E	330512982	Stabilize Android startup navigation	dmytro-yevs	dmytro-yevs
31354246079	1	completed	success	dynamic	main	7ea857e3e6fcb08e1f8be8bd5827f88e01b05773	2026-08-10T04:01:42Z	2026-08-10T04:01:42Z	2026-08-10T04:03:57Z	https://github.com/dmytro-yevs/copypaste/actions/runs/31354246079	dynamic/github-code-scanning/codeql	Push on main	330681135	Push on main	dmytro-yevs	dmytro-yevs
31354565430	1	completed	success	dynamic	main	4c1090be53e2403cfe91234dae84bc121f19cac4	2026-08-10T04:08:25Z	2026-08-10T04:08:25Z	2026-08-10T04:10:47Z	https://github.com/dmytro-yevs/copypaste/actions/runs/31354565430	dynamic/github-code-scanning/codeql	Push on main	330681135	Push on main	dmytro-yevs	dmytro-yevs
31354565751	1	completed	success	push	main	4c1090be53e2403cfe91234dae84bc121f19cac4	2026-08-10T04:08:26Z	2026-08-10T04:08:26Z	2026-08-10T04:16:02Z	https://github.com/dmytro-yevs/copypaste/actions/runs/31354565751	.github/workflows/windows-native-e2e.yml	Windows native desktop E2E	330512982	Fail closed on Android screenshot cleanup	dmytro-yevs	dmytro-yevs
31354565756	1	completed	cancelled	push	main	4c1090be53e2403cfe91234dae84bc121f19cac4	2026-08-10T04:08:26Z	2026-08-10T04:08:26Z	2026-08-10T04:29:41Z	https://github.com/dmytro-yevs/copypaste/actions/runs/31354565756	.github/workflows/android-emulator.yml	Android emulator	324448484	Fail closed on Android screenshot cleanup	dmytro-yevs	dmytro-yevs
31354565759	1	completed	cancelled	push	main	4c1090be53e2403cfe91234dae84bc121f19cac4	2026-08-10T04:08:26Z	2026-08-10T04:08:26Z	2026-08-10T04:29:40Z	https://github.com/dmytro-yevs/copypaste/actions/runs/31354565759	.github/workflows/ci.yml	CI	282057606	Fail closed on Android screenshot cleanup	dmytro-yevs	dmytro-yevs
31354565770	1	completed	success	push	main	4c1090be53e2403cfe91234dae84bc121f19cac4	2026-08-10T04:08:26Z	2026-08-10T04:08:26Z	2026-08-10T04:09:24Z	https://github.com/dmytro-yevs/copypaste/actions/runs/31354565770	.github/workflows/supply-chain.yml	Supply chain	323997017	Fail closed on Android screenshot cleanup	dmytro-yevs	dmytro-yevs
31354565787	1	completed	success	push	main	4c1090be53e2403cfe91234dae84bc121f19cac4	2026-08-10T04:08:26Z	2026-08-10T04:08:26Z	2026-08-10T04:16:53Z	https://github.com/dmytro-yevs/copypaste/actions/runs/31354565787	.github/workflows/browser-webkitgtk.yml	Browser (WebKitGTK, Linux)	324698700	Fail closed on Android screenshot cleanup	dmytro-yevs	dmytro-yevs
31355646308	1	completed	success	dynamic	main	78140a3b5e797b8f5c3bf557625b7e610d285e80	2026-08-10T04:29:34Z	2026-08-10T04:29:34Z	2026-08-10T04:31:59Z	https://github.com/dmytro-yevs/copypaste/actions/runs/31355646308	dynamic/github-code-scanning/codeql	Push on main	330681135	Push on main	dmytro-yevs	dmytro-yevs
31355646730	1	completed	success	push	main	78140a3b5e797b8f5c3bf557625b7e610d285e80	2026-08-10T04:29:35Z	2026-08-10T04:29:35Z	2026-08-10T04:37:16Z	https://github.com/dmytro-yevs/copypaste/actions/runs/31355646730	.github/workflows/windows-native-e2e.yml	Windows native desktop E2E	330512982	Install native evidence dependencies before frontend tests	dmytro-yevs	dmytro-yevs
31355646764	1	completed	success	push	main	78140a3b5e797b8f5c3bf557625b7e610d285e80	2026-08-10T04:29:35Z	2026-08-10T04:29:35Z	2026-08-10T04:30:26Z	https://github.com/dmytro-yevs/copypaste/actions/runs/31355646764	.github/workflows/supply-chain.yml	Supply chain	323997017	Install native evidence dependencies before frontend tests	dmytro-yevs	dmytro-yevs
31355646765	1	completed	failure	push	main	78140a3b5e797b8f5c3bf557625b7e610d285e80	2026-08-10T04:29:35Z	2026-08-10T04:29:35Z	2026-08-10T05:05:55Z	https://github.com/dmytro-yevs/copypaste/actions/runs/31355646765	.github/workflows/android-emulator.yml	Android emulator	324448484	Install native evidence dependencies before frontend tests	dmytro-yevs	dmytro-yevs
31355646770	1	completed	success	push	main	78140a3b5e797b8f5c3bf557625b7e610d285e80	2026-08-10T04:29:35Z	2026-08-10T04:29:35Z	2026-08-10T05:03:26Z	https://github.com/dmytro-yevs/copypaste/actions/runs/31355646770	.github/workflows/ci.yml	CI	282057606	Install native evidence dependencies before frontend tests	dmytro-yevs	dmytro-yevs
31355646777	1	completed	success	push	main	78140a3b5e797b8f5c3bf557625b7e610d285e80	2026-08-10T04:29:35Z	2026-08-10T04:29:35Z	2026-08-10T04:37:24Z	https://github.com/dmytro-yevs/copypaste/actions/runs/31355646777	.github/workflows/browser-webkitgtk.yml	Browser (WebKitGTK, Linux)	324698700	Install native evidence dependencies before frontend tests	dmytro-yevs	dmytro-yevs
31359715556	1	completed	failure	schedule	main	78140a3b5e797b8f5c3bf557625b7e610d285e80	2026-08-10T05:47:25Z	2026-08-10T05:47:25Z	2026-08-10T06:36:34Z	https://github.com/dmytro-yevs/copypaste/actions/runs/31359715556	.github/workflows/native-nightly.yml	Nightly native matrix	330512981	Nightly native matrix	dmytro-yevs	dmytro-yevs
31368330666	1	completed	success	schedule	main	78140a3b5e797b8f5c3bf557625b7e610d285e80	2026-08-10T08:02:26Z	2026-08-10T08:02:26Z	2026-08-10T08:03:16Z	https://github.com/dmytro-yevs/copypaste/actions/runs/31368330666	.github/workflows/supply-chain.yml	Supply chain	323997017	Supply chain	dmytro-yevs	dmytro-yevs
31375840803	1	completed	success	dynamic	main	13e63b814e7ab7eaf2269505c4f78b4dba189f33	2026-08-10T09:42:15Z	2026-08-10T09:42:15Z	2026-08-10T09:44:42Z	https://github.com/dmytro-yevs/copypaste/actions/runs/31375840803	dynamic/github-code-scanning/codeql	Push on main	330681135	Push on main	dmytro-yevs	dmytro-yevs
31375841003	1	completed	failure	push	main	13e63b814e7ab7eaf2269505c4f78b4dba189f33	2026-08-10T09:42:15Z	2026-08-10T09:42:15Z	2026-08-10T10:17:41Z	https://github.com/dmytro-yevs/copypaste/actions/runs/31375841003	.github/workflows/ci.yml	CI	282057606	Mark Android log reporter executable	dmytro-yevs	dmytro-yevs
31375841024	1	completed	failure	push	main	13e63b814e7ab7eaf2269505c4f78b4dba189f33	2026-08-10T09:42:15Z	2026-08-10T09:42:15Z	2026-08-10T09:46:18Z	https://github.com/dmytro-yevs/copypaste/actions/runs/31375841024	.github/workflows/windows-native-e2e.yml	Windows native desktop E2E	330512982	Mark Android log reporter executable	dmytro-yevs	dmytro-yevs
31375841033	1	completed	failure	push	main	13e63b814e7ab7eaf2269505c4f78b4dba189f33	2026-08-10T09:42:15Z	2026-08-10T09:42:15Z	2026-08-10T10:09:18Z	https://github.com/dmytro-yevs/copypaste/actions/runs/31375841033	.github/workflows/android-emulator.yml	Android emulator	324448484	Mark Android log reporter executable	dmytro-yevs	dmytro-yevs
31375841072	1	completed	success	push	main	13e63b814e7ab7eaf2269505c4f78b4dba189f33	2026-08-10T09:42:15Z	2026-08-10T09:42:15Z	2026-08-10T09:43:09Z	https://github.com/dmytro-yevs/copypaste/actions/runs/31375841072	.github/workflows/supply-chain.yml	Supply chain	323997017	Mark Android log reporter executable	dmytro-yevs	dmytro-yevs
31375841090	1	completed	success	push	main	13e63b814e7ab7eaf2269505c4f78b4dba189f33	2026-08-10T09:42:15Z	2026-08-10T09:42:15Z	2026-08-10T09:50:30Z	https://github.com/dmytro-yevs/copypaste/actions/runs/31375841090	.github/workflows/browser-webkitgtk.yml	Browser (WebKitGTK, Linux)	324698700	Mark Android log reporter executable	dmytro-yevs	dmytro-yevs
31379514524	1	completed	success	dynamic	main	44f1cd25c1a61e42a85a588cfca4d57f11260e5c	2026-08-10T10:31:39Z	2026-08-10T10:31:39Z	2026-08-10T10:33:59Z	https://github.com/dmytro-yevs/copypaste/actions/runs/31379514524	dynamic/github-code-scanning/codeql	Push on main	330681135	Push on main	dmytro-yevs	dmytro-yevs
31379514575	1	completed	success	push	main	44f1cd25c1a61e42a85a588cfca4d57f11260e5c	2026-08-10T10:31:39Z	2026-08-10T10:31:39Z	2026-08-10T10:39:59Z	https://github.com/dmytro-yevs/copypaste/actions/runs/31379514575	.github/workflows/browser-webkitgtk.yml	Browser (WebKitGTK, Linux)	324698700	Fix updater startup and cross-platform warnings	dmytro-yevs	dmytro-yevs
31379514617	1	completed	success	push	main	44f1cd25c1a61e42a85a588cfca4d57f11260e5c	2026-08-10T10:31:39Z	2026-08-10T10:31:39Z	2026-08-10T10:32:44Z	https://github.com/dmytro-yevs/copypaste/actions/runs/31379514617	.github/workflows/supply-chain.yml	Supply chain	323997017	Fix updater startup and cross-platform warnings	dmytro-yevs	dmytro-yevs
31379514650	1	completed	failure	push	main	44f1cd25c1a61e42a85a588cfca4d57f11260e5c	2026-08-10T10:31:39Z	2026-08-10T10:31:39Z	2026-08-10T11:04:02Z	https://github.com/dmytro-yevs/copypaste/actions/runs/31379514650	.github/workflows/android-emulator.yml	Android emulator	324448484	Fix updater startup and cross-platform warnings	dmytro-yevs	dmytro-yevs
31379514668	1	completed	cancelled	push	main	44f1cd25c1a61e42a85a588cfca4d57f11260e5c	2026-08-10T10:31:39Z	2026-08-10T10:31:39Z	2026-08-10T10:52:37Z	https://github.com/dmytro-yevs/copypaste/actions/runs/31379514668	.github/workflows/ci.yml	CI	282057606	Fix updater startup and cross-platform warnings	dmytro-yevs	dmytro-yevs
31379514744	1	completed	failure	push	main	44f1cd25c1a61e42a85a588cfca4d57f11260e5c	2026-08-10T10:31:39Z	2026-08-10T10:31:39Z	2026-08-10T10:42:29Z	https://github.com/dmytro-yevs/copypaste/actions/runs/31379514744	.github/workflows/windows-native-e2e.yml	Windows native desktop E2E	330512982	Fix updater startup and cross-platform warnings	dmytro-yevs	dmytro-yevs
31381029316	1	completed	success	dynamic	main	2fbac8bd1b2b56aafae2ec3a27d9f46e39517f98	2026-08-10T10:52:31Z	2026-08-10T10:52:31Z	2026-08-10T10:54:57Z	https://github.com/dmytro-yevs/copypaste/actions/runs/31381029316	dynamic/github-code-scanning/codeql	Push on main	330681135	Push on main	dmytro-yevs	dmytro-yevs
31381029444	1	completed	success	push	main	2fbac8bd1b2b56aafae2ec3a27d9f46e39517f98	2026-08-10T10:52:32Z	2026-08-10T10:52:32Z	2026-08-10T11:00:40Z	https://github.com/dmytro-yevs/copypaste/actions/runs/31381029444	.github/workflows/windows-native-e2e.yml	Windows native desktop E2E	330512982	Prove bulk-delete CLI calls stay serial	dmytro-yevs	dmytro-yevs
31381029446	1	completed	success	push	main	2fbac8bd1b2b56aafae2ec3a27d9f46e39517f98	2026-08-10T10:52:32Z	2026-08-10T10:52:32Z	2026-08-10T11:27:37Z	https://github.com/dmytro-yevs/copypaste/actions/runs/31381029446	.github/workflows/ci.yml	CI	282057606	Prove bulk-delete CLI calls stay serial	dmytro-yevs	dmytro-yevs
31381029449	1	completed	success	push	main	2fbac8bd1b2b56aafae2ec3a27d9f46e39517f98	2026-08-10T10:52:32Z	2026-08-10T10:52:32Z	2026-08-10T10:53:28Z	https://github.com/dmytro-yevs/copypaste/actions/runs/31381029449	.github/workflows/supply-chain.yml	Supply chain	323997017	Prove bulk-delete CLI calls stay serial	dmytro-yevs	dmytro-yevs
31381029494	1	completed	success	push	main	2fbac8bd1b2b56aafae2ec3a27d9f46e39517f98	2026-08-10T10:52:32Z	2026-08-10T10:52:32Z	2026-08-10T11:00:33Z	https://github.com/dmytro-yevs/copypaste/actions/runs/31381029494	.github/workflows/browser-webkitgtk.yml	Browser (WebKitGTK, Linux)	324698700	Prove bulk-delete CLI calls stay serial	dmytro-yevs	dmytro-yevs
31461906318	1	completed	failure	schedule	main	2fbac8bd1b2b56aafae2ec3a27d9f46e39517f98	2026-08-11T05:31:12Z	2026-08-11T05:31:12Z	2026-08-11T06:25:18Z	https://github.com/dmytro-yevs/copypaste/actions/runs/31461906318	.github/workflows/native-nightly.yml	Nightly native matrix	330512981	Nightly native matrix	dmytro-yevs	dmytro-yevs
31517119869	1	completed	success	dynamic	main	248382533b3a924593fb82660c38f47b414a4739	2026-08-11T17:21:16Z	2026-08-11T17:21:16Z	2026-08-11T17:23:47Z	https://github.com/dmytro-yevs/copypaste/actions/runs/31517119869	dynamic/github-code-scanning/codeql	Push on main	330681135	Push on main	dmytro-yevs	dmytro-yevs
31517120336	1	completed	success	push	main	248382533b3a924593fb82660c38f47b414a4739	2026-08-11T17:21:17Z	2026-08-11T17:21:17Z	2026-08-11T17:28:36Z	https://github.com/dmytro-yevs/copypaste/actions/runs/31517120336	.github/workflows/windows-native-e2e.yml	Windows native desktop E2E	330512982	Stabilize Android emulator navigation and evidence	dmytro-yevs	dmytro-yevs
31517120365	1	completed	cancelled	push	main	248382533b3a924593fb82660c38f47b414a4739	2026-08-11T17:21:17Z	2026-08-11T17:21:17Z	2026-08-11T17:33:04Z	https://github.com/dmytro-yevs/copypaste/actions/runs/31517120365	.github/workflows/ci.yml	CI	282057606	Stabilize Android emulator navigation and evidence	dmytro-yevs	dmytro-yevs
31517120374	1	completed	failure	push	main	248382533b3a924593fb82660c38f47b414a4739	2026-08-11T17:21:17Z	2026-08-11T17:21:17Z	2026-08-11T17:58:38Z	https://github.com/dmytro-yevs/copypaste/actions/runs/31517120374	.github/workflows/android-emulator.yml	Android emulator	324448484	Stabilize Android emulator navigation and evidence	dmytro-yevs	dmytro-yevs
31517120414	1	completed	success	push	main	248382533b3a924593fb82660c38f47b414a4739	2026-08-11T17:21:17Z	2026-08-11T17:21:17Z	2026-08-11T17:28:34Z	https://github.com/dmytro-yevs/copypaste/actions/runs/31517120414	.github/workflows/browser-webkitgtk.yml	Browser (WebKitGTK, Linux)	324698700	Stabilize Android emulator navigation and evidence	dmytro-yevs	dmytro-yevs
31517120960	1	completed	success	push	main	248382533b3a924593fb82660c38f47b414a4739	2026-08-11T17:21:17Z	2026-08-11T17:21:17Z	2026-08-11T17:22:14Z	https://github.com/dmytro-yevs/copypaste/actions/runs/31517120960	.github/workflows/supply-chain.yml	Supply chain	323997017	Stabilize Android emulator navigation and evidence	dmytro-yevs	dmytro-yevs
31518126113	1	completed	failure	push	main	ced435c737bf8abb41dc3e5f3ca308d92271640b	2026-08-11T17:32:59Z	2026-08-11T17:32:59Z	2026-08-11T18:07:42Z	https://github.com/dmytro-yevs/copypaste/actions/runs/31518126113	.github/workflows/ci.yml	CI	282057606	Correct the secret-scan comment to name the root policy	dmytro-yevs	dmytro-yevs
31518126121	1	completed	success	push	main	ced435c737bf8abb41dc3e5f3ca308d92271640b	2026-08-11T17:32:59Z	2026-08-11T17:32:59Z	2026-08-11T17:42:23Z	https://github.com/dmytro-yevs/copypaste/actions/runs/31518126121	.github/workflows/windows-native-e2e.yml	Windows native desktop E2E	330512982	Correct the secret-scan comment to name the root policy	dmytro-yevs	dmytro-yevs
31518126131	1	completed	success	dynamic	main	ced435c737bf8abb41dc3e5f3ca308d92271640b	2026-08-11T17:32:59Z	2026-08-11T17:32:59Z	2026-08-11T17:35:20Z	https://github.com/dmytro-yevs/copypaste/actions/runs/31518126131	dynamic/github-code-scanning/codeql	Push on main	330681135	Push on main	dmytro-yevs	dmytro-yevs
31518126231	1	completed	success	push	main	ced435c737bf8abb41dc3e5f3ca308d92271640b	2026-08-11T17:32:59Z	2026-08-11T17:32:59Z	2026-08-11T17:42:18Z	https://github.com/dmytro-yevs/copypaste/actions/runs/31518126231	.github/workflows/browser-webkitgtk.yml	Browser (WebKitGTK, Linux)	324698700	Correct the secret-scan comment to name the root policy	dmytro-yevs	dmytro-yevs
31518126489	1	completed	success	push	main	ced435c737bf8abb41dc3e5f3ca308d92271640b	2026-08-11T17:32:59Z	2026-08-11T17:32:59Z	2026-08-11T17:34:00Z	https://github.com/dmytro-yevs/copypaste/actions/runs/31518126489	.github/workflows/supply-chain.yml	Supply chain	323997017	Correct the secret-scan comment to name the root policy	dmytro-yevs	dmytro-yevs
31532151880	1	completed	success	dynamic	main	b503476e6a694346d07dcb9f223a12082ab6d2ec	2026-08-11T20:17:17Z	2026-08-11T20:17:17Z	2026-08-11T20:19:47Z	https://github.com/dmytro-yevs/copypaste/actions/runs/31532151880	dynamic/github-code-scanning/codeql	Push on main	330681135	Push on main	dmytro-yevs	dmytro-yevs
31532152556	1	completed	failure	push	main	b503476e6a694346d07dcb9f223a12082ab6d2ec	2026-08-11T20:17:18Z	2026-08-11T20:17:18Z	2026-08-11T20:51:26Z	https://github.com/dmytro-yevs/copypaste/actions/runs/31532152556	.github/workflows/android-emulator.yml	Android emulator	324448484	Fix Android screencap self-test ShellCheck	dmytro-yevs	dmytro-yevs
31532152678	1	completed	success	push	main	b503476e6a694346d07dcb9f223a12082ab6d2ec	2026-08-11T20:17:18Z	2026-08-11T20:17:18Z	2026-08-11T20:25:15Z	https://github.com/dmytro-yevs/copypaste/actions/runs/31532152678	.github/workflows/windows-native-e2e.yml	Windows native desktop E2E	330512982	Fix Android screencap self-test ShellCheck	dmytro-yevs	dmytro-yevs
31532152681	1	completed	success	push	main	b503476e6a694346d07dcb9f223a12082ab6d2ec	2026-08-11T20:17:18Z	2026-08-11T20:17:18Z	2026-08-11T20:25:06Z	https://github.com/dmytro-yevs/copypaste/actions/runs/31532152681	.github/workflows/browser-webkitgtk.yml	Browser (WebKitGTK, Linux)	324698700	Fix Android screencap self-test ShellCheck	dmytro-yevs	dmytro-yevs
31532152715	1	completed	cancelled	push	main	b503476e6a694346d07dcb9f223a12082ab6d2ec	2026-08-11T20:17:18Z	2026-08-11T20:17:18Z	2026-08-11T20:37:08Z	https://github.com/dmytro-yevs/copypaste/actions/runs/31532152715	.github/workflows/ci.yml	CI	282057606	Fix Android screencap self-test ShellCheck	dmytro-yevs	dmytro-yevs
31532152940	1	completed	success	push	main	b503476e6a694346d07dcb9f223a12082ab6d2ec	2026-08-11T20:17:18Z	2026-08-11T20:17:18Z	2026-08-11T20:18:11Z	https://github.com/dmytro-yevs/copypaste/actions/runs/31532152940	.github/workflows/supply-chain.yml	Supply chain	323997017	Fix Android screencap self-test ShellCheck	dmytro-yevs	dmytro-yevs
31533838948	1	completed	success	dynamic	main	858785cdaa91c4ad478dfda9f6df5608b6cdf2b1	2026-08-11T20:37:02Z	2026-08-11T20:37:02Z	2026-08-11T20:39:21Z	https://github.com/dmytro-yevs/copypaste/actions/runs/31533838948	dynamic/github-code-scanning/codeql	Push on main	330681135	Push on main	dmytro-yevs	dmytro-yevs
31533839104	1	completed	failure	push	main	858785cdaa91c4ad478dfda9f6df5608b6cdf2b1	2026-08-11T20:37:02Z	2026-08-11T20:37:02Z	2026-08-11T20:37:02Z	https://github.com/dmytro-yevs/copypaste/actions/runs/31533839104	.github/workflows/windows-native-e2e.yml	.github/workflows/windows-native-e2e.yml	330512982	Bound and preserve Windows native E2E startup diagnostics	dmytro-yevs	dmytro-yevs
31533840279	1	completed	cancelled	push	main	858785cdaa91c4ad478dfda9f6df5608b6cdf2b1	2026-08-11T20:37:03Z	2026-08-11T20:37:03Z	2026-08-11T20:39:32Z	https://github.com/dmytro-yevs/copypaste/actions/runs/31533840279	.github/workflows/ci.yml	CI	282057606	Bound and preserve Windows native E2E startup diagnostics	dmytro-yevs	dmytro-yevs
31533840286	1	completed	cancelled	push	main	858785cdaa91c4ad478dfda9f6df5608b6cdf2b1	2026-08-11T20:37:03Z	2026-08-11T20:37:03Z	2026-08-11T20:39:30Z	https://github.com/dmytro-yevs/copypaste/actions/runs/31533840286	.github/workflows/browser-webkitgtk.yml	Browser (WebKitGTK, Linux)	324698700	Bound and preserve Windows native E2E startup diagnostics	dmytro-yevs	dmytro-yevs
31533840733	1	completed	success	push	main	858785cdaa91c4ad478dfda9f6df5608b6cdf2b1	2026-08-11T20:37:03Z	2026-08-11T20:37:03Z	2026-08-11T20:38:05Z	https://github.com/dmytro-yevs/copypaste/actions/runs/31533840733	.github/workflows/supply-chain.yml	Supply chain	323997017	Bound and preserve Windows native E2E startup diagnostics	dmytro-yevs	dmytro-yevs
31534018528	1	completed	success	dynamic	main	ebb244b1d0023d8e37366251d203eb99f35ba267	2026-08-11T20:39:13Z	2026-08-11T20:39:13Z	2026-08-11T20:41:26Z	https://github.com/dmytro-yevs/copypaste/actions/runs/31534018528	dynamic/github-code-scanning/codeql	Push on main	330681135	Push on main	dmytro-yevs	dmytro-yevs
31534019548	1	completed	success	push	main	ebb244b1d0023d8e37366251d203eb99f35ba267	2026-08-11T20:39:13Z	2026-08-11T20:39:13Z	2026-08-11T20:46:52Z	https://github.com/dmytro-yevs/copypaste/actions/runs/31534019548	.github/workflows/windows-native-e2e.yml	Windows native desktop E2E	330512982	Define Windows E2E run root at runtime	dmytro-yevs	dmytro-yevs
31534019585	1	completed	success	push	main	ebb244b1d0023d8e37366251d203eb99f35ba267	2026-08-11T20:39:13Z	2026-08-11T20:39:13Z	2026-08-11T21:13:49Z	https://github.com/dmytro-yevs/copypaste/actions/runs/31534019585	.github/workflows/ci.yml	CI	282057606	Define Windows E2E run root at runtime	dmytro-yevs	dmytro-yevs
31534019615	1	completed	success	push	main	ebb244b1d0023d8e37366251d203eb99f35ba267	2026-08-11T20:39:13Z	2026-08-11T20:39:13Z	2026-08-11T20:47:59Z	https://github.com/dmytro-yevs/copypaste/actions/runs/31534019615	.github/workflows/browser-webkitgtk.yml	Browser (WebKitGTK, Linux)	324698700	Define Windows E2E run root at runtime	dmytro-yevs	dmytro-yevs
31534019890	1	completed	success	push	main	ebb244b1d0023d8e37366251d203eb99f35ba267	2026-08-11T20:39:14Z	2026-08-11T20:39:14Z	2026-08-11T20:40:05Z	https://github.com/dmytro-yevs/copypaste/actions/runs/31534019890	.github/workflows/supply-chain.yml	Supply chain	323997017	Define Windows E2E run root at runtime	dmytro-yevs	dmytro-yevs
31543105733	1	completed	success	dynamic	main	b465e13dad27ab6f9ff5da9d945edc376f92aa9a	2026-08-11T22:35:55Z	2026-08-11T22:35:55Z	2026-08-11T22:38:15Z	https://github.com/dmytro-yevs/copypaste/actions/runs/31543105733	dynamic/github-code-scanning/codeql	Push on main	330681135	Push on main	dmytro-yevs	dmytro-yevs
31543106652	1	completed	failure	push	main	b465e13dad27ab6f9ff5da9d945edc376f92aa9a	2026-08-11T22:35:55Z	2026-08-11T22:35:55Z	2026-08-11T23:00:22Z	https://github.com/dmytro-yevs/copypaste/actions/runs/31543106652	.github/workflows/android-emulator.yml	Android emulator	324448484	Observe Android release UI evidence where the app exposes it	dmytro-yevs	dmytro-yevs
31543106684	1	completed	success	push	main	b465e13dad27ab6f9ff5da9d945edc376f92aa9a	2026-08-11T22:35:55Z	2026-08-11T22:35:55Z	2026-08-11T22:44:12Z	https://github.com/dmytro-yevs/copypaste/actions/runs/31543106684	.github/workflows/windows-native-e2e.yml	Windows native desktop E2E	330512982	Observe Android release UI evidence where the app exposes it	dmytro-yevs	dmytro-yevs
31543106707	1	completed	success	push	main	b465e13dad27ab6f9ff5da9d945edc376f92aa9a	2026-08-11T22:35:55Z	2026-08-11T22:35:55Z	2026-08-11T23:11:30Z	https://github.com/dmytro-yevs/copypaste/actions/runs/31543106707	.github/workflows/ci.yml	CI	282057606	Observe Android release UI evidence where the app exposes it	dmytro-yevs	dmytro-yevs
31543106744	1	completed	success	push	main	b465e13dad27ab6f9ff5da9d945edc376f92aa9a	2026-08-11T22:35:55Z	2026-08-11T22:35:55Z	2026-08-11T22:43:05Z	https://github.com/dmytro-yevs/copypaste/actions/runs/31543106744	.github/workflows/browser-webkitgtk.yml	Browser (WebKitGTK, Linux)	324698700	Observe Android release UI evidence where the app exposes it	dmytro-yevs	dmytro-yevs
31543106946	1	completed	success	push	main	b465e13dad27ab6f9ff5da9d945edc376f92aa9a	2026-08-11T22:35:56Z	2026-08-11T22:35:56Z	2026-08-11T22:37:24Z	https://github.com/dmytro-yevs/copypaste/actions/runs/31543106946	.github/workflows/supply-chain.yml	Supply chain	323997017	Observe Android release UI evidence where the app exposes it	dmytro-yevs	dmytro-yevs
31549991586	1	completed	success	dynamic	main	17b7725b9f50f887e47537d4356d81e490ab3e1d	2026-08-12T00:23:00Z	2026-08-12T00:23:00Z	2026-08-12T00:25:27Z	https://github.com/dmytro-yevs/copypaste/actions/runs/31549991586	dynamic/github-code-scanning/codeql	Push on main	330681135	Push on main	dmytro-yevs	dmytro-yevs
31549992412	1	completed	success	push	main	17b7725b9f50f887e47537d4356d81e490ab3e1d	2026-08-12T00:23:01Z	2026-08-12T00:23:01Z	2026-08-12T00:55:30Z	https://github.com/dmytro-yevs/copypaste/actions/runs/31549992412	.github/workflows/ci.yml	CI	282057606	Sample an uncovered action before the next swipe	dmytro-yevs	dmytro-yevs
31549992438	3	completed	failure	push	main	17b7725b9f50f887e47537d4356d81e490ab3e1d	2026-08-12T20:16:29Z	2026-08-12T00:23:01Z	2026-08-12T20:29:38Z	https://github.com/dmytro-yevs/copypaste/actions/runs/31549992438	.github/workflows/android-emulator.yml	Android emulator	324448484	Sample an uncovered action before the next swipe	dmytro-yevs	dmytro-yevs
31549992463	1	completed	success	push	main	17b7725b9f50f887e47537d4356d81e490ab3e1d	2026-08-12T00:23:01Z	2026-08-12T00:23:01Z	2026-08-12T00:31:18Z	https://github.com/dmytro-yevs/copypaste/actions/runs/31549992463	.github/workflows/browser-webkitgtk.yml	Browser (WebKitGTK, Linux)	324698700	Sample an uncovered action before the next swipe	dmytro-yevs	dmytro-yevs
31549992484	1	completed	success	push	main	17b7725b9f50f887e47537d4356d81e490ab3e1d	2026-08-12T00:23:01Z	2026-08-12T00:23:01Z	2026-08-12T00:30:39Z	https://github.com/dmytro-yevs/copypaste/actions/runs/31549992484	.github/workflows/windows-native-e2e.yml	Windows native desktop E2E	330512982	Sample an uncovered action before the next swipe	dmytro-yevs	dmytro-yevs
31549992546	1	completed	success	push	main	17b7725b9f50f887e47537d4356d81e490ab3e1d	2026-08-12T00:23:01Z	2026-08-12T00:23:01Z	2026-08-12T00:24:42Z	https://github.com/dmytro-yevs/copypaste/actions/runs/31549992546	.github/workflows/supply-chain.yml	Supply chain	323997017	Sample an uncovered action before the next swipe	dmytro-yevs	dmytro-yevs
31567775451	1	completed	failure	schedule	main	17b7725b9f50f887e47537d4356d81e490ab3e1d	2026-08-12T05:48:36Z	2026-08-12T05:48:36Z	2026-08-12T06:38:04Z	https://github.com/dmytro-yevs/copypaste/actions/runs/31567775451	.github/workflows/native-nightly.yml	Nightly native matrix	330512981	Nightly native matrix	dmytro-yevs	dmytro-yevs
31634096151	1	completed	success	dynamic	main	fdd3938ad507db64836e099d0dc60725cec3cf2f	2026-08-12T19:44:00Z	2026-08-12T19:44:00Z	2026-08-12T19:46:22Z	https://github.com/dmytro-yevs/copypaste/actions/runs/31634096151	dynamic/github-code-scanning/codeql	Push on main	330681135	Push on main	dmytro-yevs	dmytro-yevs
31634096668	1	completed	failure	push	main	fdd3938ad507db64836e099d0dc60725cec3cf2f	2026-08-12T19:44:00Z	2026-08-12T19:44:00Z	2026-08-12T19:46:23Z	https://github.com/dmytro-yevs/copypaste/actions/runs/31634096668	.github/workflows/windows-native-e2e.yml	Windows native desktop E2E	330512982	Avoid sensitive-shaped Android evidence markers	dmytro-yevs	dmytro-yevs
31634096676	1	completed	failure	push	main	fdd3938ad507db64836e099d0dc60725cec3cf2f	2026-08-12T19:44:00Z	2026-08-12T19:44:00Z	2026-08-12T20:06:33Z	https://github.com/dmytro-yevs/copypaste/actions/runs/31634096676	.github/workflows/android-emulator.yml	Android emulator	324448484	Avoid sensitive-shaped Android evidence markers	dmytro-yevs	dmytro-yevs
31634096854	1	completed	failure	push	main	fdd3938ad507db64836e099d0dc60725cec3cf2f	2026-08-12T19:44:00Z	2026-08-12T19:44:00Z	2026-08-12T19:48:26Z	https://github.com/dmytro-yevs/copypaste/actions/runs/31634096854	.github/workflows/browser-webkitgtk.yml	Browser (WebKitGTK, Linux)	324698700	Avoid sensitive-shaped Android evidence markers	dmytro-yevs	dmytro-yevs
31634096876	1	completed	cancelled	push	main	fdd3938ad507db64836e099d0dc60725cec3cf2f	2026-08-12T19:44:00Z	2026-08-12T19:44:00Z	2026-08-12T19:59:24Z	https://github.com/dmytro-yevs/copypaste/actions/runs/31634096876	.github/workflows/ci.yml	CI	282057606	Avoid sensitive-shaped Android evidence markers	dmytro-yevs	dmytro-yevs
31634097012	1	completed	success	push	main	fdd3938ad507db64836e099d0dc60725cec3cf2f	2026-08-12T19:44:00Z	2026-08-12T19:44:00Z	2026-08-12T19:44:59Z	https://github.com/dmytro-yevs/copypaste/actions/runs/31634097012	.github/workflows/supply-chain.yml	Supply chain	323997017	Avoid sensitive-shaped Android evidence markers	dmytro-yevs	dmytro-yevs
31635297734	1	completed	success	dynamic	main	4b392b2110edd9bcfd2eb8d48b14af255a190bb0	2026-08-12T19:58:33Z	2026-08-12T19:58:33Z	2026-08-12T20:00:56Z	https://github.com/dmytro-yevs/copypaste/actions/runs/31635297734	dynamic/github-code-scanning/codeql	Push on main	330681135	Push on main	dmytro-yevs	dmytro-yevs
31635298429	1	completed	success	push	main	4b392b2110edd9bcfd2eb8d48b14af255a190bb0	2026-08-12T19:58:34Z	2026-08-12T19:58:34Z	2026-08-12T20:33:12Z	https://github.com/dmytro-yevs/copypaste/actions/runs/31635298429	.github/workflows/ci.yml	CI	282057606	Pin @puppeteer/browsers past GHSA-jmr9-qjv8-65gv in e2e	dmytro-yevs	dmytro-yevs
31635298436	1	completed	success	push	main	4b392b2110edd9bcfd2eb8d48b14af255a190bb0	2026-08-12T19:58:34Z	2026-08-12T19:58:34Z	2026-08-12T20:05:51Z	https://github.com/dmytro-yevs/copypaste/actions/runs/31635298436	.github/workflows/windows-native-e2e.yml	Windows native desktop E2E	330512982	Pin @puppeteer/browsers past GHSA-jmr9-qjv8-65gv in e2e	dmytro-yevs	dmytro-yevs
31635298581	1	completed	success	push	main	4b392b2110edd9bcfd2eb8d48b14af255a190bb0	2026-08-12T19:58:34Z	2026-08-12T19:58:34Z	2026-08-12T19:59:52Z	https://github.com/dmytro-yevs/copypaste/actions/runs/31635298581	.github/workflows/supply-chain.yml	Supply chain	323997017	Pin @puppeteer/browsers past GHSA-jmr9-qjv8-65gv in e2e	dmytro-yevs	dmytro-yevs
31635298621	1	completed	success	push	main	4b392b2110edd9bcfd2eb8d48b14af255a190bb0	2026-08-12T19:58:34Z	2026-08-12T19:58:34Z	2026-08-12T20:06:36Z	https://github.com/dmytro-yevs/copypaste/actions/runs/31635298621	.github/workflows/browser-webkitgtk.yml	Browser (WebKitGTK, Linux)	324698700	Pin @puppeteer/browsers past GHSA-jmr9-qjv8-65gv in e2e	dmytro-yevs	dmytro-yevs
31646645557	1	completed	success	dynamic	main	cd08aba7e0aaa32a3829f824c72e0b5b41146bfd	2026-08-12T22:22:06Z	2026-08-12T22:22:06Z	2026-08-12T22:24:44Z	https://github.com/dmytro-yevs/copypaste/actions/runs/31646645557	dynamic/github-code-scanning/codeql	Push on main	330681135	Push on main	dmytro-yevs	dmytro-yevs
31646646266	1	completed	success	push	main	cd08aba7e0aaa32a3829f824c72e0b5b41146bfd	2026-08-12T22:22:06Z	2026-08-12T22:22:06Z	2026-08-12T22:56:17Z	https://github.com/dmytro-yevs/copypaste/actions/runs/31646646266	.github/workflows/ci.yml	CI	282057606	Cut the Android attachment header to the comment budget	dmytro-yevs	dmytro-yevs
31646646280	1	completed	success	push	main	cd08aba7e0aaa32a3829f824c72e0b5b41146bfd	2026-08-12T22:22:06Z	2026-08-12T22:22:06Z	2026-08-12T22:31:14Z	https://github.com/dmytro-yevs/copypaste/actions/runs/31646646280	.github/workflows/browser-webkitgtk.yml	Browser (WebKitGTK, Linux)	324698700	Cut the Android attachment header to the comment budget	dmytro-yevs	dmytro-yevs
31646646300	1	completed	failure	push	main	cd08aba7e0aaa32a3829f824c72e0b5b41146bfd	2026-08-12T22:22:06Z	2026-08-12T22:22:06Z	2026-08-12T22:46:32Z	https://github.com/dmytro-yevs/copypaste/actions/runs/31646646300	.github/workflows/android-emulator.yml	Android emulator	324448484	Cut the Android attachment header to the comment budget	dmytro-yevs	dmytro-yevs
31646646328	1	completed	success	push	main	cd08aba7e0aaa32a3829f824c72e0b5b41146bfd	2026-08-12T22:22:06Z	2026-08-12T22:22:06Z	2026-08-12T22:29:34Z	https://github.com/dmytro-yevs/copypaste/actions/runs/31646646328	.github/workflows/windows-native-e2e.yml	Windows native desktop E2E	330512982	Cut the Android attachment header to the comment budget	dmytro-yevs	dmytro-yevs
31646646472	1	completed	success	push	main	cd08aba7e0aaa32a3829f824c72e0b5b41146bfd	2026-08-12T22:22:07Z	2026-08-12T22:22:07Z	2026-08-12T22:22:56Z	https://github.com/dmytro-yevs/copypaste/actions/runs/31646646472	.github/workflows/supply-chain.yml	Supply chain	323997017	Cut the Android attachment header to the comment budget	dmytro-yevs	dmytro-yevs
31650328719	1	completed	success	dynamic	main	4ca184890d540e6474dbb51e6e36ad0f984f443f	2026-08-12T23:17:23Z	2026-08-12T23:17:23Z	2026-08-12T23:20:00Z	https://github.com/dmytro-yevs/copypaste/actions/runs/31650328719	dynamic/github-code-scanning/codeql	Push on main	330681135	Push on main	dmytro-yevs	dmytro-yevs
31650328766	1	completed	success	push	main	4ca184890d540e6474dbb51e6e36ad0f984f443f	2026-08-12T23:17:23Z	2026-08-12T23:17:23Z	2026-08-12T23:49:58Z	https://github.com/dmytro-yevs/copypaste/actions/runs/31650328766	.github/workflows/ci.yml	CI	282057606	Seed the Android INV fixtures for a relevance-ordered list	dmytro-yevs	dmytro-yevs
31650328768	1	completed	success	push	main	4ca184890d540e6474dbb51e6e36ad0f984f443f	2026-08-12T23:17:23Z	2026-08-12T23:17:23Z	2026-08-12T23:26:49Z	https://github.com/dmytro-yevs/copypaste/actions/runs/31650328768	.github/workflows/browser-webkitgtk.yml	Browser (WebKitGTK, Linux)	324698700	Seed the Android INV fixtures for a relevance-ordered list	dmytro-yevs	dmytro-yevs
31650328835	2	completed	success	push	main	4ca184890d540e6474dbb51e6e36ad0f984f443f	2026-08-12T23:46:55Z	2026-08-12T23:17:23Z	2026-08-12T23:55:46Z	https://github.com/dmytro-yevs/copypaste/actions/runs/31650328835	.github/workflows/android-emulator.yml	Android emulator	324448484	Seed the Android INV fixtures for a relevance-ordered list	dmytro-yevs	dmytro-yevs
31650328846	1	completed	success	push	main	4ca184890d540e6474dbb51e6e36ad0f984f443f	2026-08-12T23:17:23Z	2026-08-12T23:17:23Z	2026-08-12T23:24:46Z	https://github.com/dmytro-yevs/copypaste/actions/runs/31650328846	.github/workflows/windows-native-e2e.yml	Windows native desktop E2E	330512982	Seed the Android INV fixtures for a relevance-ordered list	dmytro-yevs	dmytro-yevs
31650328851	1	completed	success	push	main	4ca184890d540e6474dbb51e6e36ad0f984f443f	2026-08-12T23:17:23Z	2026-08-12T23:17:23Z	2026-08-12T23:18:13Z	https://github.com/dmytro-yevs/copypaste/actions/runs/31650328851	.github/workflows/supply-chain.yml	Supply chain	323997017	Seed the Android INV fixtures for a relevance-ordered list	dmytro-yevs	dmytro-yevs
31654322475	1	completed	success	dynamic	main	8dfe819e7631c828ef72147d8a2278ec361eee63	2026-08-13T00:24:46Z	2026-08-13T00:24:46Z	2026-08-13T00:27:51Z	https://github.com/dmytro-yevs/copypaste/actions/runs/31654322475	dynamic/github-code-scanning/codeql	Push on main	330681135	Push on main	dmytro-yevs	dmytro-yevs
31654322774	1	completed	cancelled	push	main	8dfe819e7631c828ef72147d8a2278ec361eee63	2026-08-13T00:24:46Z	2026-08-13T00:24:46Z	2026-08-13T00:43:38Z	https://github.com/dmytro-yevs/copypaste/actions/runs/31654322774	.github/workflows/ci.yml	CI	282057606	Bound and retry the Android capture-state startup read	dmytro-yevs	dmytro-yevs
31654322844	1	completed	cancelled	push	main	8dfe819e7631c828ef72147d8a2278ec361eee63	2026-08-13T00:24:46Z	2026-08-13T00:24:46Z	2026-08-13T00:43:40Z	https://github.com/dmytro-yevs/copypaste/actions/runs/31654322844	.github/workflows/android-emulator.yml	Android emulator	324448484	Bound and retry the Android capture-state startup read	dmytro-yevs	dmytro-yevs
31654322846	1	completed	success	push	main	8dfe819e7631c828ef72147d8a2278ec361eee63	2026-08-13T00:24:46Z	2026-08-13T00:24:46Z	2026-08-13T00:34:00Z	https://github.com/dmytro-yevs/copypaste/actions/runs/31654322846	.github/workflows/browser-webkitgtk.yml	Browser (WebKitGTK, Linux)	324698700	Bound and retry the Android capture-state startup read	dmytro-yevs	dmytro-yevs
31654322849	1	completed	success	push	main	8dfe819e7631c828ef72147d8a2278ec361eee63	2026-08-13T00:24:46Z	2026-08-13T00:24:46Z	2026-08-13T00:32:34Z	https://github.com/dmytro-yevs/copypaste/actions/runs/31654322849	.github/workflows/windows-native-e2e.yml	Windows native desktop E2E	330512982	Bound and retry the Android capture-state startup read	dmytro-yevs	dmytro-yevs
31654322987	1	completed	success	push	main	8dfe819e7631c828ef72147d8a2278ec361eee63	2026-08-13T00:24:47Z	2026-08-13T00:24:47Z	2026-08-13T00:26:00Z	https://github.com/dmytro-yevs/copypaste/actions/runs/31654322987	.github/workflows/supply-chain.yml	Supply chain	323997017	Bound and retry the Android capture-state startup read	dmytro-yevs	dmytro-yevs
31655393207	1	completed	success	dynamic	main	d12aa1947f3215aa28d0e2468ffc4ab61b380c0d	2026-08-13T00:43:32Z	2026-08-13T00:43:32Z	2026-08-13T00:46:00Z	https://github.com/dmytro-yevs/copypaste/actions/runs/31655393207	dynamic/github-code-scanning/codeql	Push on main	330681135	Push on main	dmytro-yevs	dmytro-yevs
31655393601	1	completed	success	push	main	d12aa1947f3215aa28d0e2468ffc4ab61b380c0d	2026-08-13T00:43:33Z	2026-08-13T00:43:33Z	2026-08-13T00:52:58Z	https://github.com/dmytro-yevs/copypaste/actions/runs/31655393601	.github/workflows/browser-webkitgtk.yml	Browser (WebKitGTK, Linux)	324698700	Settle the virtualizer scroll debounce in HistoryList tests	dmytro-yevs	dmytro-yevs
31655393672	1	completed	failure	push	main	d12aa1947f3215aa28d0e2468ffc4ab61b380c0d	2026-08-13T00:43:33Z	2026-08-13T00:43:33Z	2026-08-13T00:51:22Z	https://github.com/dmytro-yevs/copypaste/actions/runs/31655393672	.github/workflows/windows-native-e2e.yml	Windows native desktop E2E	330512982	Settle the virtualizer scroll debounce in HistoryList tests	dmytro-yevs	dmytro-yevs
31655393719	1	completed	success	push	main	d12aa1947f3215aa28d0e2468ffc4ab61b380c0d	2026-08-13T00:43:33Z	2026-08-13T00:43:33Z	2026-08-13T01:06:59Z	https://github.com/dmytro-yevs/copypaste/actions/runs/31655393719	.github/workflows/android-emulator.yml	Android emulator	324448484	Settle the virtualizer scroll debounce in HistoryList tests	dmytro-yevs	dmytro-yevs
31655393728	1	completed	cancelled	push	main	d12aa1947f3215aa28d0e2468ffc4ab61b380c0d	2026-08-13T00:43:33Z	2026-08-13T00:43:33Z	2026-08-13T01:10:36Z	https://github.com/dmytro-yevs/copypaste/actions/runs/31655393728	.github/workflows/ci.yml	CI	282057606	Settle the virtualizer scroll debounce in HistoryList tests	dmytro-yevs	dmytro-yevs
31655393794	1	completed	success	push	main	d12aa1947f3215aa28d0e2468ffc4ab61b380c0d	2026-08-13T00:43:33Z	2026-08-13T00:43:33Z	2026-08-13T00:44:33Z	https://github.com/dmytro-yevs/copypaste/actions/runs/31655393794	.github/workflows/supply-chain.yml	Supply chain	323997017	Settle the virtualizer scroll debounce in HistoryList tests	dmytro-yevs	dmytro-yevs
31656855578	1	completed	success	dynamic	main	1d8447e81bf45591be84d8f58d2d28bc0e3acbe6	2026-08-13T01:10:29Z	2026-08-13T01:10:29Z	2026-08-13T01:12:41Z	https://github.com/dmytro-yevs/copypaste/actions/runs/31656855578	dynamic/github-code-scanning/codeql	Push on main	330681135	Push on main	dmytro-yevs	dmytro-yevs
31656855730	1	completed	success	push	main	1d8447e81bf45591be84d8f58d2d28bc0e3acbe6	2026-08-13T01:10:30Z	2026-08-13T01:10:30Z	2026-08-13T01:17:38Z	https://github.com/dmytro-yevs/copypaste/actions/runs/31656855730	.github/workflows/windows-native-e2e.yml	Windows native desktop E2E	330512982	Wait for Diagnostics pane to finish loading in openTab	dmytro-yevs	dmytro-yevs
31656855777	1	completed	success	push	main	1d8447e81bf45591be84d8f58d2d28bc0e3acbe6	2026-08-13T01:10:30Z	2026-08-13T01:10:30Z	2026-08-13T01:44:30Z	https://github.com/dmytro-yevs/copypaste/actions/runs/31656855777	.github/workflows/ci.yml	CI	282057606	Wait for Diagnostics pane to finish loading in openTab	dmytro-yevs	dmytro-yevs
31656855801	1	completed	success	push	main	1d8447e81bf45591be84d8f58d2d28bc0e3acbe6	2026-08-13T01:10:30Z	2026-08-13T01:10:30Z	2026-08-13T01:19:27Z	https://github.com/dmytro-yevs/copypaste/actions/runs/31656855801	.github/workflows/browser-webkitgtk.yml	Browser (WebKitGTK, Linux)	324698700	Wait for Diagnostics pane to finish loading in openTab	dmytro-yevs	dmytro-yevs
31656855907	1	completed	success	push	main	1d8447e81bf45591be84d8f58d2d28bc0e3acbe6	2026-08-13T01:10:30Z	2026-08-13T01:10:30Z	2026-08-13T01:11:22Z	https://github.com/dmytro-yevs/copypaste/actions/runs/31656855907	.github/workflows/supply-chain.yml	Supply chain	323997017	Wait for Diagnostics pane to finish loading in openTab	dmytro-yevs	dmytro-yevs
31661962655	1	completed	success	push	main	e61e99839d8992897d3b6b0ed7ef38a3ce062412	2026-08-13T02:48:46Z	2026-08-13T02:48:46Z	2026-08-13T03:12:20Z	https://github.com/dmytro-yevs/copypaste/actions/runs/31661962655	.github/workflows/android-emulator.yml	Android emulator	324448484	Replace QUERY_ALL_PACKAGES with narrow intent query	dmytro-yevs	dmytro-yevs
31661962656	1	completed	cancelled	push	main	e61e99839d8992897d3b6b0ed7ef38a3ce062412	2026-08-13T02:48:46Z	2026-08-13T02:48:46Z	2026-08-13T02:51:12Z	https://github.com/dmytro-yevs/copypaste/actions/runs/31661962656	.github/workflows/ci.yml	CI	282057606	Replace QUERY_ALL_PACKAGES with narrow intent query	dmytro-yevs	dmytro-yevs
31661962662	1	completed	cancelled	push	main	e61e99839d8992897d3b6b0ed7ef38a3ce062412	2026-08-13T02:48:46Z	2026-08-13T02:48:46Z	2026-08-13T02:51:06Z	https://github.com/dmytro-yevs/copypaste/actions/runs/31661962662	.github/workflows/windows-native-e2e.yml	Windows native desktop E2E	330512982	Replace QUERY_ALL_PACKAGES with narrow intent query	dmytro-yevs	dmytro-yevs
31661962668	1	completed	cancelled	push	main	e61e99839d8992897d3b6b0ed7ef38a3ce062412	2026-08-13T02:48:46Z	2026-08-13T02:48:46Z	2026-08-13T02:51:09Z	https://github.com/dmytro-yevs/copypaste/actions/runs/31661962668	.github/workflows/browser-webkitgtk.yml	Browser (WebKitGTK, Linux)	324698700	Replace QUERY_ALL_PACKAGES with narrow intent query	dmytro-yevs	dmytro-yevs
31661962820	1	completed	success	dynamic	main	e61e99839d8992897d3b6b0ed7ef38a3ce062412	2026-08-13T02:48:47Z	2026-08-13T02:48:47Z	2026-08-13T02:51:30Z	https://github.com/dmytro-yevs/copypaste/actions/runs/31661962820	dynamic/github-code-scanning/codeql	Push on main	330681135	Push on main	dmytro-yevs	dmytro-yevs
31661962824	1	completed	success	push	main	e61e99839d8992897d3b6b0ed7ef38a3ce062412	2026-08-13T02:48:47Z	2026-08-13T02:48:47Z	2026-08-13T02:49:53Z	https://github.com/dmytro-yevs/copypaste/actions/runs/31661962824	.github/workflows/supply-chain.yml	Supply chain	323997017	Replace QUERY_ALL_PACKAGES with narrow intent query	dmytro-yevs	dmytro-yevs
31662068507	1	completed	success	dynamic	main	ad7a2c29c525b811a23af50cd1acbb8f952215c5	2026-08-13T02:50:52Z	2026-08-13T02:50:52Z	2026-08-13T02:53:11Z	https://github.com/dmytro-yevs/copypaste/actions/runs/31662068507	dynamic/github-code-scanning/codeql	Push on main	330681135	Push on main	dmytro-yevs	dmytro-yevs
31662068795	1	completed	success	push	main	ad7a2c29c525b811a23af50cd1acbb8f952215c5	2026-08-13T02:50:52Z	2026-08-13T02:50:52Z	2026-08-13T03:00:38Z	https://github.com/dmytro-yevs/copypaste/actions/runs/31662068795	.github/workflows/browser-webkitgtk.yml	Browser (WebKitGTK, Linux)	324698700	Run Android manifest guard through sh	dmytro-yevs	dmytro-yevs
31662068842	1	completed	success	push	main	ad7a2c29c525b811a23af50cd1acbb8f952215c5	2026-08-13T02:50:52Z	2026-08-13T02:50:52Z	2026-08-13T03:26:10Z	https://github.com/dmytro-yevs/copypaste/actions/runs/31662068842	.github/workflows/ci.yml	CI	282057606	Run Android manifest guard through sh	dmytro-yevs	dmytro-yevs
31662068862	1	completed	success	push	main	ad7a2c29c525b811a23af50cd1acbb8f952215c5	2026-08-13T02:50:52Z	2026-08-13T02:50:52Z	2026-08-13T02:58:33Z	https://github.com/dmytro-yevs/copypaste/actions/runs/31662068862	.github/workflows/windows-native-e2e.yml	Windows native desktop E2E	330512982	Run Android manifest guard through sh	dmytro-yevs	dmytro-yevs
31662069051	1	completed	success	push	main	ad7a2c29c525b811a23af50cd1acbb8f952215c5	2026-08-13T02:50:53Z	2026-08-13T02:50:53Z	2026-08-13T02:51:45Z	https://github.com/dmytro-yevs/copypaste/actions/runs/31662069051	.github/workflows/supply-chain.yml	Supply chain	323997017	Run Android manifest guard through sh	dmytro-yevs	dmytro-yevs
31666706825	1	completed	success	dynamic	main	e0f7156c8a33aa7924c8fc4ae70880a5e1c3e4a2	2026-08-13T04:20:22Z	2026-08-13T04:20:22Z	2026-08-13T04:23:19Z	https://github.com/dmytro-yevs/copypaste/actions/runs/31666706825	dynamic/github-code-scanning/codeql	Push on main	330681135	Push on main	dmytro-yevs	dmytro-yevs
31666707209	1	completed	success	push	main	e0f7156c8a33aa7924c8fc4ae70880a5e1c3e4a2	2026-08-13T04:20:23Z	2026-08-13T04:20:23Z	2026-08-13T04:27:38Z	https://github.com/dmytro-yevs/copypaste/actions/runs/31666707209	.github/workflows/windows-native-e2e.yml	Windows native desktop E2E	330512982	Correct README product-limits and cloud-verification copy	dmytro-yevs	dmytro-yevs
31666707244	1	completed	success	push	main	e0f7156c8a33aa7924c8fc4ae70880a5e1c3e4a2	2026-08-13T04:20:23Z	2026-08-13T04:20:23Z	2026-08-13T04:53:41Z	https://github.com/dmytro-yevs/copypaste/actions/runs/31666707244	.github/workflows/ci.yml	CI	282057606	Correct README product-limits and cloud-verification copy	dmytro-yevs	dmytro-yevs
31666707278	1	completed	success	push	main	e0f7156c8a33aa7924c8fc4ae70880a5e1c3e4a2	2026-08-13T04:20:23Z	2026-08-13T04:20:23Z	2026-08-13T04:45:05Z	https://github.com/dmytro-yevs/copypaste/actions/runs/31666707278	.github/workflows/android-emulator.yml	Android emulator	324448484	Correct README product-limits and cloud-verification copy	dmytro-yevs	dmytro-yevs
31666707513	1	completed	success	push	main	e0f7156c8a33aa7924c8fc4ae70880a5e1c3e4a2	2026-08-13T04:20:23Z	2026-08-13T04:20:23Z	2026-08-13T04:21:30Z	https://github.com/dmytro-yevs/copypaste/actions/runs/31666707513	.github/workflows/supply-chain.yml	Supply chain	323997017	Correct README product-limits and cloud-verification copy	dmytro-yevs	dmytro-yevs
31666707941	1	completed	success	push	main	e0f7156c8a33aa7924c8fc4ae70880a5e1c3e4a2	2026-08-13T04:20:23Z	2026-08-13T04:20:23Z	2026-08-13T04:29:50Z	https://github.com/dmytro-yevs/copypaste/actions/runs/31666707941	.github/workflows/browser-webkitgtk.yml	Browser (WebKitGTK, Linux)	324698700	Correct README product-limits and cloud-verification copy	dmytro-yevs	dmytro-yevs
31671201789	1	completed	success	dynamic	main	8cc73676d9271c2c779b44dfa18823a86f5ce8c0	2026-08-13T05:41:43Z	2026-08-13T05:41:43Z	2026-08-13T05:44:02Z	https://github.com/dmytro-yevs/copypaste/actions/runs/31671201789	dynamic/github-code-scanning/codeql	Push on main	330681135	Push on main	dmytro-yevs	dmytro-yevs
31671202619	1	completed	success	push	main	8cc73676d9271c2c779b44dfa18823a86f5ce8c0	2026-08-13T05:41:44Z	2026-08-13T05:41:44Z	2026-08-13T05:49:52Z	https://github.com/dmytro-yevs/copypaste/actions/runs/31671202619	.github/workflows/windows-native-e2e.yml	Windows native desktop E2E	330512982	Prepare alpha 17 release metadata	dmytro-yevs	dmytro-yevs
31671202623	1	completed	success	push	main	8cc73676d9271c2c779b44dfa18823a86f5ce8c0	2026-08-13T05:41:44Z	2026-08-13T05:41:44Z	2026-08-13T06:13:50Z	https://github.com/dmytro-yevs/copypaste/actions/runs/31671202623	.github/workflows/ci.yml	CI	282057606	Prepare alpha 17 release metadata	dmytro-yevs	dmytro-yevs
31671202673	1	completed	success	push	main	8cc73676d9271c2c779b44dfa18823a86f5ce8c0	2026-08-13T05:41:44Z	2026-08-13T05:41:44Z	2026-08-13T05:51:15Z	https://github.com/dmytro-yevs/copypaste/actions/runs/31671202673	.github/workflows/browser-webkitgtk.yml	Browser (WebKitGTK, Linux)	324698700	Prepare alpha 17 release metadata	dmytro-yevs	dmytro-yevs
31671202676	1	completed	success	push	main	8cc73676d9271c2c779b44dfa18823a86f5ce8c0	2026-08-13T05:41:44Z	2026-08-13T05:41:44Z	2026-08-13T06:03:44Z	https://github.com/dmytro-yevs/copypaste/actions/runs/31671202676	.github/workflows/android-emulator.yml	Android emulator	324448484	Prepare alpha 17 release metadata	dmytro-yevs	dmytro-yevs
31671202920	1	completed	success	push	main	8cc73676d9271c2c779b44dfa18823a86f5ce8c0	2026-08-13T05:41:45Z	2026-08-13T05:41:45Z	2026-08-13T05:43:20Z	https://github.com/dmytro-yevs/copypaste/actions/runs/31671202920	.github/workflows/supply-chain.yml	Supply chain	323997017	Prepare alpha 17 release metadata	dmytro-yevs	dmytro-yevs
31671766432	1	completed	failure	schedule	main	8cc73676d9271c2c779b44dfa18823a86f5ce8c0	2026-08-13T05:51:38Z	2026-08-13T05:51:38Z	2026-08-13T06:40:21Z	https://github.com/dmytro-yevs/copypaste/actions/runs/31671766432	.github/workflows/native-nightly.yml	Nightly native matrix	330512981	Nightly native matrix	dmytro-yevs	dmytro-yevs
31702904601	1	completed	success	dynamic	main	69287a2e507a203872fafadad1ffb004930dfea5	2026-08-13T13:02:04Z	2026-08-13T13:02:04Z	2026-08-13T13:04:52Z	https://github.com/dmytro-yevs/copypaste/actions/runs/31702904601	dynamic/github-code-scanning/codeql	Push on main	330681135	Push on main	dmytro-yevs	dmytro-yevs
31702904818	1	completed	success	push	main	69287a2e507a203872fafadad1ffb004930dfea5	2026-08-13T13:02:04Z	2026-08-13T13:02:04Z	2026-08-13T13:12:04Z	https://github.com/dmytro-yevs/copypaste/actions/runs/31702904818	.github/workflows/browser-webkitgtk.yml	Browser (WebKitGTK, Linux)	324698700	Install rustfmt in the nightly macOS toolchain	dmytro-yevs	dmytro-yevs
31702904865	1	completed	success	push	main	69287a2e507a203872fafadad1ffb004930dfea5	2026-08-13T13:02:04Z	2026-08-13T13:02:04Z	2026-08-13T13:31:33Z	https://github.com/dmytro-yevs/copypaste/actions/runs/31702904865	.github/workflows/ci.yml	CI	282057606	Install rustfmt in the nightly macOS toolchain	dmytro-yevs	dmytro-yevs
31702904888	1	completed	success	push	main	69287a2e507a203872fafadad1ffb004930dfea5	2026-08-13T13:02:04Z	2026-08-13T13:02:04Z	2026-08-13T13:09:16Z	https://github.com/dmytro-yevs/copypaste/actions/runs/31702904888	.github/workflows/windows-native-e2e.yml	Windows native desktop E2E	330512982	Install rustfmt in the nightly macOS toolchain	dmytro-yevs	dmytro-yevs
31702905253	1	completed	success	push	main	69287a2e507a203872fafadad1ffb004930dfea5	2026-08-13T13:02:04Z	2026-08-13T13:02:04Z	2026-08-13T13:03:08Z	https://github.com/dmytro-yevs/copypaste/actions/runs/31702905253	.github/workflows/supply-chain.yml	Supply chain	323997017	Install rustfmt in the nightly macOS toolchain	dmytro-yevs	dmytro-yevs
31703645716	1	completed	failure	workflow_dispatch	main	69287a2e507a203872fafadad1ffb004930dfea5	2026-08-13T13:11:03Z	2026-08-13T13:11:03Z	2026-08-13T13:43:14Z	https://github.com/dmytro-yevs/copypaste/actions/runs/31703645716	.github/workflows/native-nightly.yml	Nightly native matrix	330512981	Nightly native matrix	dmytro-yevs	dmytro-yevs
31721069723	1	completed	failure	workflow_dispatch	main-3	becff35abca27686ff3057a9ab0b936fb792ddc9	2026-08-13T16:31:02Z	2026-08-13T16:31:02Z	2026-08-13T16:55:11Z	https://github.com/dmytro-yevs/copypaste/actions/runs/31721069723	.github/workflows/android-emulator.yml	Android emulator	324448484	Android emulator	dmytro-yevs	dmytro-yevs
31721069753	1	completed	failure	workflow_dispatch	main-3	becff35abca27686ff3057a9ab0b936fb792ddc9	2026-08-13T16:31:02Z	2026-08-13T16:31:02Z	2026-08-13T17:04:27Z	https://github.com/dmytro-yevs/copypaste/actions/runs/31721069753	.github/workflows/android-emulator.yml	Android emulator	324448484	Android emulator	dmytro-yevs	dmytro-yevs
31721069967	1	completed	failure	workflow_dispatch	main-3	becff35abca27686ff3057a9ab0b936fb792ddc9	2026-08-13T16:31:02Z	2026-08-13T16:31:02Z	2026-08-13T17:01:49Z	https://github.com/dmytro-yevs/copypaste/actions/runs/31721069967	.github/workflows/android-emulator.yml	Android emulator	324448484	Android emulator	dmytro-yevs	dmytro-yevs
31721069984	1	completed	failure	workflow_dispatch	main-3	becff35abca27686ff3057a9ab0b936fb792ddc9	2026-08-13T16:31:02Z	2026-08-13T16:31:02Z	2026-08-13T17:07:59Z	https://github.com/dmytro-yevs/copypaste/actions/runs/31721069984	.github/workflows/android-emulator.yml	Android emulator	324448484	Android emulator	dmytro-yevs	dmytro-yevs
31721070023	1	completed	cancelled	workflow_dispatch	main-3	becff35abca27686ff3057a9ab0b936fb792ddc9	2026-08-13T16:31:02Z	2026-08-13T16:31:02Z	2026-08-13T17:26:56Z	https://github.com/dmytro-yevs/copypaste/actions/runs/31721070023	.github/workflows/android-emulator.yml	Android emulator	324448484	Android emulator	dmytro-yevs	dmytro-yevs
31723448225	1	completed	success	workflow_dispatch	dmytro-yevs/fix-release-ci-gates	bfa5854614a9ef4d9052fe42781a6bebc9bccc86	2026-08-13T16:59:25Z	2026-08-13T16:59:25Z	2026-08-13T17:33:13Z	https://github.com/dmytro-yevs/copypaste/actions/runs/31723448225	.github/workflows/ci.yml	CI	282057606	CI	dmytro-yevs	dmytro-yevs
31725741145	1	completed	failure	workflow_dispatch	main-3	c831713196f04b0eb46cf451e1fb6706f83595dc	2026-08-13T17:26:48Z	2026-08-13T17:26:48Z	2026-08-13T18:28:39Z	https://github.com/dmytro-yevs/copypaste/actions/runs/31725741145	.github/workflows/android-emulator.yml	Android emulator	324448484	Android emulator	dmytro-yevs	dmytro-yevs
31725744444	1	completed	failure	workflow_dispatch	main-3	c831713196f04b0eb46cf451e1fb6706f83595dc	2026-08-13T17:26:51Z	2026-08-13T17:26:51Z	2026-08-13T18:05:35Z	https://github.com/dmytro-yevs/copypaste/actions/runs/31725744444	.github/workflows/android-emulator.yml	Android emulator	324448484	Android emulator	dmytro-yevs	dmytro-yevs
31725750806	1	completed	failure	workflow_dispatch	main-3	c831713196f04b0eb46cf451e1fb6706f83595dc	2026-08-13T17:26:56Z	2026-08-13T17:26:56Z	2026-08-13T18:01:24Z	https://github.com/dmytro-yevs/copypaste/actions/runs/31725750806	.github/workflows/android-emulator.yml	Android emulator	324448484	Android emulator	dmytro-yevs	dmytro-yevs
31725756115	1	completed	failure	workflow_dispatch	main-3	c831713196f04b0eb46cf451e1fb6706f83595dc	2026-08-13T17:27:00Z	2026-08-13T17:27:00Z	2026-08-13T18:01:16Z	https://github.com/dmytro-yevs/copypaste/actions/runs/31725756115	.github/workflows/android-emulator.yml	Android emulator	324448484	Android emulator	dmytro-yevs	dmytro-yevs
31725759809	1	completed	success	workflow_dispatch	main-3	c831713196f04b0eb46cf451e1fb6706f83595dc	2026-08-13T17:27:02Z	2026-08-13T17:27:02Z	2026-08-13T17:50:58Z	https://github.com/dmytro-yevs/copypaste/actions/runs/31725759809	.github/workflows/android-emulator.yml	Android emulator	324448484	Android emulator	dmytro-yevs	dmytro-yevs
31774201631	1	completed	failure	schedule	main	69287a2e507a203872fafadad1ffb004930dfea5	2026-08-14T05:48:55Z	2026-08-14T05:48:55Z	2026-08-14T06:38:04Z	https://github.com/dmytro-yevs/copypaste/actions/runs/31774201631	.github/workflows/native-nightly.yml	Nightly native matrix	330512981	Nightly native matrix	dmytro-yevs	dmytro-yevs
31825405374	1	completed	success	dynamic	main	b5ead067a72fa7f1393a149c2481bf21cbc13469	2026-08-14T17:44:43Z	2026-08-14T17:44:43Z	2026-08-14T17:47:22Z	https://github.com/dmytro-yevs/copypaste/actions/runs/31825405374	dynamic/github-code-scanning/codeql	Push on main	330681135	Push on main	dmytro-yevs	dmytro-yevs
31825408586	1	completed	success	push	main	b5ead067a72fa7f1393a149c2481bf21cbc13469	2026-08-14T17:44:46Z	2026-08-14T17:44:46Z	2026-08-14T17:54:13Z	https://github.com/dmytro-yevs/copypaste/actions/runs/31825408586	.github/workflows/browser-webkitgtk.yml	Browser (WebKitGTK, Linux)	324698700	Build the Slack and GitHub App fixtures from their shape	dmytro-yevs	dmytro-yevs
31825408596	1	completed	success	push	main	b5ead067a72fa7f1393a149c2481bf21cbc13469	2026-08-14T17:44:46Z	2026-08-14T17:44:46Z	2026-08-14T18:12:57Z	https://github.com/dmytro-yevs/copypaste/actions/runs/31825408596	.github/workflows/android-emulator.yml	Android emulator	324448484	Build the Slack and GitHub App fixtures from their shape	dmytro-yevs	dmytro-yevs
31825408597	1	completed	success	push	main	b5ead067a72fa7f1393a149c2481bf21cbc13469	2026-08-14T17:44:46Z	2026-08-14T17:44:46Z	2026-08-14T17:53:59Z	https://github.com/dmytro-yevs/copypaste/actions/runs/31825408597	.github/workflows/windows-native-e2e.yml	Windows native desktop E2E	330512982	Build the Slack and GitHub App fixtures from their shape	dmytro-yevs	dmytro-yevs
31825408629	1	completed	failure	push	main	b5ead067a72fa7f1393a149c2481bf21cbc13469	2026-08-14T17:44:46Z	2026-08-14T17:44:46Z	2026-08-14T18:21:16Z	https://github.com/dmytro-yevs/copypaste/actions/runs/31825408629	.github/workflows/ci.yml	CI	282057606	Build the Slack and GitHub App fixtures from their shape	dmytro-yevs	dmytro-yevs
31825408844	1	completed	success	push	main	b5ead067a72fa7f1393a149c2481bf21cbc13469	2026-08-14T17:44:46Z	2026-08-14T17:44:46Z	2026-08-14T17:46:23Z	https://github.com/dmytro-yevs/copypaste/actions/runs/31825408844	.github/workflows/supply-chain.yml	Supply chain	323997017	Build the Slack and GitHub App fixtures from their shape	dmytro-yevs	dmytro-yevs
31831040488	1	completed	success	dynamic	main	55a219aef63dcb6b378e2243091b7dc701ff22f4	2026-08-14T18:57:02Z	2026-08-14T18:57:02Z	2026-08-14T18:59:28Z	https://github.com/dmytro-yevs/copypaste/actions/runs/31831040488	dynamic/github-code-scanning/codeql	Push on main	330681135	Push on main	dmytro-yevs	dmytro-yevs
31831041074	1	completed	success	push	main	55a219aef63dcb6b378e2243091b7dc701ff22f4	2026-08-14T18:57:03Z	2026-08-14T18:57:03Z	2026-08-14T19:04:49Z	https://github.com/dmytro-yevs/copypaste/actions/runs/31831041074	.github/workflows/windows-native-e2e.yml	Windows native desktop E2E	330512982	Prove the killed app takes its sidecar, not the CLI	dmytro-yevs	dmytro-yevs
31831041100	1	completed	success	push	main	55a219aef63dcb6b378e2243091b7dc701ff22f4	2026-08-14T18:57:03Z	2026-08-14T18:57:03Z	2026-08-14T19:30:38Z	https://github.com/dmytro-yevs/copypaste/actions/runs/31831041100	.github/workflows/ci.yml	CI	282057606	Prove the killed app takes its sidecar, not the CLI	dmytro-yevs	dmytro-yevs
31831041111	1	completed	failure	push	main	55a219aef63dcb6b378e2243091b7dc701ff22f4	2026-08-14T18:57:03Z	2026-08-14T18:57:03Z	2026-08-14T19:06:39Z	https://github.com/dmytro-yevs/copypaste/actions/runs/31831041111	.github/workflows/browser-webkitgtk.yml	Browser (WebKitGTK, Linux)	324698700	Prove the killed app takes its sidecar, not the CLI	dmytro-yevs	dmytro-yevs
31831041125	1	completed	success	push	main	55a219aef63dcb6b378e2243091b7dc701ff22f4	2026-08-14T18:57:03Z	2026-08-14T18:57:03Z	2026-08-14T19:21:00Z	https://github.com/dmytro-yevs/copypaste/actions/runs/31831041125	.github/workflows/android-emulator.yml	Android emulator	324448484	Prove the killed app takes its sidecar, not the CLI	dmytro-yevs	dmytro-yevs
31831041270	1	completed	success	push	main	55a219aef63dcb6b378e2243091b7dc701ff22f4	2026-08-14T18:57:03Z	2026-08-14T18:57:03Z	2026-08-14T18:58:32Z	https://github.com/dmytro-yevs/copypaste/actions/runs/31831041270	.github/workflows/supply-chain.yml	Supply chain	323997017	Prove the killed app takes its sidecar, not the CLI	dmytro-yevs	dmytro-yevs
31838263766	1	completed	success	dynamic	main	63dc33bcc9b214373c40b9a2d2ae67459bde0dfe	2026-08-14T20:31:04Z	2026-08-14T20:31:04Z	2026-08-14T20:33:42Z	https://github.com/dmytro-yevs/copypaste/actions/runs/31838263766	dynamic/github-code-scanning/codeql	Push on main	330681135	Push on main	dmytro-yevs	dmytro-yevs
31838263871	1	completed	success	push	main	63dc33bcc9b214373c40b9a2d2ae67459bde0dfe	2026-08-14T20:31:04Z	2026-08-14T20:31:04Z	2026-08-14T20:38:45Z	https://github.com/dmytro-yevs/copypaste/actions/runs/31838263871	.github/workflows/windows-native-e2e.yml	Windows native desktop E2E	330512982	Fail the rungs run when the API level was never read	dmytro-yevs	dmytro-yevs
31838263898	1	completed	success	push	main	63dc33bcc9b214373c40b9a2d2ae67459bde0dfe	2026-08-14T20:31:04Z	2026-08-14T20:31:04Z	2026-08-14T20:52:17Z	https://github.com/dmytro-yevs/copypaste/actions/runs/31838263898	.github/workflows/android-emulator.yml	Android emulator	324448484	Fail the rungs run when the API level was never read	dmytro-yevs	dmytro-yevs
31838263912	1	completed	failure	push	main	63dc33bcc9b214373c40b9a2d2ae67459bde0dfe	2026-08-14T20:31:04Z	2026-08-14T20:31:04Z	2026-08-14T21:08:13Z	https://github.com/dmytro-yevs/copypaste/actions/runs/31838263912	.github/workflows/ci.yml	CI	282057606	Fail the rungs run when the API level was never read	dmytro-yevs	dmytro-yevs
31838263915	1	completed	success	push	main	63dc33bcc9b214373c40b9a2d2ae67459bde0dfe	2026-08-14T20:31:04Z	2026-08-14T20:31:04Z	2026-08-14T20:40:08Z	https://github.com/dmytro-yevs/copypaste/actions/runs/31838263915	.github/workflows/browser-webkitgtk.yml	Browser (WebKitGTK, Linux)	324698700	Fail the rungs run when the API level was never read	dmytro-yevs	dmytro-yevs
31838264124	1	completed	success	push	main	63dc33bcc9b214373c40b9a2d2ae67459bde0dfe	2026-08-14T20:31:04Z	2026-08-14T20:31:04Z	2026-08-14T20:32:04Z	https://github.com/dmytro-yevs/copypaste/actions/runs/31838264124	.github/workflows/supply-chain.yml	Supply chain	323997017	Fail the rungs run when the API level was never read	dmytro-yevs	dmytro-yevs
31841892914	1	completed	success	dynamic	main	dc76cd4965427f72148c07c0e9d3eace4acdeb1c	2026-08-14T21:19:04Z	2026-08-14T21:19:04Z	2026-08-14T21:21:26Z	https://github.com/dmytro-yevs/copypaste/actions/runs/31841892914	dynamic/github-code-scanning/codeql	Push on main	330681135	Push on main	dmytro-yevs	dmytro-yevs
31841893105	1	completed	success	push	main	dc76cd4965427f72148c07c0e9d3eace4acdeb1c	2026-08-14T21:19:04Z	2026-08-14T21:19:04Z	2026-08-14T21:26:41Z	https://github.com/dmytro-yevs/copypaste/actions/runs/31841893105	.github/workflows/windows-native-e2e.yml	Windows native desktop E2E	330512982	Keep readiness narration off the wait's return value	dmytro-yevs	dmytro-yevs
31841893117	1	completed	success	push	main	dc76cd4965427f72148c07c0e9d3eace4acdeb1c	2026-08-14T21:19:04Z	2026-08-14T21:19:04Z	2026-08-14T21:28:31Z	https://github.com/dmytro-yevs/copypaste/actions/runs/31841893117	.github/workflows/browser-webkitgtk.yml	Browser (WebKitGTK, Linux)	324698700	Keep readiness narration off the wait's return value	dmytro-yevs	dmytro-yevs
31841893142	1	completed	cancelled	push	main	dc76cd4965427f72148c07c0e9d3eace4acdeb1c	2026-08-14T21:19:05Z	2026-08-14T21:19:05Z	2026-08-14T21:45:29Z	https://github.com/dmytro-yevs/copypaste/actions/runs/31841893142	.github/workflows/ci.yml	CI	282057606	Keep readiness narration off the wait's return value	dmytro-yevs	dmytro-yevs
31841893215	1	completed	success	push	main	dc76cd4965427f72148c07c0e9d3eace4acdeb1c	2026-08-14T21:19:05Z	2026-08-14T21:19:05Z	2026-08-14T21:20:04Z	https://github.com/dmytro-yevs/copypaste/actions/runs/31841893215	.github/workflows/supply-chain.yml	Supply chain	323997017	Keep readiness narration off the wait's return value	dmytro-yevs	dmytro-yevs
31843797113	1	completed	success	dynamic	main	e1a5a9d01f50f047403d166ba032b256d770fd07	2026-08-14T21:45:24Z	2026-08-14T21:45:24Z	2026-08-14T21:47:25Z	https://github.com/dmytro-yevs/copypaste/actions/runs/31843797113	dynamic/github-code-scanning/codeql	Push on main	330681135	Push on main	dmytro-yevs	dmytro-yevs
31843797507	1	completed	cancelled	push	main	e1a5a9d01f50f047403d166ba032b256d770fd07	2026-08-14T21:45:24Z	2026-08-14T21:45:24Z	2026-08-14T22:07:24Z	https://github.com/dmytro-yevs/copypaste/actions/runs/31843797507	.github/workflows/android-emulator.yml	Android emulator	324448484	Stop a sync session restoring the device it outlived	dmytro-yevs	dmytro-yevs
31843797515	1	completed	cancelled	push	main	e1a5a9d01f50f047403d166ba032b256d770fd07	2026-08-14T21:45:24Z	2026-08-14T21:45:24Z	2026-08-14T22:07:21Z	https://github.com/dmytro-yevs/copypaste/actions/runs/31843797515	.github/workflows/ci.yml	CI	282057606	Stop a sync session restoring the device it outlived	dmytro-yevs	dmytro-yevs
31843797520	1	completed	success	push	main	e1a5a9d01f50f047403d166ba032b256d770fd07	2026-08-14T21:45:24Z	2026-08-14T21:45:24Z	2026-08-14T21:54:37Z	https://github.com/dmytro-yevs/copypaste/actions/runs/31843797520	.github/workflows/browser-webkitgtk.yml	Browser (WebKitGTK, Linux)	324698700	Stop a sync session restoring the device it outlived	dmytro-yevs	dmytro-yevs
31843797534	1	completed	success	push	main	e1a5a9d01f50f047403d166ba032b256d770fd07	2026-08-14T21:45:24Z	2026-08-14T21:45:24Z	2026-08-14T21:52:50Z	https://github.com/dmytro-yevs/copypaste/actions/runs/31843797534	.github/workflows/windows-native-e2e.yml	Windows native desktop E2E	330512982	Stop a sync session restoring the device it outlived	dmytro-yevs	dmytro-yevs
31843797741	1	completed	success	push	main	e1a5a9d01f50f047403d166ba032b256d770fd07	2026-08-14T21:45:24Z	2026-08-14T21:45:24Z	2026-08-14T21:46:31Z	https://github.com/dmytro-yevs/copypaste/actions/runs/31843797741	.github/workflows/supply-chain.yml	Supply chain	323997017	Stop a sync session restoring the device it outlived	dmytro-yevs	dmytro-yevs
31845338255	1	completed	success	push	main	6d3d21ac08b5138ecc0d229f94b439885fc7d74b	2026-08-14T22:07:16Z	2026-08-14T22:07:16Z	2026-08-14T22:14:57Z	https://github.com/dmytro-yevs/copypaste/actions/runs/31845338255	.github/workflows/windows-native-e2e.yml	Windows native desktop E2E	330512982	Stop the nightly running the Android sweep twice	dmytro-yevs	dmytro-yevs
31845338283	1	completed	success	push	main	6d3d21ac08b5138ecc0d229f94b439885fc7d74b	2026-08-14T22:07:16Z	2026-08-14T22:07:16Z	2026-08-14T22:16:01Z	https://github.com/dmytro-yevs/copypaste/actions/runs/31845338283	.github/workflows/browser-webkitgtk.yml	Browser (WebKitGTK, Linux)	324698700	Stop the nightly running the Android sweep twice	dmytro-yevs	dmytro-yevs
31845338288	1	completed	success	dynamic	main	6d3d21ac08b5138ecc0d229f94b439885fc7d74b	2026-08-14T22:07:16Z	2026-08-14T22:07:16Z	2026-08-14T22:09:41Z	https://github.com/dmytro-yevs/copypaste/actions/runs/31845338288	dynamic/github-code-scanning/codeql	Push on main	330681135	Push on main	dmytro-yevs	dmytro-yevs
31845338296	1	completed	success	push	main	6d3d21ac08b5138ecc0d229f94b439885fc7d74b	2026-08-14T22:07:16Z	2026-08-14T22:07:16Z	2026-08-14T22:27:39Z	https://github.com/dmytro-yevs/copypaste/actions/runs/31845338296	.github/workflows/ci.yml	CI	282057606	Stop the nightly running the Android sweep twice	dmytro-yevs	dmytro-yevs
31845338323	1	completed	success	push	main	6d3d21ac08b5138ecc0d229f94b439885fc7d74b	2026-08-14T22:07:16Z	2026-08-14T22:07:16Z	2026-08-14T22:31:56Z	https://github.com/dmytro-yevs/copypaste/actions/runs/31845338323	.github/workflows/android-emulator.yml	Android emulator	324448484	Stop the nightly running the Android sweep twice	dmytro-yevs	dmytro-yevs
31845338450	1	completed	success	push	main	6d3d21ac08b5138ecc0d229f94b439885fc7d74b	2026-08-14T22:07:16Z	2026-08-14T22:07:16Z	2026-08-14T22:08:08Z	https://github.com/dmytro-yevs/copypaste/actions/runs/31845338450	.github/workflows/supply-chain.yml	Supply chain	323997017	Stop the nightly running the Android sweep twice	dmytro-yevs	dmytro-yevs
31847027776	1	completed	success	dynamic	main	03100959d598cfcf722d6649cafcc03de0bd5cf7	2026-08-14T22:32:44Z	2026-08-14T22:32:44Z	2026-08-14T22:35:29Z	https://github.com/dmytro-yevs/copypaste/actions/runs/31847027776	dynamic/github-code-scanning/codeql	Push on main	330681135	Push on main	dmytro-yevs	dmytro-yevs
31847028056	1	completed	success	push	main	03100959d598cfcf722d6649cafcc03de0bd5cf7	2026-08-14T22:32:45Z	2026-08-14T22:32:45Z	2026-08-14T22:41:16Z	https://github.com/dmytro-yevs/copypaste/actions/runs/31847028056	.github/workflows/browser-webkitgtk.yml	Browser (WebKitGTK, Linux)	324698700	Give every rust-cache job its own shared-key	dmytro-yevs	dmytro-yevs
31847028075	1	completed	cancelled	push	main	03100959d598cfcf722d6649cafcc03de0bd5cf7	2026-08-14T22:32:45Z	2026-08-14T22:32:45Z	2026-08-14T22:57:35Z	https://github.com/dmytro-yevs/copypaste/actions/runs/31847028075	.github/workflows/ci.yml	CI	282057606	Give every rust-cache job its own shared-key	dmytro-yevs	dmytro-yevs
31847028090	1	completed	success	push	main	03100959d598cfcf722d6649cafcc03de0bd5cf7	2026-08-14T22:32:45Z	2026-08-14T22:32:45Z	2026-08-14T22:33:40Z	https://github.com/dmytro-yevs/copypaste/actions/runs/31847028090	.github/workflows/mutation-gate.yml	Mutation gate	334676987	Give every rust-cache job its own shared-key	dmytro-yevs	dmytro-yevs
31847028103	1	completed	success	push	main	03100959d598cfcf722d6649cafcc03de0bd5cf7	2026-08-14T22:32:45Z	2026-08-14T22:32:45Z	2026-08-14T22:50:45Z	https://github.com/dmytro-yevs/copypaste/actions/runs/31847028103	.github/workflows/windows-native-e2e.yml	Windows native desktop E2E	330512982	Give every rust-cache job its own shared-key	dmytro-yevs	dmytro-yevs
31847028276	1	completed	success	push	main	03100959d598cfcf722d6649cafcc03de0bd5cf7	2026-08-14T22:32:45Z	2026-08-14T22:32:45Z	2026-08-14T22:33:59Z	https://github.com/dmytro-yevs/copypaste/actions/runs/31847028276	.github/workflows/supply-chain.yml	Supply chain	323997017	Give every rust-cache job its own shared-key	dmytro-yevs	dmytro-yevs
31848906569	1	completed	success	dynamic	main	0c77a328e473632ba78b038d69cf26f3e30dee1d	2026-08-14T23:02:24Z	2026-08-14T23:02:24Z	2026-08-14T23:04:57Z	https://github.com/dmytro-yevs/copypaste/actions/runs/31848906569	dynamic/github-code-scanning/codeql	Push on main	330681135	Push on main	dmytro-yevs	dmytro-yevs
31848906693	1	completed	success	push	main	0c77a328e473632ba78b038d69cf26f3e30dee1d	2026-08-14T23:02:24Z	2026-08-14T23:02:24Z	2026-08-14T23:09:43Z	https://github.com/dmytro-yevs/copypaste/actions/runs/31848906693	.github/workflows/browser-webkitgtk.yml	Browser (WebKitGTK, Linux)	324698700	Keep the Windows dependency cache from a red run	dmytro-yevs	dmytro-yevs
31848906694	1	completed	success	push	main	0c77a328e473632ba78b038d69cf26f3e30dee1d	2026-08-14T23:02:24Z	2026-08-14T23:02:24Z	2026-08-14T23:24:09Z	https://github.com/dmytro-yevs/copypaste/actions/runs/31848906694	.github/workflows/android-emulator.yml	Android emulator	324448484	Keep the Windows dependency cache from a red run	dmytro-yevs	dmytro-yevs
31848906697	1	completed	success	push	main	0c77a328e473632ba78b038d69cf26f3e30dee1d	2026-08-14T23:02:24Z	2026-08-14T23:02:24Z	2026-08-14T23:03:18Z	https://github.com/dmytro-yevs/copypaste/actions/runs/31848906697	.github/workflows/mutation-gate.yml	Mutation gate	334676987	Keep the Windows dependency cache from a red run	dmytro-yevs	dmytro-yevs
31848906701	1	completed	cancelled	push	main	0c77a328e473632ba78b038d69cf26f3e30dee1d	2026-08-14T23:02:24Z	2026-08-14T23:02:24Z	2026-08-14T23:28:42Z	https://github.com/dmytro-yevs/copypaste/actions/runs/31848906701	.github/workflows/ci.yml	CI	282057606	Keep the Windows dependency cache from a red run	dmytro-yevs	dmytro-yevs
31848906713	1	completed	success	push	main	0c77a328e473632ba78b038d69cf26f3e30dee1d	2026-08-14T23:02:24Z	2026-08-14T23:02:24Z	2026-08-14T23:10:06Z	https://github.com/dmytro-yevs/copypaste/actions/runs/31848906713	.github/workflows/windows-native-e2e.yml	Windows native desktop E2E	330512982	Keep the Windows dependency cache from a red run	dmytro-yevs	dmytro-yevs
31848906907	1	completed	success	push	main	0c77a328e473632ba78b038d69cf26f3e30dee1d	2026-08-14T23:02:24Z	2026-08-14T23:02:24Z	2026-08-14T23:03:48Z	https://github.com/dmytro-yevs/copypaste/actions/runs/31848906907	.github/workflows/supply-chain.yml	Supply chain	323997017	Keep the Windows dependency cache from a red run	dmytro-yevs	dmytro-yevs
31850539256	1	completed	success	push	main	77d1102b944ce7d16fc9501ef4a548adb852b8f3	2026-08-14T23:29:28Z	2026-08-14T23:29:28Z	2026-08-14T23:36:30Z	https://github.com/dmytro-yevs/copypaste/actions/runs/31850539256	.github/workflows/browser-webkitgtk.yml	Browser (WebKitGTK, Linux)	324698700	Record a control type the UIA client cannot name	dmytro-yevs	dmytro-yevs
31850539275	1	completed	success	push	main	77d1102b944ce7d16fc9501ef4a548adb852b8f3	2026-08-14T23:29:28Z	2026-08-14T23:29:28Z	2026-08-14T23:30:21Z	https://github.com/dmytro-yevs/copypaste/actions/runs/31850539275	.github/workflows/mutation-gate.yml	Mutation gate	334676987	Record a control type the UIA client cannot name	dmytro-yevs	dmytro-yevs
31850539287	1	completed	success	push	main	77d1102b944ce7d16fc9501ef4a548adb852b8f3	2026-08-14T23:29:28Z	2026-08-14T23:29:28Z	2026-08-14T23:41:21Z	https://github.com/dmytro-yevs/copypaste/actions/runs/31850539287	.github/workflows/ci.yml	CI	282057606	Record a control type the UIA client cannot name	dmytro-yevs	dmytro-yevs
31850539291	1	completed	success	push	main	77d1102b944ce7d16fc9501ef4a548adb852b8f3	2026-08-14T23:29:28Z	2026-08-14T23:29:28Z	2026-08-14T23:36:45Z	https://github.com/dmytro-yevs/copypaste/actions/runs/31850539291	.github/workflows/windows-native-e2e.yml	Windows native desktop E2E	330512982	Record a control type the UIA client cannot name	dmytro-yevs	dmytro-yevs
31850539383	1	completed	success	dynamic	main	77d1102b944ce7d16fc9501ef4a548adb852b8f3	2026-08-14T23:29:28Z	2026-08-14T23:29:28Z	2026-08-14T23:32:06Z	https://github.com/dmytro-yevs/copypaste/actions/runs/31850539383	dynamic/github-code-scanning/codeql	Push on main	330681135	Push on main	dmytro-yevs	dmytro-yevs
31850539469	1	completed	success	push	main	77d1102b944ce7d16fc9501ef4a548adb852b8f3	2026-08-14T23:29:28Z	2026-08-14T23:29:28Z	2026-08-14T23:30:30Z	https://github.com/dmytro-yevs/copypaste/actions/runs/31850539469	.github/workflows/supply-chain.yml	Supply chain	323997017	Record a control type the UIA client cannot name	dmytro-yevs	dmytro-yevs
31865427680	1	completed	failure	schedule	main	77d1102b944ce7d16fc9501ef4a548adb852b8f3	2026-08-15T04:50:22Z	2026-08-15T04:50:22Z	2026-08-15T05:39:52Z	https://github.com/dmytro-yevs/copypaste/actions/runs/31865427680	.github/workflows/native-nightly.yml	Nightly native matrix	330512981	Nightly native matrix	dmytro-yevs	dmytro-yevs
31886034771	1	completed	success	dynamic	main	c33f8518a867bd77f39cec788b50d1f822ebac7f	2026-08-15T13:00:03Z	2026-08-15T13:00:03Z	2026-08-15T13:02:26Z	https://github.com/dmytro-yevs/copypaste/actions/runs/31886034771	dynamic/github-code-scanning/codeql	Push on main	330681135	Push on main	dmytro-yevs	dmytro-yevs
31886035441	1	completed	success	push	main	c33f8518a867bd77f39cec788b50d1f822ebac7f	2026-08-15T13:00:04Z	2026-08-15T13:00:04Z	2026-08-15T13:14:13Z	https://github.com/dmytro-yevs/copypaste/actions/runs/31886035441	.github/workflows/ci.yml	CI	282057606	Add an evidence build profile for CI installer builds	dmytro-yevs	dmytro-yevs
31886035681	1	completed	success	push	main	c33f8518a867bd77f39cec788b50d1f822ebac7f	2026-08-15T13:00:05Z	2026-08-15T13:00:05Z	2026-08-15T13:24:05Z	https://github.com/dmytro-yevs/copypaste/actions/runs/31886035681	.github/workflows/android-emulator.yml	Android emulator	324448484	Add an evidence build profile for CI installer builds	dmytro-yevs	dmytro-yevs
31886036636	1	completed	success	push	main	c33f8518a867bd77f39cec788b50d1f822ebac7f	2026-08-15T13:00:06Z	2026-08-15T13:00:06Z	2026-08-15T13:08:24Z	https://github.com/dmytro-yevs/copypaste/actions/runs/31886036636	.github/workflows/windows-native-e2e.yml	Windows native desktop E2E	330512982	Add an evidence build profile for CI installer builds	dmytro-yevs	dmytro-yevs
31886037383	1	completed	success	push	main	c33f8518a867bd77f39cec788b50d1f822ebac7f	2026-08-15T13:00:06Z	2026-08-15T13:00:06Z	2026-08-15T13:01:11Z	https://github.com/dmytro-yevs/copypaste/actions/runs/31886037383	.github/workflows/mutation-gate.yml	Mutation gate	334676987	Add an evidence build profile for CI installer builds	dmytro-yevs	dmytro-yevs
31886037570	1	completed	success	push	main	c33f8518a867bd77f39cec788b50d1f822ebac7f	2026-08-15T13:00:06Z	2026-08-15T13:00:06Z	2026-08-15T13:01:52Z	https://github.com/dmytro-yevs/copypaste/actions/runs/31886037570	.github/workflows/supply-chain.yml	Supply chain	323997017	Add an evidence build profile for CI installer builds	dmytro-yevs	dmytro-yevs
31886037820	1	completed	success	push	main	c33f8518a867bd77f39cec788b50d1f822ebac7f	2026-08-15T13:00:06Z	2026-08-15T13:00:06Z	2026-08-15T13:07:10Z	https://github.com/dmytro-yevs/copypaste/actions/runs/31886037820	.github/workflows/browser-webkitgtk.yml	Browser (WebKitGTK, Linux)	324698700	Add an evidence build profile for CI installer builds	dmytro-yevs	dmytro-yevs
31889250941	1	completed	success	dynamic	main	c33f8518a867bd77f39cec788b50d1f822ebac7f	2026-08-15T14:11:48Z	2026-08-15T14:11:48Z	2026-08-15T14:14:11Z	https://github.com/dmytro-yevs/copypaste/actions/runs/31889250941	dynamic/github-code-scanning/codeql	Scheduled	330681135	Scheduled	github-advanced-security[bot]	github-advanced-security[bot]
31890681903	1	completed	success	dynamic	main	5b231100a5a015a99136557f1e9b9275a5925b87	2026-08-15T14:43:02Z	2026-08-15T14:43:02Z	2026-08-15T14:45:23Z	https://github.com/dmytro-yevs/copypaste/actions/runs/31890681903	dynamic/github-code-scanning/codeql	Push on main	330681135	Push on main	dmytro-yevs	dmytro-yevs
31890682532	1	completed	success	push	main	5b231100a5a015a99136557f1e9b9275a5925b87	2026-08-15T14:43:03Z	2026-08-15T14:43:03Z	2026-08-15T14:49:50Z	https://github.com/dmytro-yevs/copypaste/actions/runs/31890682532	.github/workflows/browser-webkitgtk.yml	Browser (WebKitGTK, Linux)	324698700	Record that hashing under a cargo target destroys atime	dmytro-yevs	dmytro-yevs
31890682540	1	completed	success	push	main	5b231100a5a015a99136557f1e9b9275a5925b87	2026-08-15T14:43:03Z	2026-08-15T14:43:03Z	2026-08-15T14:54:23Z	https://github.com/dmytro-yevs/copypaste/actions/runs/31890682540	.github/workflows/ci.yml	CI	282057606	Record that hashing under a cargo target destroys atime	dmytro-yevs	dmytro-yevs
31890682556	1	completed	success	push	main	5b231100a5a015a99136557f1e9b9275a5925b87	2026-08-15T14:43:03Z	2026-08-15T14:43:03Z	2026-08-15T14:43:59Z	https://github.com/dmytro-yevs/copypaste/actions/runs/31890682556	.github/workflows/mutation-gate.yml	Mutation gate	334676987	Record that hashing under a cargo target destroys atime	dmytro-yevs	dmytro-yevs
31890682614	1	completed	success	push	main	5b231100a5a015a99136557f1e9b9275a5925b87	2026-08-15T14:43:03Z	2026-08-15T14:43:03Z	2026-08-15T14:50:44Z	https://github.com/dmytro-yevs/copypaste/actions/runs/31890682614	.github/workflows/windows-native-e2e.yml	Windows native desktop E2E	330512982	Record that hashing under a cargo target destroys atime	dmytro-yevs	dmytro-yevs
31890682708	1	completed	success	push	main	5b231100a5a015a99136557f1e9b9275a5925b87	2026-08-15T14:43:03Z	2026-08-15T14:43:03Z	2026-08-15T14:44:39Z	https://github.com/dmytro-yevs/copypaste/actions/runs/31890682708	.github/workflows/supply-chain.yml	Supply chain	323997017	Record that hashing under a cargo target destroys atime	dmytro-yevs	dmytro-yevs
31891599375	1	completed	success	push	main	0cf01f6cba81d5d022fb93ca1b7f1b64b9432d39	2026-08-15T15:02:36Z	2026-08-15T15:02:36Z	2026-08-15T15:03:32Z	https://github.com/dmytro-yevs/copypaste/actions/runs/31891599375	.github/workflows/mutation-gate.yml	Mutation gate	334676987	Look the sync key's index up instead of naming a test that misses it	dmytro-yevs	dmytro-yevs
31891599387	1	completed	success	push	main	0cf01f6cba81d5d022fb93ca1b7f1b64b9432d39	2026-08-15T15:02:36Z	2026-08-15T15:02:36Z	2026-08-15T15:10:01Z	https://github.com/dmytro-yevs/copypaste/actions/runs/31891599387	.github/workflows/browser-webkitgtk.yml	Browser (WebKitGTK, Linux)	324698700	Look the sync key's index up instead of naming a test that misses it	dmytro-yevs	dmytro-yevs
31891599388	1	completed	success	push	main	0cf01f6cba81d5d022fb93ca1b7f1b64b9432d39	2026-08-15T15:02:36Z	2026-08-15T15:02:36Z	2026-08-15T15:10:42Z	https://github.com/dmytro-yevs/copypaste/actions/runs/31891599388	.github/workflows/windows-native-e2e.yml	Windows native desktop E2E	330512982	Look the sync key's index up instead of naming a test that misses it	dmytro-yevs	dmytro-yevs
31891599389	2	completed	cancelled	push	main	0cf01f6cba81d5d022fb93ca1b7f1b64b9432d39	2026-08-15T15:15:33Z	2026-08-15T15:02:36Z	2026-08-15T15:22:52Z	https://github.com/dmytro-yevs/copypaste/actions/runs/31891599389	.github/workflows/ci.yml	CI	282057606	Look the sync key's index up instead of naming a test that misses it	dmytro-yevs	dmytro-yevs
31891599451	1	completed	cancelled	push	main	0cf01f6cba81d5d022fb93ca1b7f1b64b9432d39	2026-08-15T15:02:36Z	2026-08-15T15:02:36Z	2026-08-15T15:22:55Z	https://github.com/dmytro-yevs/copypaste/actions/runs/31891599451	.github/workflows/android-emulator.yml	Android emulator	324448484	Look the sync key's index up instead of naming a test that misses it	dmytro-yevs	dmytro-yevs
31891599606	1	completed	success	push	main	0cf01f6cba81d5d022fb93ca1b7f1b64b9432d39	2026-08-15T15:02:37Z	2026-08-15T15:02:37Z	2026-08-15T15:03:40Z	https://github.com/dmytro-yevs/copypaste/actions/runs/31891599606	.github/workflows/supply-chain.yml	Supply chain	323997017	Look the sync key's index up instead of naming a test that misses it	dmytro-yevs	dmytro-yevs
31891599628	1	completed	success	dynamic	main	0cf01f6cba81d5d022fb93ca1b7f1b64b9432d39	2026-08-15T15:02:37Z	2026-08-15T15:02:37Z	2026-08-15T15:05:41Z	https://github.com/dmytro-yevs/copypaste/actions/runs/31891599628	dynamic/github-code-scanning/codeql	Push on main	330681135	Push on main	dmytro-yevs	dmytro-yevs
31892535390	1	completed	success	dynamic	main	956301246076c5370998d96c4598ee8e8029c612	2026-08-15T15:22:34Z	2026-08-15T15:22:34Z	2026-08-15T15:24:59Z	https://github.com/dmytro-yevs/copypaste/actions/runs/31892535390	dynamic/github-code-scanning/codeql	Push on main	330681135	Push on main	dmytro-yevs	dmytro-yevs
31892536019	1	completed	cancelled	push	main	956301246076c5370998d96c4598ee8e8029c612	2026-08-15T15:22:35Z	2026-08-15T15:22:35Z	2026-08-15T15:23:59Z	https://github.com/dmytro-yevs/copypaste/actions/runs/31892536019	.github/workflows/browser-webkitgtk.yml	Browser (WebKitGTK, Linux)	324698700	Register history_ceiling as a history contract	dmytro-yevs	dmytro-yevs
31892536057	1	completed	cancelled	push	main	956301246076c5370998d96c4598ee8e8029c612	2026-08-15T15:22:35Z	2026-08-15T15:22:35Z	2026-08-15T15:24:14Z	https://github.com/dmytro-yevs/copypaste/actions/runs/31892536057	.github/workflows/android-emulator.yml	Android emulator	324448484	Register history_ceiling as a history contract	dmytro-yevs	dmytro-yevs
31892536070	1	completed	cancelled	push	main	956301246076c5370998d96c4598ee8e8029c612	2026-08-15T15:22:35Z	2026-08-15T15:22:35Z	2026-08-15T15:24:14Z	https://github.com/dmytro-yevs/copypaste/actions/runs/31892536070	.github/workflows/ci.yml	CI	282057606	Register history_ceiling as a history contract	dmytro-yevs	dmytro-yevs
31892536085	1	completed	cancelled	push	main	956301246076c5370998d96c4598ee8e8029c612	2026-08-15T15:22:35Z	2026-08-15T15:22:35Z	2026-08-15T15:24:00Z	https://github.com/dmytro-yevs/copypaste/actions/runs/31892536085	.github/workflows/windows-native-e2e.yml	Windows native desktop E2E	330512982	Register history_ceiling as a history contract	dmytro-yevs	dmytro-yevs
31892536109	1	completed	success	push	main	956301246076c5370998d96c4598ee8e8029c612	2026-08-15T15:22:36Z	2026-08-15T15:22:36Z	2026-08-15T15:23:26Z	https://github.com/dmytro-yevs/copypaste/actions/runs/31892536109	.github/workflows/supply-chain.yml	Supply chain	323997017	Register history_ceiling as a history contract	dmytro-yevs	dmytro-yevs
31892536187	1	completed	success	push	main	956301246076c5370998d96c4598ee8e8029c612	2026-08-15T15:22:36Z	2026-08-15T15:22:36Z	2026-08-15T15:23:34Z	https://github.com/dmytro-yevs/copypaste/actions/runs/31892536187	.github/workflows/mutation-gate.yml	Mutation gate	334676987	Register history_ceiling as a history contract	dmytro-yevs	dmytro-yevs
31892597461	1	completed	success	dynamic	main	1b74a90fe57468117cf4f8e197dddb6be90b2b5e	2026-08-15T15:23:54Z	2026-08-15T15:23:54Z	2026-08-15T15:26:21Z	https://github.com/dmytro-yevs/copypaste/actions/runs/31892597461	dynamic/github-code-scanning/codeql	Push on main	330681135	Push on main	dmytro-yevs	dmytro-yevs
31892597917	1	completed	success	push	main	1b74a90fe57468117cf4f8e197dddb6be90b2b5e	2026-08-15T15:23:55Z	2026-08-15T15:23:55Z	2026-08-15T15:24:51Z	https://github.com/dmytro-yevs/copypaste/actions/runs/31892597917	.github/workflows/mutation-gate.yml	Mutation gate	334676987	Assert the undone clear through the unmount commit	dmytro-yevs	dmytro-yevs
31892597918	1	completed	cancelled	push	main	1b74a90fe57468117cf4f8e197dddb6be90b2b5e	2026-08-15T15:23:55Z	2026-08-15T15:23:55Z	2026-08-15T15:27:57Z	https://github.com/dmytro-yevs/copypaste/actions/runs/31892597918	.github/workflows/ci.yml	CI	282057606	Assert the undone clear through the unmount commit	dmytro-yevs	dmytro-yevs
31892597923	1	completed	cancelled	push	main	1b74a90fe57468117cf4f8e197dddb6be90b2b5e	2026-08-15T15:23:55Z	2026-08-15T15:23:55Z	2026-08-15T15:27:43Z	https://github.com/dmytro-yevs/copypaste/actions/runs/31892597923	.github/workflows/windows-native-e2e.yml	Windows native desktop E2E	330512982	Assert the undone clear through the unmount commit	dmytro-yevs	dmytro-yevs
31892597924	1	completed	cancelled	push	main	1b74a90fe57468117cf4f8e197dddb6be90b2b5e	2026-08-15T15:23:55Z	2026-08-15T15:23:55Z	2026-08-15T15:27:57Z	https://github.com/dmytro-yevs/copypaste/actions/runs/31892597924	.github/workflows/android-emulator.yml	Android emulator	324448484	Assert the undone clear through the unmount commit	dmytro-yevs	dmytro-yevs
31892597936	1	completed	failure	push	main	1b74a90fe57468117cf4f8e197dddb6be90b2b5e	2026-08-15T15:23:55Z	2026-08-15T15:23:55Z	2026-08-15T15:26:15Z	https://github.com/dmytro-yevs/copypaste/actions/runs/31892597936	.github/workflows/browser-webkitgtk.yml	Browser (WebKitGTK, Linux)	324698700	Assert the undone clear through the unmount commit	dmytro-yevs	dmytro-yevs
31892598025	1	completed	success	push	main	1b74a90fe57468117cf4f8e197dddb6be90b2b5e	2026-08-15T15:23:55Z	2026-08-15T15:23:55Z	2026-08-15T15:24:53Z	https://github.com/dmytro-yevs/copypaste/actions/runs/31892598025	.github/workflows/supply-chain.yml	Supply chain	323997017	Assert the undone clear through the unmount commit	dmytro-yevs	dmytro-yevs
31892770796	1	completed	success	dynamic	main	7d019bd1438bb721057e95070922979f8ff98570	2026-08-15T15:27:38Z	2026-08-15T15:27:38Z	2026-08-15T15:30:03Z	https://github.com/dmytro-yevs/copypaste/actions/runs/31892770796	dynamic/github-code-scanning/codeql	Push on main	330681135	Push on main	dmytro-yevs	dmytro-yevs
31892771092	1	completed	cancelled	push	main	7d019bd1438bb721057e95070922979f8ff98570	2026-08-15T15:27:38Z	2026-08-15T15:27:38Z	2026-08-15T15:32:06Z	https://github.com/dmytro-yevs/copypaste/actions/runs/31892771092	.github/workflows/ci.yml	CI	282057606	Say so when Android is running on settings it could not read	dmytro-yevs	dmytro-yevs
31892771107	1	completed	cancelled	push	main	7d019bd1438bb721057e95070922979f8ff98570	2026-08-15T15:27:38Z	2026-08-15T15:27:38Z	2026-08-15T15:35:04Z	https://github.com/dmytro-yevs/copypaste/actions/runs/31892771107	.github/workflows/android-emulator.yml	Android emulator	324448484	Say so when Android is running on settings it could not read	dmytro-yevs	dmytro-yevs
31892771109	1	completed	success	push	main	7d019bd1438bb721057e95070922979f8ff98570	2026-08-15T15:27:38Z	2026-08-15T15:27:38Z	2026-08-15T15:28:33Z	https://github.com/dmytro-yevs/copypaste/actions/runs/31892771109	.github/workflows/mutation-gate.yml	Mutation gate	334676987	Say so when Android is running on settings it could not read	dmytro-yevs	dmytro-yevs
31892771139	1	completed	cancelled	push	main	7d019bd1438bb721057e95070922979f8ff98570	2026-08-15T15:27:39Z	2026-08-15T15:27:39Z	2026-08-15T15:31:54Z	https://github.com/dmytro-yevs/copypaste/actions/runs/31892771139	.github/workflows/windows-native-e2e.yml	Windows native desktop E2E	330512982	Say so when Android is running on settings it could not read	dmytro-yevs	dmytro-yevs
31892771166	1	completed	failure	push	main	7d019bd1438bb721057e95070922979f8ff98570	2026-08-15T15:27:39Z	2026-08-15T15:27:39Z	2026-08-15T15:29:56Z	https://github.com/dmytro-yevs/copypaste/actions/runs/31892771166	.github/workflows/browser-webkitgtk.yml	Browser (WebKitGTK, Linux)	324698700	Say so when Android is running on settings it could not read	dmytro-yevs	dmytro-yevs
31892771217	1	completed	success	push	main	7d019bd1438bb721057e95070922979f8ff98570	2026-08-15T15:27:39Z	2026-08-15T15:27:39Z	2026-08-15T15:28:41Z	https://github.com/dmytro-yevs/copypaste/actions/runs/31892771217	.github/workflows/supply-chain.yml	Supply chain	323997017	Say so when Android is running on settings it could not read	dmytro-yevs	dmytro-yevs
31892971042	1	completed	success	dynamic	main	d3bccbe5ee7433c9abe55e453c4eb8d59d2f43c5	2026-08-15T15:31:49Z	2026-08-15T15:31:49Z	2026-08-15T15:33:43Z	https://github.com/dmytro-yevs/copypaste/actions/runs/31892971042	dynamic/github-code-scanning/codeql	Push on main	330681135	Push on main	dmytro-yevs	dmytro-yevs
31892971448	1	completed	success	push	main	d3bccbe5ee7433c9abe55e453c4eb8d59d2f43c5	2026-08-15T15:31:49Z	2026-08-15T15:31:49Z	2026-08-15T15:32:51Z	https://github.com/dmytro-yevs/copypaste/actions/runs/31892971448	.github/workflows/mutation-gate.yml	Mutation gate	334676987	Wait for the emptied directory, not just the file	dmytro-yevs	dmytro-yevs
31892971458	1	completed	cancelled	push	main	d3bccbe5ee7433c9abe55e453c4eb8d59d2f43c5	2026-08-15T15:31:49Z	2026-08-15T15:31:49Z	2026-08-15T15:34:48Z	https://github.com/dmytro-yevs/copypaste/actions/runs/31892971458	.github/workflows/windows-native-e2e.yml	Windows native desktop E2E	330512982	Wait for the emptied directory, not just the file	dmytro-yevs	dmytro-yevs
31892971484	1	completed	failure	push	main	d3bccbe5ee7433c9abe55e453c4eb8d59d2f43c5	2026-08-15T15:31:49Z	2026-08-15T15:31:49Z	2026-08-15T15:33:38Z	https://github.com/dmytro-yevs/copypaste/actions/runs/31892971484	.github/workflows/browser-webkitgtk.yml	Browser (WebKitGTK, Linux)	324698700	Wait for the emptied directory, not just the file	dmytro-yevs	dmytro-yevs
31892971607	1	completed	cancelled	push	main	d3bccbe5ee7433c9abe55e453c4eb8d59d2f43c5	2026-08-15T15:31:49Z	2026-08-15T15:31:49Z	2026-08-15T15:35:02Z	https://github.com/dmytro-yevs/copypaste/actions/runs/31892971607	.github/workflows/ci.yml	CI	282057606	Wait for the emptied directory, not just the file	dmytro-yevs	dmytro-yevs
31892971751	1	completed	success	push	main	d3bccbe5ee7433c9abe55e453c4eb8d59d2f43c5	2026-08-15T15:31:49Z	2026-08-15T15:31:49Z	2026-08-15T15:32:51Z	https://github.com/dmytro-yevs/copypaste/actions/runs/31892971751	.github/workflows/supply-chain.yml	Supply chain	323997017	Wait for the emptied directory, not just the file	dmytro-yevs	dmytro-yevs
31893107600	1	completed	success	dynamic	main	19f0829f1091d1f6f36c402081169aceb6bf7ef2	2026-08-15T15:34:43Z	2026-08-15T15:34:43Z	2026-08-15T15:37:01Z	https://github.com/dmytro-yevs/copypaste/actions/runs/31893107600	dynamic/github-code-scanning/codeql	Push on main	330681135	Push on main	dmytro-yevs	dmytro-yevs
31893107944	1	completed	cancelled	push	main	19f0829f1091d1f6f36c402081169aceb6bf7ef2	2026-08-15T15:34:43Z	2026-08-15T15:34:43Z	2026-08-15T15:37:09Z	https://github.com/dmytro-yevs/copypaste/actions/runs/31893107944	.github/workflows/ci.yml	CI	282057606	Record why a size knob could never bound target/	dmytro-yevs	dmytro-yevs
31893107945	1	completed	failure	push	main	19f0829f1091d1f6f36c402081169aceb6bf7ef2	2026-08-15T15:34:43Z	2026-08-15T15:34:43Z	2026-08-15T15:36:32Z	https://github.com/dmytro-yevs/copypaste/actions/runs/31893107945	.github/workflows/browser-webkitgtk.yml	Browser (WebKitGTK, Linux)	324698700	Record why a size knob could never bound target/	dmytro-yevs	dmytro-yevs
31893107949	1	completed	cancelled	push	main	19f0829f1091d1f6f36c402081169aceb6bf7ef2	2026-08-15T15:34:43Z	2026-08-15T15:34:43Z	2026-08-15T15:36:56Z	https://github.com/dmytro-yevs/copypaste/actions/runs/31893107949	.github/workflows/windows-native-e2e.yml	Windows native desktop E2E	330512982	Record why a size knob could never bound target/	dmytro-yevs	dmytro-yevs
31893107963	1	completed	cancelled	push	main	19f0829f1091d1f6f36c402081169aceb6bf7ef2	2026-08-15T15:34:43Z	2026-08-15T15:34:43Z	2026-08-15T15:37:08Z	https://github.com/dmytro-yevs/copypaste/actions/runs/31893107963	.github/workflows/android-emulator.yml	Android emulator	324448484	Record why a size knob could never bound target/	dmytro-yevs	dmytro-yevs
31893108012	1	completed	success	push	main	19f0829f1091d1f6f36c402081169aceb6bf7ef2	2026-08-15T15:34:43Z	2026-08-15T15:34:43Z	2026-08-15T15:35:41Z	https://github.com/dmytro-yevs/copypaste/actions/runs/31893108012	.github/workflows/mutation-gate.yml	Mutation gate	334676987	Record why a size knob could never bound target/	dmytro-yevs	dmytro-yevs
31893108076	1	completed	success	push	main	19f0829f1091d1f6f36c402081169aceb6bf7ef2	2026-08-15T15:34:43Z	2026-08-15T15:34:43Z	2026-08-15T15:35:34Z	https://github.com/dmytro-yevs/copypaste/actions/runs/31893108076	.github/workflows/supply-chain.yml	Supply chain	323997017	Record why a size knob could never bound target/	dmytro-yevs	dmytro-yevs
31893208759	1	completed	success	dynamic	main	e16392ec200872a0ad29566813cec67a2733ee3f	2026-08-15T15:36:50Z	2026-08-15T15:36:50Z	2026-08-15T15:39:19Z	https://github.com/dmytro-yevs/copypaste/actions/runs/31893208759	dynamic/github-code-scanning/codeql	Push on main	330681135	Push on main	dmytro-yevs	dmytro-yevs
31893209065	1	completed	success	push	main	e16392ec200872a0ad29566813cec67a2733ee3f	2026-08-15T15:36:50Z	2026-08-15T15:36:50Z	2026-08-15T15:37:45Z	https://github.com/dmytro-yevs/copypaste/actions/runs/31893209065	.github/workflows/mutation-gate.yml	Mutation gate	334676987	Spend the settings subpage history entry when its level goes	dmytro-yevs	dmytro-yevs
31893209072	1	completed	failure	push	main	e16392ec200872a0ad29566813cec67a2733ee3f	2026-08-15T15:36:50Z	2026-08-15T15:36:50Z	2026-08-15T15:44:35Z	https://github.com/dmytro-yevs/copypaste/actions/runs/31893209072	.github/workflows/windows-native-e2e.yml	Windows native desktop E2E	330512982	Spend the settings subpage history entry when its level goes	dmytro-yevs	dmytro-yevs
31893209076	1	completed	failure	push	main	e16392ec200872a0ad29566813cec67a2733ee3f	2026-08-15T15:36:50Z	2026-08-15T15:36:50Z	2026-08-15T15:51:12Z	https://github.com/dmytro-yevs/copypaste/actions/runs/31893209076	.github/workflows/ci.yml	CI	282057606	Spend the settings subpage history entry when its level goes	dmytro-yevs	dmytro-yevs
31893209079	1	completed	failure	push	main	e16392ec200872a0ad29566813cec67a2733ee3f	2026-08-15T15:36:50Z	2026-08-15T15:36:50Z	2026-08-15T15:38:36Z	https://github.com/dmytro-yevs/copypaste/actions/runs/31893209079	.github/workflows/browser-webkitgtk.yml	Browser (WebKitGTK, Linux)	324698700	Spend the settings subpage history entry when its level goes	dmytro-yevs	dmytro-yevs
31893209082	1	completed	failure	push	main	e16392ec200872a0ad29566813cec67a2733ee3f	2026-08-15T15:36:50Z	2026-08-15T15:36:50Z	2026-08-15T16:52:52Z	https://github.com/dmytro-yevs/copypaste/actions/runs/31893209082	.github/workflows/android-emulator.yml	Android emulator	324448484	Spend the settings subpage history entry when its level goes	dmytro-yevs	dmytro-yevs
31893209198	1	completed	success	push	main	e16392ec200872a0ad29566813cec67a2733ee3f	2026-08-15T15:36:50Z	2026-08-15T15:36:50Z	2026-08-15T15:37:44Z	https://github.com/dmytro-yevs/copypaste/actions/runs/31893209198	.github/workflows/supply-chain.yml	Supply chain	323997017	Spend the settings subpage history entry when its level goes	dmytro-yevs	dmytro-yevs
31927691939	1	completed	failure	schedule	main	e16392ec200872a0ad29566813cec67a2733ee3f	2026-08-16T04:53:12Z	2026-08-16T04:53:12Z	2026-08-16T05:42:43Z	https://github.com/dmytro-yevs/copypaste/actions/runs/31927691939	.github/workflows/native-nightly.yml	Nightly native matrix	330512981	Nightly native matrix	dmytro-yevs	dmytro-yevs
31938068513	1	completed	success	dynamic	main	b1e09c1dede682d24be25dc706dab58d1066dd9d	2026-08-16T09:04:12Z	2026-08-16T09:04:12Z	2026-08-16T09:06:28Z	https://github.com/dmytro-yevs/copypaste/actions/runs/31938068513	dynamic/github-code-scanning/codeql	Push on main	330681135	Push on main	dmytro-yevs	dmytro-yevs
31938068811	1	completed	cancelled	push	main	b1e09c1dede682d24be25dc706dab58d1066dd9d	2026-08-16T09:04:13Z	2026-08-16T09:04:13Z	2026-08-16T09:11:51Z	https://github.com/dmytro-yevs/copypaste/actions/runs/31938068811	.github/workflows/ci.yml	CI	282057606	Record N+1 and silent-fallback audit findings	dmytro-yevs	dmytro-yevs
31938068823	1	completed	success	push	main	b1e09c1dede682d24be25dc706dab58d1066dd9d	2026-08-16T09:04:13Z	2026-08-16T09:04:13Z	2026-08-16T09:05:09Z	https://github.com/dmytro-yevs/copypaste/actions/runs/31938068823	.github/workflows/mutation-gate.yml	Mutation gate	334676987	Record N+1 and silent-fallback audit findings	dmytro-yevs	dmytro-yevs
31938068841	1	completed	failure	push	main	b1e09c1dede682d24be25dc706dab58d1066dd9d	2026-08-16T09:04:13Z	2026-08-16T09:04:13Z	2026-08-16T09:06:20Z	https://github.com/dmytro-yevs/copypaste/actions/runs/31938068841	.github/workflows/browser-webkitgtk.yml	Browser (WebKitGTK, Linux)	324698700	Record N+1 and silent-fallback audit findings	dmytro-yevs	dmytro-yevs
31938068862	1	completed	cancelled	push	main	b1e09c1dede682d24be25dc706dab58d1066dd9d	2026-08-16T09:04:13Z	2026-08-16T09:04:13Z	2026-08-16T09:11:42Z	https://github.com/dmytro-yevs/copypaste/actions/runs/31938068862	.github/workflows/windows-native-e2e.yml	Windows native desktop E2E	330512982	Record N+1 and silent-fallback audit findings	dmytro-yevs	dmytro-yevs
31938069008	1	completed	success	push	main	b1e09c1dede682d24be25dc706dab58d1066dd9d	2026-08-16T09:04:13Z	2026-08-16T09:04:13Z	2026-08-16T09:05:15Z	https://github.com/dmytro-yevs/copypaste/actions/runs/31938069008	.github/workflows/supply-chain.yml	Supply chain	323997017	Record N+1 and silent-fallback audit findings	dmytro-yevs	dmytro-yevs
31938391444	1	completed	success	dynamic	main	633155ac6b6a69cc18f477b83ac974e5af1ffeaf	2026-08-16T09:11:36Z	2026-08-16T09:11:36Z	2026-08-16T09:13:49Z	https://github.com/dmytro-yevs/copypaste/actions/runs/31938391444	dynamic/github-code-scanning/codeql	Push on main	330681135	Push on main	dmytro-yevs	dmytro-yevs
31938391833	1	completed	cancelled	push	main	633155ac6b6a69cc18f477b83ac974e5af1ffeaf	2026-08-16T09:11:37Z	2026-08-16T09:11:37Z	2026-08-16T09:32:18Z	https://github.com/dmytro-yevs/copypaste/actions/runs/31938391833	.github/workflows/android-emulator.yml	Android emulator	324448484	Make the UI test suite deterministic on wide runners	dmytro-yevs	dmytro-yevs
31938391847	1	completed	failure	push	main	633155ac6b6a69cc18f477b83ac974e5af1ffeaf	2026-08-16T09:11:37Z	2026-08-16T09:11:37Z	2026-08-16T09:14:21Z	https://github.com/dmytro-yevs/copypaste/actions/runs/31938391847	.github/workflows/browser-webkitgtk.yml	Browser (WebKitGTK, Linux)	324698700	Make the UI test suite deterministic on wide runners	dmytro-yevs	dmytro-yevs
31938391852	1	completed	failure	push	main	633155ac6b6a69cc18f477b83ac974e5af1ffeaf	2026-08-16T09:11:37Z	2026-08-16T09:11:37Z	2026-08-16T09:24:32Z	https://github.com/dmytro-yevs/copypaste/actions/runs/31938391852	.github/workflows/ci.yml	CI	282057606	Make the UI test suite deterministic on wide runners	dmytro-yevs	dmytro-yevs
31938391860	1	completed	failure	push	main	633155ac6b6a69cc18f477b83ac974e5af1ffeaf	2026-08-16T09:11:37Z	2026-08-16T09:11:37Z	2026-08-16T09:19:25Z	https://github.com/dmytro-yevs/copypaste/actions/runs/31938391860	.github/workflows/windows-native-e2e.yml	Windows native desktop E2E	330512982	Make the UI test suite deterministic on wide runners	dmytro-yevs	dmytro-yevs
31938391864	1	completed	success	push	main	633155ac6b6a69cc18f477b83ac974e5af1ffeaf	2026-08-16T09:11:37Z	2026-08-16T09:11:37Z	2026-08-16T09:12:29Z	https://github.com/dmytro-yevs/copypaste/actions/runs/31938391864	.github/workflows/mutation-gate.yml	Mutation gate	334676987	Make the UI test suite deterministic on wide runners	dmytro-yevs	dmytro-yevs
31938392041	1	completed	success	push	main	633155ac6b6a69cc18f477b83ac974e5af1ffeaf	2026-08-16T09:11:37Z	2026-08-16T09:11:37Z	2026-08-16T09:12:29Z	https://github.com/dmytro-yevs/copypaste/actions/runs/31938392041	.github/workflows/supply-chain.yml	Supply chain	323997017	Make the UI test suite deterministic on wide runners	dmytro-yevs	dmytro-yevs
31939300701	1	completed	success	dynamic	main	3d8e696f86320e18f044a59a54fb119aed4c0180	2026-08-16T09:32:08Z	2026-08-16T09:32:08Z	2026-08-16T09:34:24Z	https://github.com/dmytro-yevs/copypaste/actions/runs/31939300701	dynamic/github-code-scanning/codeql	Push on main	330681135	Push on main	dmytro-yevs	dmytro-yevs
31939300876	1	completed	success	push	main	3d8e696f86320e18f044a59a54fb119aed4c0180	2026-08-16T09:32:09Z	2026-08-16T09:32:09Z	2026-08-16T09:33:00Z	https://github.com/dmytro-yevs/copypaste/actions/runs/31939300876	.github/workflows/mutation-gate.yml	Mutation gate	334676987	Fix old-WebView CDP attachment and foreign-kill doorway recovery	dmytro-yevs	dmytro-yevs
31939300877	1	completed	failure	push	main	3d8e696f86320e18f044a59a54fb119aed4c0180	2026-08-16T09:32:09Z	2026-08-16T09:32:09Z	2026-08-16T09:45:28Z	https://github.com/dmytro-yevs/copypaste/actions/runs/31939300877	.github/workflows/ci.yml	CI	282057606	Fix old-WebView CDP attachment and foreign-kill doorway recovery	dmytro-yevs	dmytro-yevs
31939300882	1	completed	failure	push	main	3d8e696f86320e18f044a59a54fb119aed4c0180	2026-08-16T09:32:09Z	2026-08-16T09:32:09Z	2026-08-16T09:34:03Z	https://github.com/dmytro-yevs/copypaste/actions/runs/31939300882	.github/workflows/browser-webkitgtk.yml	Browser (WebKitGTK, Linux)	324698700	Fix old-WebView CDP attachment and foreign-kill doorway recovery	dmytro-yevs	dmytro-yevs
31939300886	1	completed	failure	push	main	3d8e696f86320e18f044a59a54fb119aed4c0180	2026-08-16T09:32:09Z	2026-08-16T09:32:09Z	2026-08-16T09:40:13Z	https://github.com/dmytro-yevs/copypaste/actions/runs/31939300886	.github/workflows/windows-native-e2e.yml	Windows native desktop E2E	330512982	Fix old-WebView CDP attachment and foreign-kill doorway recovery	dmytro-yevs	dmytro-yevs
31939300889	1	completed	failure	push	main	3d8e696f86320e18f044a59a54fb119aed4c0180	2026-08-16T09:32:09Z	2026-08-16T09:32:09Z	2026-08-16T09:56:05Z	https://github.com/dmytro-yevs/copypaste/actions/runs/31939300889	.github/workflows/android-emulator.yml	Android emulator	324448484	Fix old-WebView CDP attachment and foreign-kill doorway recovery	dmytro-yevs	dmytro-yevs
31939300939	1	completed	success	push	main	3d8e696f86320e18f044a59a54fb119aed4c0180	2026-08-16T09:32:09Z	2026-08-16T09:32:09Z	2026-08-16T09:33:49Z	https://github.com/dmytro-yevs/copypaste/actions/runs/31939300939	.github/workflows/supply-chain.yml	Supply chain	323997017	Fix old-WebView CDP attachment and foreign-kill doorway recovery	dmytro-yevs	dmytro-yevs
31941799117	1	completed	success	dynamic	main	7de821333efc319c93a0e27af47db9d445688cd4	2026-08-16T10:29:26Z	2026-08-16T10:29:26Z	2026-08-16T10:32:23Z	https://github.com/dmytro-yevs/copypaste/actions/runs/31941799117	dynamic/github-code-scanning/codeql	Push on main	330681135	Push on main	dmytro-yevs	dmytro-yevs
31941799268	1	completed	failure	push	main	7de821333efc319c93a0e27af47db9d445688cd4	2026-08-16T10:29:26Z	2026-08-16T10:29:26Z	2026-08-16T10:31:46Z	https://github.com/dmytro-yevs/copypaste/actions/runs/31941799268	.github/workflows/browser-webkitgtk.yml	Browser (WebKitGTK, Linux)	324698700	Fail closed on Android API-36 rung probe and fixture cleanup	dmytro-yevs	dmytro-yevs
31941799309	1	completed	failure	push	main	7de821333efc319c93a0e27af47db9d445688cd4	2026-08-16T10:29:26Z	2026-08-16T10:29:26Z	2026-08-16T10:41:59Z	https://github.com/dmytro-yevs/copypaste/actions/runs/31941799309	.github/workflows/ci.yml	CI	282057606	Fail closed on Android API-36 rung probe and fixture cleanup	dmytro-yevs	dmytro-yevs
31941799360	1	completed	failure	push	main	7de821333efc319c93a0e27af47db9d445688cd4	2026-08-16T10:29:26Z	2026-08-16T10:29:26Z	2026-08-16T10:53:41Z	https://github.com/dmytro-yevs/copypaste/actions/runs/31941799360	.github/workflows/android-emulator.yml	Android emulator	324448484	Fail closed on Android API-36 rung probe and fixture cleanup	dmytro-yevs	dmytro-yevs
31941799389	1	completed	failure	push	main	7de821333efc319c93a0e27af47db9d445688cd4	2026-08-16T10:29:26Z	2026-08-16T10:29:26Z	2026-08-16T10:37:06Z	https://github.com/dmytro-yevs/copypaste/actions/runs/31941799389	.github/workflows/windows-native-e2e.yml	Windows native desktop E2E	330512982	Fail closed on Android API-36 rung probe and fixture cleanup	dmytro-yevs	dmytro-yevs
31941799501	1	completed	success	push	main	7de821333efc319c93a0e27af47db9d445688cd4	2026-08-16T10:29:26Z	2026-08-16T10:29:26Z	2026-08-16T10:30:13Z	https://github.com/dmytro-yevs/copypaste/actions/runs/31941799501	.github/workflows/mutation-gate.yml	Mutation gate	334676987	Fail closed on Android API-36 rung probe and fixture cleanup	dmytro-yevs	dmytro-yevs
31941799547	1	completed	success	push	main	7de821333efc319c93a0e27af47db9d445688cd4	2026-08-16T10:29:26Z	2026-08-16T10:29:26Z	2026-08-16T10:30:30Z	https://github.com/dmytro-yevs/copypaste/actions/runs/31941799547	.github/workflows/supply-chain.yml	Supply chain	323997017	Fail closed on Android API-36 rung probe and fixture cleanup	dmytro-yevs	dmytro-yevs
31996445692	1	completed	failure	schedule	main	7de821333efc319c93a0e27af47db9d445688cd4	2026-08-17T05:01:32Z	2026-08-17T05:01:32Z	2026-08-17T05:52:24Z	https://github.com/dmytro-yevs/copypaste/actions/runs/31996445692	.github/workflows/native-nightly.yml	Nightly native matrix	330512981	Nightly native matrix	dmytro-yevs	dmytro-yevs
32004916284	1	completed	failure	schedule	main	7de821333efc319c93a0e27af47db9d445688cd4	2026-08-17T07:14:10Z	2026-08-17T07:14:10Z	2026-08-17T07:15:17Z	https://github.com/dmytro-yevs/copypaste/actions/runs/32004916284	.github/workflows/supply-chain.yml	Supply chain	323997017	Supply chain	dmytro-yevs	dmytro-yevs
32100881490	1	completed	failure	schedule	main	7de821333efc319c93a0e27af47db9d445688cd4	2026-08-18T04:54:54Z	2026-08-18T04:54:54Z	2026-08-18T05:45:15Z	https://github.com/dmytro-yevs/copypaste/actions/runs/32100881490	.github/workflows/native-nightly.yml	Nightly native matrix	330512981	Nightly native matrix	dmytro-yevs	dmytro-yevs
32202375967	1	completed	success	dynamic	main	d94374bfa886b60b3224f11ae733119f3055b2cb	2026-08-19T00:44:27Z	2026-08-19T00:44:27Z	2026-08-19T00:46:45Z	https://github.com/dmytro-yevs/copypaste/actions/runs/32202375967	dynamic/github-code-scanning/codeql	Push on main	330681135	Push on main	dmytro-yevs	dmytro-yevs
32202376279	1	completed	failure	push	main	d94374bfa886b60b3224f11ae733119f3055b2cb	2026-08-19T00:44:27Z	2026-08-19T00:44:27Z	2026-08-19T00:47:27Z	https://github.com/dmytro-yevs/copypaste/actions/runs/32202376279	.github/workflows/android-emulator.yml	Android emulator	324448484	Fix inbound Confirm and macOS progress abort	dmytro-yevs	dmytro-yevs
32202376283	1	completed	failure	push	main	d94374bfa886b60b3224f11ae733119f3055b2cb	2026-08-19T00:44:27Z	2026-08-19T00:44:27Z	2026-08-19T00:46:27Z	https://github.com/dmytro-yevs/copypaste/actions/runs/32202376283	.github/workflows/windows-native-e2e.yml	Windows native desktop E2E	330512982	Fix inbound Confirm and macOS progress abort	dmytro-yevs	dmytro-yevs
32202376284	1	completed	success	push	main	d94374bfa886b60b3224f11ae733119f3055b2cb	2026-08-19T00:44:27Z	2026-08-19T00:44:27Z	2026-08-19T00:45:26Z	https://github.com/dmytro-yevs/copypaste/actions/runs/32202376284	.github/workflows/mutation-gate.yml	Mutation gate	334676987	Fix inbound Confirm and macOS progress abort	dmytro-yevs	dmytro-yevs
32202376307	1	completed	failure	push	main	d94374bfa886b60b3224f11ae733119f3055b2cb	2026-08-19T00:44:27Z	2026-08-19T00:44:27Z	2026-08-19T00:45:59Z	https://github.com/dmytro-yevs/copypaste/actions/runs/32202376307	.github/workflows/browser-webkitgtk.yml	Browser (WebKitGTK, Linux)	324698700	Fix inbound Confirm and macOS progress abort	dmytro-yevs	dmytro-yevs
32202376324	1	completed	failure	push	main	d94374bfa886b60b3224f11ae733119f3055b2cb	2026-08-19T00:44:27Z	2026-08-19T00:44:27Z	2026-08-19T00:50:48Z	https://github.com/dmytro-yevs/copypaste/actions/runs/32202376324	.github/workflows/ci.yml	CI	282057606	Fix inbound Confirm and macOS progress abort	dmytro-yevs	dmytro-yevs
32202376427	1	completed	failure	push	main	d94374bfa886b60b3224f11ae733119f3055b2cb	2026-08-19T00:44:27Z	2026-08-19T00:44:27Z	2026-08-19T00:45:16Z	https://github.com/dmytro-yevs/copypaste/actions/runs/32202376427	.github/workflows/supply-chain.yml	Supply chain	323997017	Fix inbound Confirm and macOS progress abort	dmytro-yevs	dmytro-yevs
32203491635	1	completed	success	dynamic	main	1d6730177c64533c3cfd08cb15e7105fb2a2e168	2026-08-19T01:02:30Z	2026-08-19T01:02:30Z	2026-08-19T01:04:50Z	https://github.com/dmytro-yevs/copypaste/actions/runs/32203491635	dynamic/github-code-scanning/codeql	Push on main	330681135	Push on main	dmytro-yevs	dmytro-yevs
32203492527	1	completed	failure	push	main	1d6730177c64533c3cfd08cb15e7105fb2a2e168	2026-08-19T01:02:31Z	2026-08-19T01:02:31Z	2026-08-19T01:16:40Z	https://github.com/dmytro-yevs/copypaste/actions/runs/32203492527	.github/workflows/ci.yml	CI	282057606	Bump h2 to clear supply-chain advisory	dmytro-yevs	dmytro-yevs
32203492558	1	completed	cancelled	push	main	1d6730177c64533c3cfd08cb15e7105fb2a2e168	2026-08-19T01:02:31Z	2026-08-19T01:02:31Z	2026-08-19T01:35:02Z	https://github.com/dmytro-yevs/copypaste/actions/runs/32203492558	.github/workflows/android-emulator.yml	Android emulator	324448484	Bump h2 to clear supply-chain advisory	dmytro-yevs	dmytro-yevs
32203492574	1	completed	failure	push	main	1d6730177c64533c3cfd08cb15e7105fb2a2e168	2026-08-19T01:02:31Z	2026-08-19T01:02:31Z	2026-08-19T01:06:08Z	https://github.com/dmytro-yevs/copypaste/actions/runs/32203492574	.github/workflows/windows-native-e2e.yml	Windows native desktop E2E	330512982	Bump h2 to clear supply-chain advisory	dmytro-yevs	dmytro-yevs
32203492587	1	completed	failure	push	main	1d6730177c64533c3cfd08cb15e7105fb2a2e168	2026-08-19T01:02:31Z	2026-08-19T01:02:31Z	2026-08-19T01:04:20Z	https://github.com/dmytro-yevs/copypaste/actions/runs/32203492587	.github/workflows/browser-webkitgtk.yml	Browser (WebKitGTK, Linux)	324698700	Bump h2 to clear supply-chain advisory	dmytro-yevs	dmytro-yevs
32203492618	1	completed	success	push	main	1d6730177c64533c3cfd08cb15e7105fb2a2e168	2026-08-19T01:02:31Z	2026-08-19T01:02:31Z	2026-08-19T01:03:35Z	https://github.com/dmytro-yevs/copypaste/actions/runs/32203492618	.github/workflows/mutation-gate.yml	Mutation gate	334676987	Bump h2 to clear supply-chain advisory	dmytro-yevs	dmytro-yevs
32203492746	1	completed	success	push	main	1d6730177c64533c3cfd08cb15e7105fb2a2e168	2026-08-19T01:02:31Z	2026-08-19T01:02:31Z	2026-08-19T01:04:21Z	https://github.com/dmytro-yevs/copypaste/actions/runs/32203492746	.github/workflows/supply-chain.yml	Supply chain	323997017	Bump h2 to clear supply-chain advisory	dmytro-yevs	dmytro-yevs
32205435899	1	completed	success	dynamic	main	3ce10c51253813796f2be243f94f68a15483a355	2026-08-19T01:34:41Z	2026-08-19T01:34:41Z	2026-08-19T01:37:08Z	https://github.com/dmytro-yevs/copypaste/actions/runs/32205435899	dynamic/github-code-scanning/codeql	Push on main	330681135	Push on main	dmytro-yevs	dmytro-yevs
32205436283	1	completed	failure	push	main	3ce10c51253813796f2be243f94f68a15483a355	2026-08-19T01:34:42Z	2026-08-19T01:34:42Z	2026-08-19T01:52:45Z	https://github.com/dmytro-yevs/copypaste/actions/runs/32205436283	.github/workflows/windows-native-e2e.yml	Windows native desktop E2E	330512982	Override deepmerge-ts for e2e audit	dmytro-yevs	dmytro-yevs
32205436304	1	completed	success	push	main	3ce10c51253813796f2be243f94f68a15483a355	2026-08-19T01:34:42Z	2026-08-19T01:34:42Z	2026-08-19T01:35:37Z	https://github.com/dmytro-yevs/copypaste/actions/runs/32205436304	.github/workflows/mutation-gate.yml	Mutation gate	334676987	Override deepmerge-ts for e2e audit	dmytro-yevs	dmytro-yevs
32205436311	1	completed	failure	push	main	3ce10c51253813796f2be243f94f68a15483a355	2026-08-19T01:34:42Z	2026-08-19T01:34:42Z	2026-08-19T01:46:34Z	https://github.com/dmytro-yevs/copypaste/actions/runs/32205436311	.github/workflows/ci.yml	CI	282057606	Override deepmerge-ts for e2e audit	dmytro-yevs	dmytro-yevs
32205436404	1	completed	failure	push	main	3ce10c51253813796f2be243f94f68a15483a355	2026-08-19T01:34:42Z	2026-08-19T01:34:42Z	2026-08-19T01:37:17Z	https://github.com/dmytro-yevs/copypaste/actions/runs/32205436404	.github/workflows/browser-webkitgtk.yml	Browser (WebKitGTK, Linux)	324698700	Override deepmerge-ts for e2e audit	dmytro-yevs	dmytro-yevs
32205436426	1	completed	cancelled	push	main	3ce10c51253813796f2be243f94f68a15483a355	2026-08-19T01:34:42Z	2026-08-19T01:34:42Z	2026-08-19T02:05:25Z	https://github.com/dmytro-yevs/copypaste/actions/runs/32205436426	.github/workflows/android-emulator.yml	Android emulator	324448484	Override deepmerge-ts for e2e audit	dmytro-yevs	dmytro-yevs
32205436595	1	completed	success	push	main	3ce10c51253813796f2be243f94f68a15483a355	2026-08-19T01:34:42Z	2026-08-19T01:34:42Z	2026-08-19T01:35:30Z	https://github.com/dmytro-yevs/copypaste/actions/runs/32205436595	.github/workflows/supply-chain.yml	Supply chain	323997017	Override deepmerge-ts for e2e audit	dmytro-yevs	dmytro-yevs
32207268322	1	completed	success	dynamic	main	06c439b5982e5cf44d751e163fd004c89afd56dc	2026-08-19T02:05:05Z	2026-08-19T02:05:05Z	2026-08-19T02:07:55Z	https://github.com/dmytro-yevs/copypaste/actions/runs/32207268322	dynamic/github-code-scanning/codeql	Push on main	330681135	Push on main	dmytro-yevs	dmytro-yevs
32207269009	1	completed	failure	push	main	06c439b5982e5cf44d751e163fd004c89afd56dc	2026-08-19T02:05:06Z	2026-08-19T02:05:06Z	2026-08-19T02:24:58Z	https://github.com/dmytro-yevs/copypaste/actions/runs/32207269009	.github/workflows/ci.yml	CI	282057606	Wire sentinel mismatch flag into capture	dmytro-yevs	dmytro-yevs
32207269067	1	completed	cancelled	push	main	06c439b5982e5cf44d751e163fd004c89afd56dc	2026-08-19T02:05:06Z	2026-08-19T02:05:06Z	2026-08-19T02:27:26Z	https://github.com/dmytro-yevs/copypaste/actions/runs/32207269067	.github/workflows/android-emulator.yml	Android emulator	324448484	Wire sentinel mismatch flag into capture	dmytro-yevs	dmytro-yevs
32207269096	1	completed	cancelled	push	main	06c439b5982e5cf44d751e163fd004c89afd56dc	2026-08-19T02:05:06Z	2026-08-19T02:05:06Z	2026-08-19T02:27:24Z	https://github.com/dmytro-yevs/copypaste/actions/runs/32207269096	.github/workflows/browser-webkitgtk.yml	Browser (WebKitGTK, Linux)	324698700	Wire sentinel mismatch flag into capture	dmytro-yevs	dmytro-yevs
32207269152	1	completed	success	push	main	06c439b5982e5cf44d751e163fd004c89afd56dc	2026-08-19T02:05:06Z	2026-08-19T02:05:06Z	2026-08-19T02:06:08Z	https://github.com/dmytro-yevs/copypaste/actions/runs/32207269152	.github/workflows/mutation-gate.yml	Mutation gate	334676987	Wire sentinel mismatch flag into capture	dmytro-yevs	dmytro-yevs
32207269188	1	completed	success	push	main	06c439b5982e5cf44d751e163fd004c89afd56dc	2026-08-19T02:05:06Z	2026-08-19T02:05:06Z	2026-08-19T02:06:17Z	https://github.com/dmytro-yevs/copypaste/actions/runs/32207269188	.github/workflows/supply-chain.yml	Supply chain	323997017	Wire sentinel mismatch flag into capture	dmytro-yevs	dmytro-yevs
32207269194	1	completed	success	push	main	06c439b5982e5cf44d751e163fd004c89afd56dc	2026-08-19T02:05:06Z	2026-08-19T02:05:06Z	2026-08-19T02:22:13Z	https://github.com/dmytro-yevs/copypaste/actions/runs/32207269194	.github/workflows/windows-native-e2e.yml	Windows native desktop E2E	330512982	Wire sentinel mismatch flag into capture	dmytro-yevs	dmytro-yevs
32208592599	1	completed	success	dynamic	main	0079eb9f09c5324991b88818cd9ad6f02af0ef5a	2026-08-19T02:27:07Z	2026-08-19T02:27:07Z	2026-08-19T02:30:00Z	https://github.com/dmytro-yevs/copypaste/actions/runs/32208592599	dynamic/github-code-scanning/codeql	Push on main	330681135	Push on main	dmytro-yevs	dmytro-yevs
32208593125	2	completed	failure	push	main	0079eb9f09c5324991b88818cd9ad6f02af0ef5a	2026-08-19T03:35:29Z	2026-08-19T02:27:07Z	2026-08-19T04:42:00Z	https://github.com/dmytro-yevs/copypaste/actions/runs/32208593125	.github/workflows/android-emulator.yml	Android emulator	324448484	Gate NativeAbort to platforms that present pairing	dmytro-yevs	dmytro-yevs
32208593127	1	completed	success	push	main	0079eb9f09c5324991b88818cd9ad6f02af0ef5a	2026-08-19T02:27:07Z	2026-08-19T02:27:07Z	2026-08-19T02:42:13Z	https://github.com/dmytro-yevs/copypaste/actions/runs/32208593127	.github/workflows/ci.yml	CI	282057606	Gate NativeAbort to platforms that present pairing	dmytro-yevs	dmytro-yevs
32208593147	1	completed	success	push	main	0079eb9f09c5324991b88818cd9ad6f02af0ef5a	2026-08-19T02:27:07Z	2026-08-19T02:27:07Z	2026-08-19T02:46:08Z	https://github.com/dmytro-yevs/copypaste/actions/runs/32208593147	.github/workflows/browser-webkitgtk.yml	Browser (WebKitGTK, Linux)	324698700	Gate NativeAbort to platforms that present pairing	dmytro-yevs	dmytro-yevs
32208593174	1	completed	success	push	main	0079eb9f09c5324991b88818cd9ad6f02af0ef5a	2026-08-19T02:27:07Z	2026-08-19T02:27:07Z	2026-08-19T02:28:06Z	https://github.com/dmytro-yevs/copypaste/actions/runs/32208593174	.github/workflows/mutation-gate.yml	Mutation gate	334676987	Gate NativeAbort to platforms that present pairing	dmytro-yevs	dmytro-yevs
32208593291	1	completed	success	push	main	0079eb9f09c5324991b88818cd9ad6f02af0ef5a	2026-08-19T02:27:07Z	2026-08-19T02:27:07Z	2026-08-19T02:34:49Z	https://github.com/dmytro-yevs/copypaste/actions/runs/32208593291	.github/workflows/windows-native-e2e.yml	Windows native desktop E2E	330512982	Gate NativeAbort to platforms that present pairing	dmytro-yevs	dmytro-yevs
32208593393	1	completed	success	push	main	0079eb9f09c5324991b88818cd9ad6f02af0ef5a	2026-08-19T02:27:08Z	2026-08-19T02:27:08Z	2026-08-19T02:28:25Z	https://github.com/dmytro-yevs/copypaste/actions/runs/32208593393	.github/workflows/supply-chain.yml	Supply chain	323997017	Gate NativeAbort to platforms that present pairing	dmytro-yevs	dmytro-yevs
32217460523	1	queued		schedule	main	0079eb9f09c5324991b88818cd9ad6f02af0ef5a	2026-08-19T04:54:37Z	2026-08-19T04:54:37Z	2026-08-19T04:54:37Z	https://github.com/dmytro-yevs/copypaste/actions/runs/32217460523	.github/workflows/native-nightly.yml	Nightly native matrix	330512981	Nightly native matrix	dmytro-yevs	dmytro-yevs
32220317715	1	completed	success	dynamic	main	08c2afd639273d8bc74444312c54a5cd0501a95c	2026-08-19T05:40:37Z	2026-08-19T05:40:37Z	2026-08-19T05:43:48Z	https://github.com/dmytro-yevs/copypaste/actions/runs/32220317715	dynamic/github-code-scanning/codeql	Push on main	330681135	Push on main	dmytro-yevs	dmytro-yevs
32220317842	1	completed	success	push	main	08c2afd639273d8bc74444312c54a5cd0501a95c	2026-08-19T05:40:37Z	2026-08-19T05:40:37Z	2026-08-19T05:41:32Z	https://github.com/dmytro-yevs/copypaste/actions/runs/32220317842	.github/workflows/mutation-gate.yml	Mutation gate	334676987	Skip Android OWASP audit without an NVD key	dmytro-yevs	dmytro-yevs
32220317848	1	completed	success	push	main	08c2afd639273d8bc74444312c54a5cd0501a95c	2026-08-19T05:40:37Z	2026-08-19T05:40:37Z	2026-08-19T05:51:40Z	https://github.com/dmytro-yevs/copypaste/actions/runs/32220317848	.github/workflows/ci.yml	CI	282057606	Skip Android OWASP audit without an NVD key	dmytro-yevs	dmytro-yevs
32220317850	1	completed	success	push	main	08c2afd639273d8bc74444312c54a5cd0501a95c	2026-08-19T05:40:37Z	2026-08-19T05:40:37Z	2026-08-19T05:48:38Z	https://github.com/dmytro-yevs/copypaste/actions/runs/32220317850	.github/workflows/windows-native-e2e.yml	Windows native desktop E2E	330512982	Skip Android OWASP audit without an NVD key	dmytro-yevs	dmytro-yevs
32220317862	1	completed	success	push	main	08c2afd639273d8bc74444312c54a5cd0501a95c	2026-08-19T05:40:37Z	2026-08-19T05:40:37Z	2026-08-19T05:47:45Z	https://github.com/dmytro-yevs/copypaste/actions/runs/32220317862	.github/workflows/browser-webkitgtk.yml	Browser (WebKitGTK, Linux)	324698700	Skip Android OWASP audit without an NVD key	dmytro-yevs	dmytro-yevs
32220317867	1	completed	failure	push	main	08c2afd639273d8bc74444312c54a5cd0501a95c	2026-08-19T05:40:37Z	2026-08-19T05:40:37Z	2026-08-19T06:03:38Z	https://github.com/dmytro-yevs/copypaste/actions/runs/32220317867	.github/workflows/android-emulator.yml	Android emulator	324448484	Skip Android OWASP audit without an NVD key	dmytro-yevs	dmytro-yevs
32220318033	1	completed	success	push	main	08c2afd639273d8bc74444312c54a5cd0501a95c	2026-08-19T05:40:37Z	2026-08-19T05:40:37Z	2026-08-19T05:41:35Z	https://github.com/dmytro-yevs/copypaste/actions/runs/32220318033	.github/workflows/supply-chain.yml	Supply chain	323997017	Skip Android OWASP audit without an NVD key	dmytro-yevs	dmytro-yevs
32222358929	1	completed	success	dynamic	main	3000c379f21dab5122582696e8238e8c4818ca46	2026-08-19T06:11:20Z	2026-08-19T06:11:20Z	2026-08-19T06:14:01Z	https://github.com/dmytro-yevs/copypaste/actions/runs/32222358929	dynamic/github-code-scanning/codeql	Push on main	330681135	Push on main	dmytro-yevs	dmytro-yevs
32222359192	1	completed	cancelled	push	main	3000c379f21dab5122582696e8238e8c4818ca46	2026-08-19T06:11:20Z	2026-08-19T06:11:20Z	2026-08-19T06:32:22Z	https://github.com/dmytro-yevs/copypaste/actions/runs/32222359192	.github/workflows/ci.yml	CI	282057606	Drive Android settings E2E through the compact index	dmytro-yevs	dmytro-yevs
32222359199	1	completed	success	push	main	3000c379f21dab5122582696e8238e8c4818ca46	2026-08-19T06:11:20Z	2026-08-19T06:11:20Z	2026-08-19T06:18:23Z	https://github.com/dmytro-yevs/copypaste/actions/runs/32222359199	.github/workflows/browser-webkitgtk.yml	Browser (WebKitGTK, Linux)	324698700	Drive Android settings E2E through the compact index	dmytro-yevs	dmytro-yevs
32222359222	1	completed	success	push	main	3000c379f21dab5122582696e8238e8c4818ca46	2026-08-19T06:11:20Z	2026-08-19T06:11:20Z	2026-08-19T06:12:07Z	https://github.com/dmytro-yevs/copypaste/actions/runs/32222359222	.github/workflows/mutation-gate.yml	Mutation gate	334676987	Drive Android settings E2E through the compact index	dmytro-yevs	dmytro-yevs
32222359242	1	completed	success	push	main	3000c379f21dab5122582696e8238e8c4818ca46	2026-08-19T06:11:20Z	2026-08-19T06:11:20Z	2026-08-19T06:18:40Z	https://github.com/dmytro-yevs/copypaste/actions/runs/32222359242	.github/workflows/windows-native-e2e.yml	Windows native desktop E2E	330512982	Drive Android settings E2E through the compact index	dmytro-yevs	dmytro-yevs
32222359301	1	completed	failure	push	main	3000c379f21dab5122582696e8238e8c4818ca46	2026-08-19T06:11:20Z	2026-08-19T06:11:20Z	2026-08-19T06:38:59Z	https://github.com/dmytro-yevs/copypaste/actions/runs/32222359301	.github/workflows/android-emulator.yml	Android emulator	324448484	Drive Android settings E2E through the compact index	dmytro-yevs	dmytro-yevs
32222359391	1	completed	success	push	main	3000c379f21dab5122582696e8238e8c4818ca46	2026-08-19T06:11:20Z	2026-08-19T06:11:20Z	2026-08-19T06:12:43Z	https://github.com/dmytro-yevs/copypaste/actions/runs/32222359391	.github/workflows/supply-chain.yml	Supply chain	323997017	Drive Android settings E2E through the compact index	dmytro-yevs	dmytro-yevs
32224482208	1	completed	success	dynamic	main	09986de47a294ca2f01d153699cf4650b4b27d41	2026-08-19T06:41:31Z	2026-08-19T06:41:31Z	2026-08-19T06:44:00Z	https://github.com/dmytro-yevs/copypaste/actions/runs/32224482208	dynamic/github-code-scanning/codeql	Push on main	330681135	Push on main	dmytro-yevs	dmytro-yevs
32224483083	2	completed	cancelled	push	main	09986de47a294ca2f01d153699cf4650b4b27d41	2026-08-19T08:06:47Z	2026-08-19T06:41:32Z	2026-08-19T08:18:02Z	https://github.com/dmytro-yevs/copypaste/actions/runs/32224483083	.github/workflows/ci.yml	CI	282057606	Wait for Settings levels before climbing back	dmytro-yevs	dmytro-yevs
32224483092	1	completed	success	push	main	09986de47a294ca2f01d153699cf4650b4b27d41	2026-08-19T06:41:32Z	2026-08-19T06:41:32Z	2026-08-19T07:00:36Z	https://github.com/dmytro-yevs/copypaste/actions/runs/32224483092	.github/workflows/windows-native-e2e.yml	Windows native desktop E2E	330512982	Wait for Settings levels before climbing back	dmytro-yevs	dmytro-yevs
32224483102	1	completed	success	push	main	09986de47a294ca2f01d153699cf4650b4b27d41	2026-08-19T06:41:32Z	2026-08-19T06:41:32Z	2026-08-19T07:03:07Z	https://github.com/dmytro-yevs/copypaste/actions/runs/32224483102	.github/workflows/android-emulator.yml	Android emulator	324448484	Wait for Settings levels before climbing back	dmytro-yevs	dmytro-yevs
32224483107	1	completed	success	push	main	09986de47a294ca2f01d153699cf4650b4b27d41	2026-08-19T06:41:32Z	2026-08-19T06:41:32Z	2026-08-19T06:49:12Z	https://github.com/dmytro-yevs/copypaste/actions/runs/32224483107	.github/workflows/browser-webkitgtk.yml	Browser (WebKitGTK, Linux)	324698700	Wait for Settings levels before climbing back	dmytro-yevs	dmytro-yevs
32224483139	1	completed	success	push	main	09986de47a294ca2f01d153699cf4650b4b27d41	2026-08-19T06:41:32Z	2026-08-19T06:41:32Z	2026-08-19T06:43:11Z	https://github.com/dmytro-yevs/copypaste/actions/runs/32224483139	.github/workflows/mutation-gate.yml	Mutation gate	334676987	Wait for Settings levels before climbing back	dmytro-yevs	dmytro-yevs
32224483386	1	completed	success	push	main	09986de47a294ca2f01d153699cf4650b4b27d41	2026-08-19T06:41:32Z	2026-08-19T06:41:32Z	2026-08-19T06:43:20Z	https://github.com/dmytro-yevs/copypaste/actions/runs/32224483386	.github/workflows/supply-chain.yml	Supply chain	323997017	Wait for Settings levels before climbing back	dmytro-yevs	dmytro-yevs
32231918501	1	completed	cancelled	push	main	f6076ea9bd88c7631fedd48ffcfba5818ec2957d	2026-08-19T08:17:52Z	2026-08-19T08:17:52Z	2026-08-19T08:53:17Z	https://github.com/dmytro-yevs/copypaste/actions/runs/32231918501	.github/workflows/browser-webkitgtk.yml	Browser (WebKitGTK, Linux)	324698700	Preseed PostgreSQL apt so Supabase CI does not hang	dmytro-yevs	dmytro-yevs
32231918518	1	completed	success	push	main	f6076ea9bd88c7631fedd48ffcfba5818ec2957d	2026-08-19T08:17:52Z	2026-08-19T08:17:52Z	2026-08-19T08:18:51Z	https://github.com/dmytro-yevs/copypaste/actions/runs/32231918518	.github/workflows/mutation-gate.yml	Mutation gate	334676987	Preseed PostgreSQL apt so Supabase CI does not hang	dmytro-yevs	dmytro-yevs
32231918532	2	completed	success	push	main	f6076ea9bd88c7631fedd48ffcfba5818ec2957d	2026-08-19T08:40:02Z	2026-08-19T08:17:52Z	2026-08-19T08:50:28Z	https://github.com/dmytro-yevs/copypaste/actions/runs/32231918532	.github/workflows/ci.yml	CI	282057606	Preseed PostgreSQL apt so Supabase CI does not hang	dmytro-yevs	dmytro-yevs
32231918545	1	completed	success	push	main	f6076ea9bd88c7631fedd48ffcfba5818ec2957d	2026-08-19T08:17:52Z	2026-08-19T08:17:52Z	2026-08-19T08:25:42Z	https://github.com/dmytro-yevs/copypaste/actions/runs/32231918545	.github/workflows/windows-native-e2e.yml	Windows native desktop E2E	330512982	Preseed PostgreSQL apt so Supabase CI does not hang	dmytro-yevs	dmytro-yevs
32231918723	1	completed	success	push	main	f6076ea9bd88c7631fedd48ffcfba5818ec2957d	2026-08-19T08:17:52Z	2026-08-19T08:17:52Z	2026-08-19T08:19:01Z	https://github.com/dmytro-yevs/copypaste/actions/runs/32231918723	.github/workflows/supply-chain.yml	Supply chain	323997017	Preseed PostgreSQL apt so Supabase CI does not hang	dmytro-yevs	dmytro-yevs
32231918797	1	completed	success	dynamic	main	f6076ea9bd88c7631fedd48ffcfba5818ec2957d	2026-08-19T08:17:52Z	2026-08-19T08:17:52Z	2026-08-19T08:20:18Z	https://github.com/dmytro-yevs/copypaste/actions/runs/32231918797	dynamic/github-code-scanning/codeql	Push on main	330681135	Push on main	dmytro-yevs	dmytro-yevs
32234804682	1	completed	success	dynamic	main	f22829cb513b9c5c3930c74e9729014e4ba26f40	2026-08-19T08:53:10Z	2026-08-19T08:53:10Z	2026-08-19T08:56:04Z	https://github.com/dmytro-yevs/copypaste/actions/runs/32234804682	dynamic/github-code-scanning/codeql	Push on main	330681135	Push on main	dmytro-yevs	dmytro-yevs
32234805021	1	completed	success	push	main	f22829cb513b9c5c3930c74e9729014e4ba26f40	2026-08-19T08:53:10Z	2026-08-19T08:53:10Z	2026-08-19T09:02:44Z	https://github.com/dmytro-yevs/copypaste/actions/runs/32234805021	.github/workflows/browser-webkitgtk.yml	Browser (WebKitGTK, Linux)	324698700	Run Browser apt step noninteractively	dmytro-yevs	dmytro-yevs
32234805032	1	completed	cancelled	push	main	f22829cb513b9c5c3930c74e9729014e4ba26f40	2026-08-19T08:53:10Z	2026-08-19T08:53:10Z	2026-08-19T09:30:17Z	https://github.com/dmytro-yevs/copypaste/actions/runs/32234805032	.github/workflows/ci.yml	CI	282057606	Run Browser apt step noninteractively	dmytro-yevs	dmytro-yevs
32234805044	1	completed	success	push	main	f22829cb513b9c5c3930c74e9729014e4ba26f40	2026-08-19T08:53:11Z	2026-08-19T08:53:11Z	2026-08-19T08:54:07Z	https://github.com/dmytro-yevs/copypaste/actions/runs/32234805044	.github/workflows/mutation-gate.yml	Mutation gate	334676987	Run Browser apt step noninteractively	dmytro-yevs	dmytro-yevs
32234805050	1	completed	success	push	main	f22829cb513b9c5c3930c74e9729014e4ba26f40	2026-08-19T08:53:11Z	2026-08-19T08:53:11Z	2026-08-19T09:01:03Z	https://github.com/dmytro-yevs/copypaste/actions/runs/32234805050	.github/workflows/windows-native-e2e.yml	Windows native desktop E2E	330512982	Run Browser apt step noninteractively	dmytro-yevs	dmytro-yevs
32234805313	1	completed	success	push	main	f22829cb513b9c5c3930c74e9729014e4ba26f40	2026-08-19T08:53:11Z	2026-08-19T08:53:11Z	2026-08-19T08:54:28Z	https://github.com/dmytro-yevs/copypaste/actions/runs/32234805313	.github/workflows/supply-chain.yml	Supply chain	323997017	Run Browser apt step noninteractively	dmytro-yevs	dmytro-yevs
32237900718	1	completed	success	dynamic	main	43013bc70597f7362e510345f908d710bd0888f3	2026-08-19T09:29:53Z	2026-08-19T09:29:53Z	2026-08-19T09:31:52Z	https://github.com/dmytro-yevs/copypaste/actions/runs/32237900718	dynamic/github-code-scanning/codeql	Push on main	330681135	Push on main	dmytro-yevs	dmytro-yevs
32237901374	1	completed	success	push	main	43013bc70597f7362e510345f908d710bd0888f3	2026-08-19T09:29:53Z	2026-08-19T09:29:53Z	2026-08-19T09:30:50Z	https://github.com/dmytro-yevs/copypaste/actions/runs/32237901374	.github/workflows/mutation-gate.yml	Mutation gate	334676987	Install Postgres for schema CI via a timed script	dmytro-yevs	dmytro-yevs
32237901392	1	completed	success	push	main	43013bc70597f7362e510345f908d710bd0888f3	2026-08-19T09:29:53Z	2026-08-19T09:29:53Z	2026-08-19T09:37:19Z	https://github.com/dmytro-yevs/copypaste/actions/runs/32237901392	.github/workflows/windows-native-e2e.yml	Windows native desktop E2E	330512982	Install Postgres for schema CI via a timed script	dmytro-yevs	dmytro-yevs
32237901396	1	completed	cancelled	push	main	43013bc70597f7362e510345f908d710bd0888f3	2026-08-19T09:29:53Z	2026-08-19T09:29:53Z	2026-08-19T09:47:06Z	https://github.com/dmytro-yevs/copypaste/actions/runs/32237901396	.github/workflows/ci.yml	CI	282057606	Install Postgres for schema CI via a timed script	dmytro-yevs	dmytro-yevs
32237901413	1	completed	cancelled	push	main	43013bc70597f7362e510345f908d710bd0888f3	2026-08-19T09:29:53Z	2026-08-19T09:29:53Z	2026-08-19T09:47:47Z	https://github.com/dmytro-yevs/copypaste/actions/runs/32237901413	.github/workflows/browser-webkitgtk.yml	Browser (WebKitGTK, Linux)	324698700	Install Postgres for schema CI via a timed script	dmytro-yevs	dmytro-yevs
32237901800	1	completed	success	push	main	43013bc70597f7362e510345f908d710bd0888f3	2026-08-19T09:29:54Z	2026-08-19T09:29:54Z	2026-08-19T09:30:47Z	https://github.com/dmytro-yevs/copypaste/actions/runs/32237901800	.github/workflows/supply-chain.yml	Supply chain	323997017	Install Postgres for schema CI via a timed script	dmytro-yevs	dmytro-yevs
32239347445	1	completed	success	dynamic	main	1df50c2a8c12e9e17bb7a56ab795e24ad357f988	2026-08-19T09:46:46Z	2026-08-19T09:46:46Z	2026-08-19T09:48:41Z	https://github.com/dmytro-yevs/copypaste/actions/runs/32239347445	dynamic/github-code-scanning/codeql	Push on main	330681135	Push on main	dmytro-yevs	dmytro-yevs
32239347805	1	completed	success	push	main	1df50c2a8c12e9e17bb7a56ab795e24ad357f988	2026-08-19T09:46:46Z	2026-08-19T09:46:46Z	2026-08-19T09:55:08Z	https://github.com/dmytro-yevs/copypaste/actions/runs/32239347805	.github/workflows/browser-webkitgtk.yml	Browser (WebKitGTK, Linux)	324698700	Prefer archive.ubuntu.com for Postgres CI apt	dmytro-yevs	dmytro-yevs
32239347806	1	completed	success	push	main	1df50c2a8c12e9e17bb7a56ab795e24ad357f988	2026-08-19T09:46:46Z	2026-08-19T09:46:46Z	2026-08-19T09:54:57Z	https://github.com/dmytro-yevs/copypaste/actions/runs/32239347806	.github/workflows/windows-native-e2e.yml	Windows native desktop E2E	330512982	Prefer archive.ubuntu.com for Postgres CI apt	dmytro-yevs	dmytro-yevs
32239347836	1	completed	success	push	main	1df50c2a8c12e9e17bb7a56ab795e24ad357f988	2026-08-19T09:46:46Z	2026-08-19T09:46:46Z	2026-08-19T09:47:42Z	https://github.com/dmytro-yevs/copypaste/actions/runs/32239347836	.github/workflows/mutation-gate.yml	Mutation gate	334676987	Prefer archive.ubuntu.com for Postgres CI apt	dmytro-yevs	dmytro-yevs
32239347873	1	completed	success	push	main	1df50c2a8c12e9e17bb7a56ab795e24ad357f988	2026-08-19T09:46:46Z	2026-08-19T09:46:46Z	2026-08-19T09:58:19Z	https://github.com/dmytro-yevs/copypaste/actions/runs/32239347873	.github/workflows/ci.yml	CI	282057606	Prefer archive.ubuntu.com for Postgres CI apt	dmytro-yevs	dmytro-yevs
32239348121	1	completed	success	push	main	1df50c2a8c12e9e17bb7a56ab795e24ad357f988	2026-08-19T09:46:46Z	2026-08-19T09:46:46Z	2026-08-19T09:47:40Z	https://github.com/dmytro-yevs/copypaste/actions/runs/32239348121	.github/workflows/supply-chain.yml	Supply chain	323997017	Prefer archive.ubuntu.com for Postgres CI apt	dmytro-yevs	dmytro-yevs
32243910913	1	completed	success	dynamic	main	50bde3cf709c5d504c33185914a8062e701cb1d9	2026-08-19T10:41:31Z	2026-08-19T10:41:31Z	2026-08-19T10:44:27Z	https://github.com/dmytro-yevs/copypaste/actions/runs/32243910913	dynamic/github-code-scanning/codeql	Push on main	330681135	Push on main	dmytro-yevs	dmytro-yevs
32243911366	1	completed	success	push	main	50bde3cf709c5d504c33185914a8062e701cb1d9	2026-08-19T10:41:32Z	2026-08-19T10:41:32Z	2026-08-19T10:42:31Z	https://github.com/dmytro-yevs/copypaste/actions/runs/32243911366	.github/workflows/mutation-gate.yml	Mutation gate	334676987	Turn sensitive wipe on and patch glib	dmytro-yevs	dmytro-yevs
32243911374	1	completed	success	push	main	50bde3cf709c5d504c33185914a8062e701cb1d9	2026-08-19T10:41:32Z	2026-08-19T10:41:32Z	2026-08-19T11:10:01Z	https://github.com/dmytro-yevs/copypaste/actions/runs/32243911374	.github/workflows/android-emulator.yml	Android emulator	324448484	Turn sensitive wipe on and patch glib	dmytro-yevs	dmytro-yevs
32243911393	1	completed	cancelled	push	main	50bde3cf709c5d504c33185914a8062e701cb1d9	2026-08-19T10:41:32Z	2026-08-19T10:41:32Z	2026-08-19T10:44:20Z	https://github.com/dmytro-yevs/copypaste/actions/runs/32243911393	.github/workflows/browser-webkitgtk.yml	Browser (WebKitGTK, Linux)	324698700	Turn sensitive wipe on and patch glib	dmytro-yevs	dmytro-yevs
32243911399	1	completed	cancelled	push	main	50bde3cf709c5d504c33185914a8062e701cb1d9	2026-08-19T10:41:32Z	2026-08-19T10:41:32Z	2026-08-19T10:44:59Z	https://github.com/dmytro-yevs/copypaste/actions/runs/32243911399	.github/workflows/ci.yml	CI	282057606	Turn sensitive wipe on and patch glib	dmytro-yevs	dmytro-yevs
32243911627	1	completed	failure	push	main	50bde3cf709c5d504c33185914a8062e701cb1d9	2026-08-19T10:41:32Z	2026-08-19T10:41:32Z	2026-08-19T10:42:47Z	https://github.com/dmytro-yevs/copypaste/actions/runs/32243911627	.github/workflows/supply-chain.yml	Supply chain	323997017	Turn sensitive wipe on and patch glib	dmytro-yevs	dmytro-yevs
32243911769	1	completed	cancelled	push	main	50bde3cf709c5d504c33185914a8062e701cb1d9	2026-08-19T10:41:32Z	2026-08-19T10:41:32Z	2026-08-19T10:44:12Z	https://github.com/dmytro-yevs/copypaste/actions/runs/32243911769	.github/workflows/windows-native-e2e.yml	Windows native desktop E2E	330512982	Turn sensitive wipe on and patch glib	dmytro-yevs	dmytro-yevs
32244104108	1	completed	success	dynamic	main	f7a6ab7e6e3d999683fb4db763f71b15ed8f05b6	2026-08-19T10:43:55Z	2026-08-19T10:43:55Z	2026-08-19T10:46:35Z	https://github.com/dmytro-yevs/copypaste/actions/runs/32244104108	dynamic/github-code-scanning/codeql	Push on main	330681135	Push on main	dmytro-yevs	dmytro-yevs
32244104876	1	completed	cancelled	push	main	f7a6ab7e6e3d999683fb4db763f71b15ed8f05b6	2026-08-19T10:43:56Z	2026-08-19T10:43:56Z	2026-08-19T10:46:18Z	https://github.com/dmytro-yevs/copypaste/actions/runs/32244104876	.github/workflows/ci.yml	CI	282057606	Drop the glib rustsec exception after the vendor patch	dmytro-yevs	dmytro-yevs
32244104895	1	completed	cancelled	push	main	f7a6ab7e6e3d999683fb4db763f71b15ed8f05b6	2026-08-19T10:43:56Z	2026-08-19T10:43:56Z	2026-08-19T10:46:20Z	https://github.com/dmytro-yevs/copypaste/actions/runs/32244104895	.github/workflows/browser-webkitgtk.yml	Browser (WebKitGTK, Linux)	324698700	Drop the glib rustsec exception after the vendor patch	dmytro-yevs	dmytro-yevs
32244104926	1	completed	success	push	main	f7a6ab7e6e3d999683fb4db763f71b15ed8f05b6	2026-08-19T10:43:56Z	2026-08-19T10:43:56Z	2026-08-19T10:44:52Z	https://github.com/dmytro-yevs/copypaste/actions/runs/32244104926	.github/workflows/mutation-gate.yml	Mutation gate	334676987	Drop the glib rustsec exception after the vendor patch	dmytro-yevs	dmytro-yevs
32244104935	1	completed	cancelled	push	main	f7a6ab7e6e3d999683fb4db763f71b15ed8f05b6	2026-08-19T10:43:56Z	2026-08-19T10:43:56Z	2026-08-19T10:45:27Z	https://github.com/dmytro-yevs/copypaste/actions/runs/32244104935	.github/workflows/windows-native-e2e.yml	Windows native desktop E2E	330512982	Drop the glib rustsec exception after the vendor patch	dmytro-yevs	dmytro-yevs
32244104984	1	completed	failure	push	main	f7a6ab7e6e3d999683fb4db763f71b15ed8f05b6	2026-08-19T10:43:56Z	2026-08-19T10:43:56Z	2026-08-19T10:44:47Z	https://github.com/dmytro-yevs/copypaste/actions/runs/32244104984	.github/workflows/supply-chain.yml	Supply chain	323997017	Drop the glib rustsec exception after the vendor patch	dmytro-yevs	dmytro-yevs
32244223899	1	completed	cancelled	push	main	b1a1a5034c706503d2065961b09ccd42bdbac083	2026-08-19T10:45:21Z	2026-08-19T10:45:21Z	2026-08-19T10:51:57Z	https://github.com/dmytro-yevs/copypaste/actions/runs/32244223899	.github/workflows/windows-native-e2e.yml	Windows native desktop E2E	330512982	Restore rustsec target_errors after the glib vendor gate	dmytro-yevs	dmytro-yevs
32244223902	1	completed	cancelled	push	main	b1a1a5034c706503d2065961b09ccd42bdbac083	2026-08-19T10:45:21Z	2026-08-19T10:45:21Z	2026-08-19T10:52:25Z	https://github.com/dmytro-yevs/copypaste/actions/runs/32244223902	.github/workflows/ci.yml	CI	282057606	Restore rustsec target_errors after the glib vendor gate	dmytro-yevs	dmytro-yevs
32244223906	1	completed	success	dynamic	main	b1a1a5034c706503d2065961b09ccd42bdbac083	2026-08-19T10:45:21Z	2026-08-19T10:45:21Z	2026-08-19T10:48:01Z	https://github.com/dmytro-yevs/copypaste/actions/runs/32244223906	dynamic/github-code-scanning/codeql	Push on main	330681135	Push on main	dmytro-yevs	dmytro-yevs
32244224023	1	completed	failure	push	main	b1a1a5034c706503d2065961b09ccd42bdbac083	2026-08-19T10:45:21Z	2026-08-19T10:45:21Z	2026-08-19T10:48:23Z	https://github.com/dmytro-yevs/copypaste/actions/runs/32244224023	.github/workflows/browser-webkitgtk.yml	Browser (WebKitGTK, Linux)	324698700	Restore rustsec target_errors after the glib vendor gate	dmytro-yevs	dmytro-yevs
32244224077	1	completed	success	push	main	b1a1a5034c706503d2065961b09ccd42bdbac083	2026-08-19T10:45:21Z	2026-08-19T10:45:21Z	2026-08-19T10:46:10Z	https://github.com/dmytro-yevs/copypaste/actions/runs/32244224077	.github/workflows/mutation-gate.yml	Mutation gate	334676987	Restore rustsec target_errors after the glib vendor gate	dmytro-yevs	dmytro-yevs
32244224319	1	completed	success	push	main	b1a1a5034c706503d2065961b09ccd42bdbac083	2026-08-19T10:45:21Z	2026-08-19T10:45:21Z	2026-08-19T10:46:40Z	https://github.com/dmytro-yevs/copypaste/actions/runs/32244224319	.github/workflows/supply-chain.yml	Supply chain	323997017	Restore rustsec target_errors after the glib vendor gate	dmytro-yevs	dmytro-yevs
32244748974	1	completed	success	dynamic	main	8d8da11ba6490fcf0cc29d6a9b830660d3414f1e	2026-08-19T10:51:49Z	2026-08-19T10:51:49Z	2026-08-19T10:54:19Z	https://github.com/dmytro-yevs/copypaste/actions/runs/32244748974	dynamic/github-code-scanning/codeql	Push on main	330681135	Push on main	dmytro-yevs	dmytro-yevs
32244749539	1	completed	success	push	main	8d8da11ba6490fcf0cc29d6a9b830660d3414f1e	2026-08-19T10:51:50Z	2026-08-19T10:51:50Z	2026-08-19T11:00:14Z	https://github.com/dmytro-yevs/copypaste/actions/runs/32244749539	.github/workflows/windows-native-e2e.yml	Windows native desktop E2E	330512982	Fix the vendored glib mutability patch for CI	dmytro-yevs	dmytro-yevs
32244749575	1	completed	success	push	main	8d8da11ba6490fcf0cc29d6a9b830660d3414f1e	2026-08-19T10:51:50Z	2026-08-19T10:51:50Z	2026-08-19T10:52:48Z	https://github.com/dmytro-yevs/copypaste/actions/runs/32244749575	.github/workflows/mutation-gate.yml	Mutation gate	334676987	Fix the vendored glib mutability patch for CI	dmytro-yevs	dmytro-yevs
32244749578	1	completed	cancelled	push	main	8d8da11ba6490fcf0cc29d6a9b830660d3414f1e	2026-08-19T10:51:50Z	2026-08-19T10:51:50Z	2026-08-19T11:10:50Z	https://github.com/dmytro-yevs/copypaste/actions/runs/32244749578	.github/workflows/ci.yml	CI	282057606	Fix the vendored glib mutability patch for CI	dmytro-yevs	dmytro-yevs
32244749670	1	completed	success	push	main	8d8da11ba6490fcf0cc29d6a9b830660d3414f1e	2026-08-19T10:51:50Z	2026-08-19T10:51:50Z	2026-08-19T11:01:46Z	https://github.com/dmytro-yevs/copypaste/actions/runs/32244749670	.github/workflows/browser-webkitgtk.yml	Browser (WebKitGTK, Linux)	324698700	Fix the vendored glib mutability patch for CI	dmytro-yevs	dmytro-yevs
32244749910	1	completed	success	push	main	8d8da11ba6490fcf0cc29d6a9b830660d3414f1e	2026-08-19T10:51:50Z	2026-08-19T10:51:50Z	2026-08-19T10:52:39Z	https://github.com/dmytro-yevs/copypaste/actions/runs/32244749910	.github/workflows/supply-chain.yml	Supply chain	323997017	Fix the vendored glib mutability patch for CI	dmytro-yevs	dmytro-yevs
32246286252	1	completed	success	dynamic	main	1c9d90dc67ac9f3d867d7416614254f424c5109e	2026-08-19T11:10:29Z	2026-08-19T11:10:29Z	2026-08-19T11:13:03Z	https://github.com/dmytro-yevs/copypaste/actions/runs/32246286252	dynamic/github-code-scanning/codeql	Push on main	330681135	Push on main	dmytro-yevs	dmytro-yevs
32246286421	1	completed	cancelled	push	main	1c9d90dc67ac9f3d867d7416614254f424c5109e	2026-08-19T11:10:29Z	2026-08-19T11:10:29Z	2026-08-19T11:18:25Z	https://github.com/dmytro-yevs/copypaste/actions/runs/32246286421	.github/workflows/ci.yml	CI	282057606	Point Android Kotlin CI at tauri-android	dmytro-yevs	dmytro-yevs
32246286447	1	completed	cancelled	push	main	1c9d90dc67ac9f3d867d7416614254f424c5109e	2026-08-19T11:10:29Z	2026-08-19T11:10:29Z	2026-08-19T11:17:27Z	https://github.com/dmytro-yevs/copypaste/actions/runs/32246286447	.github/workflows/windows-native-e2e.yml	Windows native desktop E2E	330512982	Point Android Kotlin CI at tauri-android	dmytro-yevs	dmytro-yevs
32246286450	1	completed	cancelled	push	main	1c9d90dc67ac9f3d867d7416614254f424c5109e	2026-08-19T11:10:29Z	2026-08-19T11:10:29Z	2026-08-19T11:18:21Z	https://github.com/dmytro-yevs/copypaste/actions/runs/32246286450	.github/workflows/android-emulator.yml	Android emulator	324448484	Point Android Kotlin CI at tauri-android	dmytro-yevs	dmytro-yevs
32246286459	1	completed	success	push	main	1c9d90dc67ac9f3d867d7416614254f424c5109e	2026-08-19T11:10:29Z	2026-08-19T11:10:29Z	2026-08-19T11:11:24Z	https://github.com/dmytro-yevs/copypaste/actions/runs/32246286459	.github/workflows/mutation-gate.yml	Mutation gate	334676987	Point Android Kotlin CI at tauri-android	dmytro-yevs	dmytro-yevs
32246286460	1	completed	cancelled	push	main	1c9d90dc67ac9f3d867d7416614254f424c5109e	2026-08-19T11:10:29Z	2026-08-19T11:10:29Z	2026-08-19T11:17:45Z	https://github.com/dmytro-yevs/copypaste/actions/runs/32246286460	.github/workflows/browser-webkitgtk.yml	Browser (WebKitGTK, Linux)	324698700	Point Android Kotlin CI at tauri-android	dmytro-yevs	dmytro-yevs
32246286588	1	completed	success	push	main	1c9d90dc67ac9f3d867d7416614254f424c5109e	2026-08-19T11:10:29Z	2026-08-19T11:10:29Z	2026-08-19T11:11:23Z	https://github.com/dmytro-yevs/copypaste/actions/runs/32246286588	.github/workflows/supply-chain.yml	Supply chain	323997017	Point Android Kotlin CI at tauri-android	dmytro-yevs	dmytro-yevs
32246837402	1	completed	success	dynamic	main	4b8aee6258a3d74ea008a8d0adaade73a25cfd7d	2026-08-19T11:17:20Z	2026-08-19T11:17:20Z	2026-08-19T11:19:42Z	https://github.com/dmytro-yevs/copypaste/actions/runs/32246837402	dynamic/github-code-scanning/codeql	Push on main	330681135	Push on main	dmytro-yevs	dmytro-yevs
32246837498	1	completed	cancelled	push	main	4b8aee6258a3d74ea008a8d0adaade73a25cfd7d	2026-08-19T11:17:20Z	2026-08-19T11:17:20Z	2026-08-19T11:23:57Z	https://github.com/dmytro-yevs/copypaste/actions/runs/32246837498	.github/workflows/windows-native-e2e.yml	Windows native desktop E2E	330512982	Describe alpha.17 onboarding and security notes	dmytro-yevs	dmytro-yevs
32246837502	1	completed	success	push	main	4b8aee6258a3d74ea008a8d0adaade73a25cfd7d	2026-08-19T11:17:20Z	2026-08-19T11:17:20Z	2026-08-19T11:18:20Z	https://github.com/dmytro-yevs/copypaste/actions/runs/32246837502	.github/workflows/mutation-gate.yml	Mutation gate	334676987	Describe alpha.17 onboarding and security notes	dmytro-yevs	dmytro-yevs
32246837517	1	completed	cancelled	push	main	4b8aee6258a3d74ea008a8d0adaade73a25cfd7d	2026-08-19T11:17:20Z	2026-08-19T11:17:20Z	2026-08-19T11:24:12Z	https://github.com/dmytro-yevs/copypaste/actions/runs/32246837517	.github/workflows/browser-webkitgtk.yml	Browser (WebKitGTK, Linux)	324698700	Describe alpha.17 onboarding and security notes	dmytro-yevs	dmytro-yevs
32246837520	1	completed	cancelled	push	main	4b8aee6258a3d74ea008a8d0adaade73a25cfd7d	2026-08-19T11:17:20Z	2026-08-19T11:17:20Z	2026-08-19T11:24:20Z	https://github.com/dmytro-yevs/copypaste/actions/runs/32246837520	.github/workflows/android-emulator.yml	Android emulator	324448484	Describe alpha.17 onboarding and security notes	dmytro-yevs	dmytro-yevs
32246837588	1	completed	cancelled	push	main	4b8aee6258a3d74ea008a8d0adaade73a25cfd7d	2026-08-19T11:17:20Z	2026-08-19T11:17:20Z	2026-08-19T11:24:57Z	https://github.com/dmytro-yevs/copypaste/actions/runs/32246837588	.github/workflows/ci.yml	CI	282057606	Describe alpha.17 onboarding and security notes	dmytro-yevs	dmytro-yevs
32246837800	1	completed	success	push	main	4b8aee6258a3d74ea008a8d0adaade73a25cfd7d	2026-08-19T11:17:20Z	2026-08-19T11:17:20Z	2026-08-19T11:18:17Z	https://github.com/dmytro-yevs/copypaste/actions/runs/32246837800	.github/workflows/supply-chain.yml	Supply chain	323997017	Describe alpha.17 onboarding and security notes	dmytro-yevs	dmytro-yevs
32247368011	1	completed	success	dynamic	main	8e097bb4636062eb70310ca08c633fad34ea8aaf	2026-08-19T11:23:50Z	2026-08-19T11:23:50Z	2026-08-19T11:26:18Z	https://github.com/dmytro-yevs/copypaste/actions/runs/32247368011	dynamic/github-code-scanning/codeql	Push on main	330681135	Push on main	dmytro-yevs	dmytro-yevs
32247368470	1	completed	cancelled	push	main	8e097bb4636062eb70310ca08c633fad34ea8aaf	2026-08-19T11:23:50Z	2026-08-19T11:23:50Z	2026-08-19T11:38:57Z	https://github.com/dmytro-yevs/copypaste/actions/runs/32247368470	.github/workflows/android-emulator.yml	Android emulator	324448484	Extract embedded backend refusal messages	dmytro-yevs	dmytro-yevs
32247368473	1	completed	cancelled	push	main	8e097bb4636062eb70310ca08c633fad34ea8aaf	2026-08-19T11:23:50Z	2026-08-19T11:23:50Z	2026-08-19T11:38:31Z	https://github.com/dmytro-yevs/copypaste/actions/runs/32247368473	.github/workflows/ci.yml	CI	282057606	Extract embedded backend refusal messages	dmytro-yevs	dmytro-yevs
32247368477	1	completed	success	push	main	8e097bb4636062eb70310ca08c633fad34ea8aaf	2026-08-19T11:23:50Z	2026-08-19T11:23:50Z	2026-08-19T11:24:43Z	https://github.com/dmytro-yevs/copypaste/actions/runs/32247368477	.github/workflows/mutation-gate.yml	Mutation gate	334676987	Extract embedded backend refusal messages	dmytro-yevs	dmytro-yevs
32247368502	1	completed	cancelled	push	main	8e097bb4636062eb70310ca08c633fad34ea8aaf	2026-08-19T11:23:50Z	2026-08-19T11:23:50Z	2026-08-19T11:38:30Z	https://github.com/dmytro-yevs/copypaste/actions/runs/32247368502	.github/workflows/windows-native-e2e.yml	Windows native desktop E2E	330512982	Extract embedded backend refusal messages	dmytro-yevs	dmytro-yevs
32247368516	1	completed	failure	push	main	8e097bb4636062eb70310ca08c633fad34ea8aaf	2026-08-19T11:23:50Z	2026-08-19T11:23:50Z	2026-08-19T11:35:45Z	https://github.com/dmytro-yevs/copypaste/actions/runs/32247368516	.github/workflows/browser-webkitgtk.yml	Browser (WebKitGTK, Linux)	324698700	Extract embedded backend refusal messages	dmytro-yevs	dmytro-yevs
32247368652	1	completed	success	push	main	8e097bb4636062eb70310ca08c633fad34ea8aaf	2026-08-19T11:23:50Z	2026-08-19T11:23:50Z	2026-08-19T11:24:41Z	https://github.com/dmytro-yevs/copypaste/actions/runs/32247368652	.github/workflows/supply-chain.yml	Supply chain	323997017	Extract embedded backend refusal messages	dmytro-yevs	dmytro-yevs
32248569550	1	completed	cancelled	push	main	50905f1410a84d08a8b08db60927b27848671c5e	2026-08-19T11:38:23Z	2026-08-19T11:38:23Z	2026-08-19T11:49:48Z	https://github.com/dmytro-yevs/copypaste/actions/runs/32248569550	.github/workflows/browser-webkitgtk.yml	Browser (WebKitGTK, Linux)	324698700	Fix permission clippy on macOS and Windows	dmytro-yevs	dmytro-yevs
32248569635	1	completed	cancelled	push	main	50905f1410a84d08a8b08db60927b27848671c5e	2026-08-19T11:38:23Z	2026-08-19T11:38:23Z	2026-08-19T11:49:51Z	https://github.com/dmytro-yevs/copypaste/actions/runs/32248569635	.github/workflows/android-emulator.yml	Android emulator	324448484	Fix permission clippy on macOS and Windows	dmytro-yevs	dmytro-yevs
32248569662	1	completed	success	push	main	50905f1410a84d08a8b08db60927b27848671c5e	2026-08-19T11:38:23Z	2026-08-19T11:38:23Z	2026-08-19T11:39:16Z	https://github.com/dmytro-yevs/copypaste/actions/runs/32248569662	.github/workflows/mutation-gate.yml	Mutation gate	334676987	Fix permission clippy on macOS and Windows	dmytro-yevs	dmytro-yevs
32248569689	1	completed	cancelled	push	main	50905f1410a84d08a8b08db60927b27848671c5e	2026-08-19T11:38:23Z	2026-08-19T11:38:23Z	2026-08-19T11:50:21Z	https://github.com/dmytro-yevs/copypaste/actions/runs/32248569689	.github/workflows/ci.yml	CI	282057606	Fix permission clippy on macOS and Windows	dmytro-yevs	dmytro-yevs
32248569823	1	completed	cancelled	push	main	50905f1410a84d08a8b08db60927b27848671c5e	2026-08-19T11:38:23Z	2026-08-19T11:38:23Z	2026-08-19T11:49:37Z	https://github.com/dmytro-yevs/copypaste/actions/runs/32248569823	.github/workflows/windows-native-e2e.yml	Windows native desktop E2E	330512982	Fix permission clippy on macOS and Windows	dmytro-yevs	dmytro-yevs
32248570128	1	completed	success	push	main	50905f1410a84d08a8b08db60927b27848671c5e	2026-08-19T11:38:23Z	2026-08-19T11:38:23Z	2026-08-19T11:39:26Z	https://github.com/dmytro-yevs/copypaste/actions/runs/32248570128	.github/workflows/supply-chain.yml	Supply chain	323997017	Fix permission clippy on macOS and Windows	dmytro-yevs	dmytro-yevs
32248570238	1	completed	success	dynamic	main	50905f1410a84d08a8b08db60927b27848671c5e	2026-08-19T11:38:23Z	2026-08-19T11:38:23Z	2026-08-19T11:40:49Z	https://github.com/dmytro-yevs/copypaste/actions/runs/32248570238	dynamic/github-code-scanning/codeql	Push on main	330681135	Push on main	dmytro-yevs	dmytro-yevs
32249501550	1	completed	success	dynamic	main	3f051d68ede09117f39b1552c2ee0a828e647c68	2026-08-19T11:49:32Z	2026-08-19T11:49:32Z	2026-08-19T11:52:00Z	https://github.com/dmytro-yevs/copypaste/actions/runs/32249501550	dynamic/github-code-scanning/codeql	Push on main	330681135	Push on main	dmytro-yevs	dmytro-yevs
32249502045	1	completed	failure	push	main	3f051d68ede09117f39b1552c2ee0a828e647c68	2026-08-19T11:49:32Z	2026-08-19T11:49:32Z	2026-08-19T11:55:55Z	https://github.com/dmytro-yevs/copypaste/actions/runs/32249502045	.github/workflows/browser-webkitgtk.yml	Browser (WebKitGTK, Linux)	324698700	Count the new permission commands in the handler test	dmytro-yevs	dmytro-yevs
32249502083	1	completed	cancelled	push	main	3f051d68ede09117f39b1552c2ee0a828e647c68	2026-08-19T11:49:32Z	2026-08-19T11:49:32Z	2026-08-19T12:11:03Z	https://github.com/dmytro-yevs/copypaste/actions/runs/32249502083	.github/workflows/ci.yml	CI	282057606	Count the new permission commands in the handler test	dmytro-yevs	dmytro-yevs
32249502084	1	completed	cancelled	push	main	3f051d68ede09117f39b1552c2ee0a828e647c68	2026-08-19T11:49:32Z	2026-08-19T11:49:32Z	2026-08-19T12:10:53Z	https://github.com/dmytro-yevs/copypaste/actions/runs/32249502084	.github/workflows/android-emulator.yml	Android emulator	324448484	Count the new permission commands in the handler test	dmytro-yevs	dmytro-yevs
32249502138	1	completed	success	push	main	3f051d68ede09117f39b1552c2ee0a828e647c68	2026-08-19T11:49:32Z	2026-08-19T11:49:32Z	2026-08-19T11:50:28Z	https://github.com/dmytro-yevs/copypaste/actions/runs/32249502138	.github/workflows/mutation-gate.yml	Mutation gate	334676987	Count the new permission commands in the handler test	dmytro-yevs	dmytro-yevs
32249502169	1	completed	cancelled	push	main	3f051d68ede09117f39b1552c2ee0a828e647c68	2026-08-19T11:49:32Z	2026-08-19T11:49:32Z	2026-08-19T12:10:52Z	https://github.com/dmytro-yevs/copypaste/actions/runs/32249502169	.github/workflows/windows-native-e2e.yml	Windows native desktop E2E	330512982	Count the new permission commands in the handler test	dmytro-yevs	dmytro-yevs
32249502422	1	completed	success	push	main	3f051d68ede09117f39b1552c2ee0a828e647c68	2026-08-19T11:49:33Z	2026-08-19T11:49:33Z	2026-08-19T11:50:39Z	https://github.com/dmytro-yevs/copypaste/actions/runs/32249502422	.github/workflows/supply-chain.yml	Supply chain	323997017	Count the new permission commands in the handler test	dmytro-yevs	dmytro-yevs
32251301941	1	completed	success	push	main	442eb14e689d4cfb2d0f4057685c700af3296ff0	2026-08-19T12:10:46Z	2026-08-19T12:10:46Z	2026-08-19T12:29:58Z	https://github.com/dmytro-yevs/copypaste/actions/runs/32251301941	.github/workflows/ci.yml	CI	282057606	Dismiss first-run setup in native evidence	dmytro-yevs	dmytro-yevs
32251302025	1	completed	cancelled	push	main	442eb14e689d4cfb2d0f4057685c700af3296ff0	2026-08-19T12:10:46Z	2026-08-19T12:10:46Z	2026-08-19T12:31:05Z	https://github.com/dmytro-yevs/copypaste/actions/runs/32251302025	.github/workflows/windows-native-e2e.yml	Windows native desktop E2E	330512982	Dismiss first-run setup in native evidence	dmytro-yevs	dmytro-yevs
32251302028	1	completed	success	dynamic	main	442eb14e689d4cfb2d0f4057685c700af3296ff0	2026-08-19T12:10:46Z	2026-08-19T12:10:46Z	2026-08-19T12:13:12Z	https://github.com/dmytro-yevs/copypaste/actions/runs/32251302028	dynamic/github-code-scanning/codeql	Push on main	330681135	Push on main	dmytro-yevs	dmytro-yevs
32251302050	1	completed	success	push	main	442eb14e689d4cfb2d0f4057685c700af3296ff0	2026-08-19T12:10:46Z	2026-08-19T12:10:46Z	2026-08-19T12:11:45Z	https://github.com/dmytro-yevs/copypaste/actions/runs/32251302050	.github/workflows/mutation-gate.yml	Mutation gate	334676987	Dismiss first-run setup in native evidence	dmytro-yevs	dmytro-yevs
32251302058	1	completed	failure	push	main	442eb14e689d4cfb2d0f4057685c700af3296ff0	2026-08-19T12:10:46Z	2026-08-19T12:10:46Z	2026-08-19T12:17:46Z	https://github.com/dmytro-yevs/copypaste/actions/runs/32251302058	.github/workflows/browser-webkitgtk.yml	Browser (WebKitGTK, Linux)	324698700	Dismiss first-run setup in native evidence	dmytro-yevs	dmytro-yevs
32251302258	1	completed	failure	push	main	442eb14e689d4cfb2d0f4057685c700af3296ff0	2026-08-19T12:10:46Z	2026-08-19T12:10:46Z	2026-08-19T12:34:12Z	https://github.com/dmytro-yevs/copypaste/actions/runs/32251302258	.github/workflows/android-emulator.yml	Android emulator	324448484	Dismiss first-run setup in native evidence	dmytro-yevs	dmytro-yevs
32251302306	1	completed	success	push	main	442eb14e689d4cfb2d0f4057685c700af3296ff0	2026-08-19T12:10:46Z	2026-08-19T12:10:46Z	2026-08-19T12:11:48Z	https://github.com/dmytro-yevs/copypaste/actions/runs/32251302306	.github/workflows/supply-chain.yml	Supply chain	323997017	Dismiss first-run setup in native evidence	dmytro-yevs	dmytro-yevs
32252988474	1	completed	success	dynamic	main	6b5c9a0f918d6b82168483b27c5ccfb5b16d5a9b	2026-08-19T12:30:13Z	2026-08-19T12:30:13Z	2026-08-19T12:33:38Z	https://github.com/dmytro-yevs/copypaste/actions/runs/32252988474	dynamic/github-code-scanning/codeql	Push on main	330681135	Push on main	dmytro-yevs	dmytro-yevs
32252988520	1	completed	success	push	main	6b5c9a0f918d6b82168483b27c5ccfb5b16d5a9b	2026-08-19T12:30:13Z	2026-08-19T12:30:13Z	2026-08-19T12:41:56Z	https://github.com/dmytro-yevs/copypaste/actions/runs/32252988520	.github/workflows/browser-webkitgtk.yml	Browser (WebKitGTK, Linux)	324698700	Skip first-run setup in desktop E2E	dmytro-yevs	dmytro-yevs
32252988523	1	completed	success	push	main	6b5c9a0f918d6b82168483b27c5ccfb5b16d5a9b	2026-08-19T12:30:13Z	2026-08-19T12:30:13Z	2026-08-19T12:30:58Z	https://github.com/dmytro-yevs/copypaste/actions/runs/32252988523	.github/workflows/mutation-gate.yml	Mutation gate	334676987	Skip first-run setup in desktop E2E	dmytro-yevs	dmytro-yevs
32252988525	1	completed	success	push	main	6b5c9a0f918d6b82168483b27c5ccfb5b16d5a9b	2026-08-19T12:30:13Z	2026-08-19T12:30:13Z	2026-08-19T12:42:46Z	https://github.com/dmytro-yevs/copypaste/actions/runs/32252988525	.github/workflows/ci.yml	CI	282057606	Skip first-run setup in desktop E2E	dmytro-yevs	dmytro-yevs
32252988536	1	completed	success	push	main	6b5c9a0f918d6b82168483b27c5ccfb5b16d5a9b	2026-08-19T12:30:13Z	2026-08-19T12:30:13Z	2026-08-19T12:49:16Z	https://github.com/dmytro-yevs/copypaste/actions/runs/32252988536	.github/workflows/windows-native-e2e.yml	Windows native desktop E2E	330512982	Skip first-run setup in desktop E2E	dmytro-yevs	dmytro-yevs
32252988752	1	completed	success	push	main	6b5c9a0f918d6b82168483b27c5ccfb5b16d5a9b	2026-08-19T12:30:14Z	2026-08-19T12:30:14Z	2026-08-19T12:31:26Z	https://github.com/dmytro-yevs/copypaste/actions/runs/32252988752	.github/workflows/supply-chain.yml	Supply chain	323997017	Skip first-run setup in desktop E2E	dmytro-yevs	dmytro-yevs
32255359498	1	completed	success	push	main	8106244990fa455f418133440f3a238d1cc59ced	2026-08-19T12:56:59Z	2026-08-19T12:56:59Z	2026-08-19T13:04:34Z	https://github.com/dmytro-yevs/copypaste/actions/runs/32255359498	.github/workflows/browser-webkitgtk.yml	Browser (WebKitGTK, Linux)	324698700	Skip first-run setup in Android E2E	dmytro-yevs	dmytro-yevs
32255359499	1	completed	success	push	main	8106244990fa455f418133440f3a238d1cc59ced	2026-08-19T12:56:59Z	2026-08-19T12:56:59Z	2026-08-19T12:57:47Z	https://github.com/dmytro-yevs/copypaste/actions/runs/32255359499	.github/workflows/mutation-gate.yml	Mutation gate	334676987	Skip first-run setup in Android E2E	dmytro-yevs	dmytro-yevs
32255359523	1	completed	success	push	main	8106244990fa455f418133440f3a238d1cc59ced	2026-08-19T12:56:59Z	2026-08-19T12:56:59Z	2026-08-19T13:09:52Z	https://github.com/dmytro-yevs/copypaste/actions/runs/32255359523	.github/workflows/ci.yml	CI	282057606	Skip first-run setup in Android E2E	dmytro-yevs	dmytro-yevs
32255359529	1	completed	success	push	main	8106244990fa455f418133440f3a238d1cc59ced	2026-08-19T12:56:59Z	2026-08-19T12:56:59Z	2026-08-19T13:04:55Z	https://github.com/dmytro-yevs/copypaste/actions/runs/32255359529	.github/workflows/windows-native-e2e.yml	Windows native desktop E2E	330512982	Skip first-run setup in Android E2E	dmytro-yevs	dmytro-yevs
32255359535	1	completed	success	push	main	8106244990fa455f418133440f3a238d1cc59ced	2026-08-19T12:56:59Z	2026-08-19T12:56:59Z	2026-08-19T13:20:51Z	https://github.com/dmytro-yevs/copypaste/actions/runs/32255359535	.github/workflows/android-emulator.yml	Android emulator	324448484	Skip first-run setup in Android E2E	dmytro-yevs	dmytro-yevs
32255359697	1	completed	success	dynamic	main	8106244990fa455f418133440f3a238d1cc59ced	2026-08-19T12:56:59Z	2026-08-19T12:56:59Z	2026-08-19T13:00:20Z	https://github.com/dmytro-yevs/copypaste/actions/runs/32255359697	dynamic/github-code-scanning/codeql	Push on main	330681135	Push on main	dmytro-yevs	dmytro-yevs
32255359784	1	completed	success	push	main	8106244990fa455f418133440f3a238d1cc59ced	2026-08-19T12:56:59Z	2026-08-19T12:56:59Z	2026-08-19T12:58:16Z	https://github.com/dmytro-yevs/copypaste/actions/runs/32255359784	.github/workflows/supply-chain.yml	Supply chain	323997017	Skip first-run setup in Android E2E	dmytro-yevs	dmytro-yevs
32258287197	1	completed	cancelled	push	v2.0.0-alpha.17	8106244990fa455f418133440f3a238d1cc59ced	2026-08-19T13:28:26Z	2026-08-19T13:28:26Z	2026-08-19T20:25:12Z	https://github.com/dmytro-yevs/copypaste/actions/runs/32258287197	.github/workflows/release.yml	Release	282057609	Skip first-run setup in Android E2E	dmytro-yevs	dmytro-yevs
32260232630	1	completed	success	dynamic	main	07e988e4dbf79c037bccb98e5a5a7420d1e33e0f	2026-08-19T13:48:36Z	2026-08-19T13:48:36Z	2026-08-19T13:51:31Z	https://github.com/dmytro-yevs/copypaste/actions/runs/32260232630	dynamic/github-code-scanning/codeql	Push on main	330681135	Push on main	dmytro-yevs	dmytro-yevs
32260232872	1	completed	success	push	main	07e988e4dbf79c037bccb98e5a5a7420d1e33e0f	2026-08-19T13:48:36Z	2026-08-19T13:48:36Z	2026-08-19T13:56:43Z	https://github.com/dmytro-yevs/copypaste/actions/runs/32260232872	.github/workflows/browser-webkitgtk.yml	Browser (WebKitGTK, Linux)	324698700	Install macOS release Python deps in a venv	dmytro-yevs	dmytro-yevs
32260232882	1	completed	cancelled	push	main	07e988e4dbf79c037bccb98e5a5a7420d1e33e0f	2026-08-19T13:48:36Z	2026-08-19T13:48:36Z	2026-08-19T13:58:48Z	https://github.com/dmytro-yevs/copypaste/actions/runs/32260232882	.github/workflows/ci.yml	CI	282057606	Install macOS release Python deps in a venv	dmytro-yevs	dmytro-yevs
32260232908	1	completed	cancelled	push	main	07e988e4dbf79c037bccb98e5a5a7420d1e33e0f	2026-08-19T13:48:36Z	2026-08-19T13:48:36Z	2026-08-19T13:58:47Z	https://github.com/dmytro-yevs/copypaste/actions/runs/32260232908	.github/workflows/windows-native-e2e.yml	Windows native desktop E2E	330512982	Install macOS release Python deps in a venv	dmytro-yevs	dmytro-yevs
32260232936	1	completed	failure	push	main	07e988e4dbf79c037bccb98e5a5a7420d1e33e0f	2026-08-19T13:48:36Z	2026-08-19T13:48:36Z	2026-08-19T13:49:29Z	https://github.com/dmytro-yevs/copypaste/actions/runs/32260232936	.github/workflows/mutation-gate.yml	Mutation gate	334676987	Install macOS release Python deps in a venv	dmytro-yevs	dmytro-yevs
32260233128	1	completed	success	push	main	07e988e4dbf79c037bccb98e5a5a7420d1e33e0f	2026-08-19T13:48:36Z	2026-08-19T13:48:36Z	2026-08-19T13:49:41Z	https://github.com/dmytro-yevs/copypaste/actions/runs/32260233128	.github/workflows/supply-chain.yml	Supply chain	323997017	Install macOS release Python deps in a venv	dmytro-yevs	dmytro-yevs
32261182343	1	completed	success	dynamic	main	bbe19325ccb64fca52f3a4cb1858d1f0961c676c	2026-08-19T13:58:04Z	2026-08-19T13:58:04Z	2026-08-19T14:00:41Z	https://github.com/dmytro-yevs/copypaste/actions/runs/32261182343	dynamic/github-code-scanning/codeql	Push on main	330681135	Push on main	dmytro-yevs	dmytro-yevs
32261186397	1	completed	success	push	main	bbe19325ccb64fca52f3a4cb1858d1f0961c676c	2026-08-19T13:58:06Z	2026-08-19T13:58:06Z	2026-08-19T14:06:40Z	https://github.com/dmytro-yevs/copypaste/actions/runs/32261186397	.github/workflows/windows-native-e2e.yml	Windows native desktop E2E	330512982	Count quoted venv pip as a requirements install	dmytro-yevs	dmytro-yevs
32261186705	1	completed	success	push	main	bbe19325ccb64fca52f3a4cb1858d1f0961c676c	2026-08-19T13:58:06Z	2026-08-19T13:58:06Z	2026-08-19T14:13:28Z	https://github.com/dmytro-yevs/copypaste/actions/runs/32261186705	.github/workflows/ci.yml	CI	282057606	Count quoted venv pip as a requirements install	dmytro-yevs	dmytro-yevs
32261186853	1	completed	success	push	main	bbe19325ccb64fca52f3a4cb1858d1f0961c676c	2026-08-19T13:58:07Z	2026-08-19T13:58:07Z	2026-08-19T13:59:02Z	https://github.com/dmytro-yevs/copypaste/actions/runs/32261186853	.github/workflows/mutation-gate.yml	Mutation gate	334676987	Count quoted venv pip as a requirements install	dmytro-yevs	dmytro-yevs
32261187865	1	completed	success	push	main	bbe19325ccb64fca52f3a4cb1858d1f0961c676c	2026-08-19T13:58:07Z	2026-08-19T13:58:07Z	2026-08-19T13:58:58Z	https://github.com/dmytro-yevs/copypaste/actions/runs/32261187865	.github/workflows/supply-chain.yml	Supply chain	323997017	Count quoted venv pip as a requirements install	dmytro-yevs	dmytro-yevs
32261188143	1	completed	success	push	main	bbe19325ccb64fca52f3a4cb1858d1f0961c676c	2026-08-19T13:58:07Z	2026-08-19T13:58:07Z	2026-08-19T14:05:24Z	https://github.com/dmytro-yevs/copypaste/actions/runs/32261188143	.github/workflows/browser-webkitgtk.yml	Browser (WebKitGTK, Linux)	324698700	Count quoted venv pip as a requirements install	dmytro-yevs	dmytro-yevs
32263859426	1	completed	success	dynamic	main	54b166ec98ed46c041213ab88b6fe46d88249ab3	2026-08-19T14:24:49Z	2026-08-19T14:24:49Z	2026-08-19T14:26:52Z	https://github.com/dmytro-yevs/copypaste/actions/runs/32263859426	dynamic/github-code-scanning/codeql	Push on main	330681135	Push on main	dmytro-yevs	dmytro-yevs
32263860166	1	completed	success	push	main	54b166ec98ed46c041213ab88b6fe46d88249ab3	2026-08-19T14:24:50Z	2026-08-19T14:24:50Z	2026-08-19T14:25:44Z	https://github.com/dmytro-yevs/copypaste/actions/runs/32263860166	.github/workflows/mutation-gate.yml	Mutation gate	334676987	Bump to 2.0.0-alpha.18 and trust the Windows release cert	dmytro-yevs	dmytro-yevs
32263860168	1	completed	success	push	main	54b166ec98ed46c041213ab88b6fe46d88249ab3	2026-08-19T14:24:50Z	2026-08-19T14:24:50Z	2026-08-19T14:53:11Z	https://github.com/dmytro-yevs/copypaste/actions/runs/32263860168	.github/workflows/android-emulator.yml	Android emulator	324448484	Bump to 2.0.0-alpha.18 and trust the Windows release cert	dmytro-yevs	dmytro-yevs
32263860176	1	completed	success	push	main	54b166ec98ed46c041213ab88b6fe46d88249ab3	2026-08-19T14:24:50Z	2026-08-19T14:24:50Z	2026-08-19T14:42:46Z	https://github.com/dmytro-yevs/copypaste/actions/runs/32263860176	.github/workflows/ci.yml	CI	282057606	Bump to 2.0.0-alpha.18 and trust the Windows release cert	dmytro-yevs	dmytro-yevs
32263860196	1	completed	success	push	main	54b166ec98ed46c041213ab88b6fe46d88249ab3	2026-08-19T14:24:50Z	2026-08-19T14:24:50Z	2026-08-19T14:32:47Z	https://github.com/dmytro-yevs/copypaste/actions/runs/32263860196	.github/workflows/windows-native-e2e.yml	Windows native desktop E2E	330512982	Bump to 2.0.0-alpha.18 and trust the Windows release cert	dmytro-yevs	dmytro-yevs
32263860239	1	completed	success	push	main	54b166ec98ed46c041213ab88b6fe46d88249ab3	2026-08-19T14:24:50Z	2026-08-19T14:24:50Z	2026-08-19T14:32:48Z	https://github.com/dmytro-yevs/copypaste/actions/runs/32263860239	.github/workflows/browser-webkitgtk.yml	Browser (WebKitGTK, Linux)	324698700	Bump to 2.0.0-alpha.18 and trust the Windows release cert	dmytro-yevs	dmytro-yevs
32263860373	1	completed	success	push	main	54b166ec98ed46c041213ab88b6fe46d88249ab3	2026-08-19T14:24:50Z	2026-08-19T14:24:50Z	2026-08-19T14:26:30Z	https://github.com/dmytro-yevs/copypaste/actions/runs/32263860373	.github/workflows/supply-chain.yml	Supply chain	323997017	Bump to 2.0.0-alpha.18 and trust the Windows release cert	dmytro-yevs	dmytro-yevs
32266762023	1	completed	cancelled	push	v2.0.0-alpha.18	54b166ec98ed46c041213ab88b6fe46d88249ab3	2026-08-19T14:53:49Z	2026-08-19T14:53:49Z	2026-08-19T20:25:10Z	https://github.com/dmytro-yevs/copypaste/actions/runs/32266762023	.github/workflows/release.yml	Release	282057609	Bump to 2.0.0-alpha.18 and trust the Windows release cert	dmytro-yevs	dmytro-yevs
32298941878	1	completed	success	dynamic	main	6852160dfe38cb369d29a537359299f0f6ff75c5	2026-08-19T20:30:57Z	2026-08-19T20:30:57Z	2026-08-19T20:33:28Z	https://github.com/dmytro-yevs/copypaste/actions/runs/32298941878	dynamic/github-code-scanning/codeql	Push on main	330681135	Push on main	dmytro-yevs	dmytro-yevs
32298942874	1	completed	success	push	main	6852160dfe38cb369d29a537359299f0f6ff75c5	2026-08-19T20:30:58Z	2026-08-19T20:30:58Z	2026-08-19T20:45:20Z	https://github.com/dmytro-yevs/copypaste/actions/runs/32298942874	.github/workflows/ci.yml	CI	282057606	Drop the physical Android publish gate and cut alpha.19	dmytro-yevs	dmytro-yevs
32298942923	1	completed	success	push	main	6852160dfe38cb369d29a537359299f0f6ff75c5	2026-08-19T20:30:58Z	2026-08-19T20:30:58Z	2026-08-19T20:31:54Z	https://github.com/dmytro-yevs/copypaste/actions/runs/32298942923	.github/workflows/mutation-gate.yml	Mutation gate	334676987	Drop the physical Android publish gate and cut alpha.19	dmytro-yevs	dmytro-yevs
32298942972	1	completed	success	push	main	6852160dfe38cb369d29a537359299f0f6ff75c5	2026-08-19T20:30:58Z	2026-08-19T20:30:58Z	2026-08-19T20:39:15Z	https://github.com/dmytro-yevs/copypaste/actions/runs/32298942972	.github/workflows/browser-webkitgtk.yml	Browser (WebKitGTK, Linux)	324698700	Drop the physical Android publish gate and cut alpha.19	dmytro-yevs	dmytro-yevs
32298943002	1	completed	success	push	main	6852160dfe38cb369d29a537359299f0f6ff75c5	2026-08-19T20:30:58Z	2026-08-19T20:30:58Z	2026-08-19T20:53:11Z	https://github.com/dmytro-yevs/copypaste/actions/runs/32298943002	.github/workflows/android-emulator.yml	Android emulator	324448484	Drop the physical Android publish gate and cut alpha.19	dmytro-yevs	dmytro-yevs
32298943028	1	completed	success	push	main	6852160dfe38cb369d29a537359299f0f6ff75c5	2026-08-19T20:30:58Z	2026-08-19T20:30:58Z	2026-08-19T20:40:21Z	https://github.com/dmytro-yevs/copypaste/actions/runs/32298943028	.github/workflows/windows-native-e2e.yml	Windows native desktop E2E	330512982	Drop the physical Android publish gate and cut alpha.19	dmytro-yevs	dmytro-yevs
32298944585	1	completed	success	push	main	6852160dfe38cb369d29a537359299f0f6ff75c5	2026-08-19T20:30:59Z	2026-08-19T20:30:59Z	2026-08-19T20:32:45Z	https://github.com/dmytro-yevs/copypaste/actions/runs/32298944585	.github/workflows/supply-chain.yml	Supply chain	323997017	Drop the physical Android publish gate and cut alpha.19	dmytro-yevs	dmytro-yevs
32299055979	1	completed	failure	push	v2.0.0-alpha.19	6852160dfe38cb369d29a537359299f0f6ff75c5	2026-08-19T20:32:12Z	2026-08-19T20:32:12Z	2026-08-19T21:33:16Z	https://github.com/dmytro-yevs/copypaste/actions/runs/32299055979	.github/workflows/release.yml	Release	282057609	Drop the physical Android publish gate and cut alpha.19	dmytro-yevs	dmytro-yevs
32333717012	1	completed	failure	schedule	main	6852160dfe38cb369d29a537359299f0f6ff75c5	2026-08-20T04:56:33Z	2026-08-20T04:56:33Z	2026-08-20T05:50:12Z	https://github.com/dmytro-yevs/copypaste/actions/runs/32333717012	.github/workflows/native-nightly.yml	Nightly native matrix	330512981	Nightly native matrix	dmytro-yevs	dmytro-yevs
32352552931	1	completed	success	dynamic	main	05983c28068cb78f3497bfa46c61cccc58105a2a	2026-08-20T09:10:52Z	2026-08-20T09:10:52Z	2026-08-20T09:15:15Z	https://github.com/dmytro-yevs/copypaste/actions/runs/32352552931	dynamic/github-code-scanning/codeql	Push on main	330681135	Push on main	dmytro-yevs	dmytro-yevs
32352553279	1	completed	success	push	main	05983c28068cb78f3497bfa46c61cccc58105a2a	2026-08-20T09:10:52Z	2026-08-20T09:10:52Z	2026-08-20T09:29:12Z	https://github.com/dmytro-yevs/copypaste/actions/runs/32352553279	.github/workflows/windows-native-e2e.yml	Windows native desktop E2E	330512982	Unblock alpha.20 release publish gates	dmytro-yevs	dmytro-yevs
32352553285	1	completed	success	push	main	05983c28068cb78f3497bfa46c61cccc58105a2a	2026-08-20T09:10:52Z	2026-08-20T09:10:52Z	2026-08-20T09:11:50Z	https://github.com/dmytro-yevs/copypaste/actions/runs/32352553285	.github/workflows/mutation-gate.yml	Mutation gate	334676987	Unblock alpha.20 release publish gates	dmytro-yevs	dmytro-yevs
32352553311	1	completed	failure	push	main	05983c28068cb78f3497bfa46c61cccc58105a2a	2026-08-20T09:10:52Z	2026-08-20T09:10:52Z	2026-08-20T09:22:33Z	https://github.com/dmytro-yevs/copypaste/actions/runs/32352553311	.github/workflows/ci.yml	CI	282057606	Unblock alpha.20 release publish gates	dmytro-yevs	dmytro-yevs
32352553316	1	completed	success	push	main	05983c28068cb78f3497bfa46c61cccc58105a2a	2026-08-20T09:10:52Z	2026-08-20T09:10:52Z	2026-08-20T09:18:42Z	https://github.com/dmytro-yevs/copypaste/actions/runs/32352553316	.github/workflows/browser-webkitgtk.yml	Browser (WebKitGTK, Linux)	324698700	Unblock alpha.20 release publish gates	dmytro-yevs	dmytro-yevs
32352553378	1	completed	success	push	main	05983c28068cb78f3497bfa46c61cccc58105a2a	2026-08-20T09:10:52Z	2026-08-20T09:10:52Z	2026-08-20T09:34:31Z	https://github.com/dmytro-yevs/copypaste/actions/runs/32352553378	.github/workflows/android-emulator.yml	Android emulator	324448484	Unblock alpha.20 release publish gates	dmytro-yevs	dmytro-yevs
32352553588	1	completed	success	push	main	05983c28068cb78f3497bfa46c61cccc58105a2a	2026-08-20T09:10:52Z	2026-08-20T09:10:52Z	2026-08-20T09:11:46Z	https://github.com/dmytro-yevs/copypaste/actions/runs/32352553588	.github/workflows/supply-chain.yml	Supply chain	323997017	Unblock alpha.20 release publish gates	dmytro-yevs	dmytro-yevs
32352556947	1	completed	failure	push	v2.0.0-alpha.20	05983c28068cb78f3497bfa46c61cccc58105a2a	2026-08-20T09:10:55Z	2026-08-20T09:10:55Z	2026-08-20T10:12:15Z	https://github.com/dmytro-yevs/copypaste/actions/runs/32352556947	.github/workflows/release.yml	Release	282057609	Unblock alpha.20 release publish gates	dmytro-yevs	dmytro-yevs
32356867508	1	completed	success	push	main	ed189f3b40c93fac9bba93e09e8c48bebc1983f5	2026-08-20T10:01:42Z	2026-08-20T10:01:42Z	2026-08-20T10:09:50Z	https://github.com/dmytro-yevs/copypaste/actions/runs/32356867508	.github/workflows/windows-native-e2e.yml	Windows native desktop E2E	330512982	Fix alpha.21 publish blockers after alpha.20	dmytro-yevs	dmytro-yevs
32356867519	1	completed	success	push	main	ed189f3b40c93fac9bba93e09e8c48bebc1983f5	2026-08-20T10:01:42Z	2026-08-20T10:01:42Z	2026-08-20T10:29:34Z	https://github.com/dmytro-yevs/copypaste/actions/runs/32356867519	.github/workflows/android-emulator.yml	Android emulator	324448484	Fix alpha.21 publish blockers after alpha.20	dmytro-yevs	dmytro-yevs
32356867532	1	completed	failure	push	main	ed189f3b40c93fac9bba93e09e8c48bebc1983f5	2026-08-20T10:01:42Z	2026-08-20T10:01:42Z	2026-08-20T10:16:25Z	https://github.com/dmytro-yevs/copypaste/actions/runs/32356867532	.github/workflows/ci.yml	CI	282057606	Fix alpha.21 publish blockers after alpha.20	dmytro-yevs	dmytro-yevs
32356867539	1	completed	success	push	main	ed189f3b40c93fac9bba93e09e8c48bebc1983f5	2026-08-20T10:01:42Z	2026-08-20T10:01:42Z	2026-08-20T10:09:14Z	https://github.com/dmytro-yevs/copypaste/actions/runs/32356867539	.github/workflows/browser-webkitgtk.yml	Browser (WebKitGTK, Linux)	324698700	Fix alpha.21 publish blockers after alpha.20	dmytro-yevs	dmytro-yevs
32356867547	1	completed	success	push	main	ed189f3b40c93fac9bba93e09e8c48bebc1983f5	2026-08-20T10:01:42Z	2026-08-20T10:01:42Z	2026-08-20T10:02:33Z	https://github.com/dmytro-yevs/copypaste/actions/runs/32356867547	.github/workflows/mutation-gate.yml	Mutation gate	334676987	Fix alpha.21 publish blockers after alpha.20	dmytro-yevs	dmytro-yevs
32356867958	1	completed	success	push	main	ed189f3b40c93fac9bba93e09e8c48bebc1983f5	2026-08-20T10:01:42Z	2026-08-20T10:01:42Z	2026-08-20T10:04:26Z	https://github.com/dmytro-yevs/copypaste/actions/runs/32356867958	.github/workflows/supply-chain.yml	Supply chain	323997017	Fix alpha.21 publish blockers after alpha.20	dmytro-yevs	dmytro-yevs
32356870843	1	completed	failure	push	v2.0.0-alpha.21	ed189f3b40c93fac9bba93e09e8c48bebc1983f5	2026-08-20T10:01:44Z	2026-08-20T10:01:44Z	2026-08-20T11:03:10Z	https://github.com/dmytro-yevs/copypaste/actions/runs/32356870843	.github/workflows/release.yml	Release	282057609	Fix alpha.21 publish blockers after alpha.20	dmytro-yevs	dmytro-yevs
32356884111	1	completed	success	dynamic	main	ed189f3b40c93fac9bba93e09e8c48bebc1983f5	2026-08-20T10:01:54Z	2026-08-20T10:01:54Z	2026-08-20T10:06:13Z	https://github.com/dmytro-yevs/copypaste/actions/runs/32356884111	dynamic/github-code-scanning/codeql	Push on main	330681135	Push on main	dmytro-yevs	dmytro-yevs
32362573349	1	completed	success	dynamic	main	c70b1dce65cc42edd788971407b0144333c9ec95	2026-08-20T11:11:13Z	2026-08-20T11:11:13Z	2026-08-20T11:15:18Z	https://github.com/dmytro-yevs/copypaste/actions/runs/32362573349	dynamic/github-code-scanning/codeql	Push on main	330681135	Push on main	dmytro-yevs	dmytro-yevs
32362573880	1	completed	success	push	main	c70b1dce65cc42edd788971407b0144333c9ec95	2026-08-20T11:11:13Z	2026-08-20T11:11:13Z	2026-08-20T11:19:15Z	https://github.com/dmytro-yevs/copypaste/actions/runs/32362573880	.github/workflows/browser-webkitgtk.yml	Browser (WebKitGTK, Linux)	324698700	Expose WKWebView AX for macOS cloud evidence	dmytro-yevs	dmytro-yevs
32362573903	1	completed	failure	push	main	c70b1dce65cc42edd788971407b0144333c9ec95	2026-08-20T11:11:13Z	2026-08-20T11:11:13Z	2026-08-20T11:32:16Z	https://github.com/dmytro-yevs/copypaste/actions/runs/32362573903	.github/workflows/ci.yml	CI	282057606	Expose WKWebView AX for macOS cloud evidence	dmytro-yevs	dmytro-yevs
32362573908	1	completed	success	push	main	c70b1dce65cc42edd788971407b0144333c9ec95	2026-08-20T11:11:13Z	2026-08-20T11:11:13Z	2026-08-20T11:12:06Z	https://github.com/dmytro-yevs/copypaste/actions/runs/32362573908	.github/workflows/supply-chain.yml	Supply chain	323997017	Expose WKWebView AX for macOS cloud evidence	dmytro-yevs	dmytro-yevs
32362573920	1	completed	success	push	main	c70b1dce65cc42edd788971407b0144333c9ec95	2026-08-20T11:11:13Z	2026-08-20T11:11:13Z	2026-08-20T11:26:25Z	https://github.com/dmytro-yevs/copypaste/actions/runs/32362573920	.github/workflows/windows-native-e2e.yml	Windows native desktop E2E	330512982	Expose WKWebView AX for macOS cloud evidence	dmytro-yevs	dmytro-yevs
32362573936	1	completed	success	push	main	c70b1dce65cc42edd788971407b0144333c9ec95	2026-08-20T11:11:13Z	2026-08-20T11:11:13Z	2026-08-20T11:35:25Z	https://github.com/dmytro-yevs/copypaste/actions/runs/32362573936	.github/workflows/android-emulator.yml	Android emulator	324448484	Expose WKWebView AX for macOS cloud evidence	dmytro-yevs	dmytro-yevs
32362574002	1	completed	success	push	main	c70b1dce65cc42edd788971407b0144333c9ec95	2026-08-20T11:11:13Z	2026-08-20T11:11:13Z	2026-08-20T11:12:09Z	https://github.com/dmytro-yevs/copypaste/actions/runs/32362574002	.github/workflows/mutation-gate.yml	Mutation gate	334676987	Expose WKWebView AX for macOS cloud evidence	dmytro-yevs	dmytro-yevs
32362576325	1	completed	failure	push	v2.0.0-alpha.22	c70b1dce65cc42edd788971407b0144333c9ec95	2026-08-20T11:11:15Z	2026-08-20T11:11:15Z	2026-08-20T12:12:27Z	https://github.com/dmytro-yevs/copypaste/actions/runs/32362576325	.github/workflows/release.yml	Release	282057609	Expose WKWebView AX for macOS cloud evidence	dmytro-yevs	dmytro-yevs
32367887265	1	completed	success	push	main	02ef5aa4aa8a2b2798854262f030b29e475665c0	2026-08-20T12:15:14Z	2026-08-20T12:15:14Z	2026-08-20T12:23:20Z	https://github.com/dmytro-yevs/copypaste/actions/runs/32367887265	.github/workflows/windows-native-e2e.yml	Windows native desktop E2E	330512982	Report macOS cloud UI AX instead of blocking release	dmytro-yevs	dmytro-yevs
32367887300	1	completed	failure	push	main	02ef5aa4aa8a2b2798854262f030b29e475665c0	2026-08-20T12:15:14Z	2026-08-20T12:15:14Z	2026-08-20T12:43:41Z	https://github.com/dmytro-yevs/copypaste/actions/runs/32367887300	.github/workflows/android-emulator.yml	Android emulator	324448484	Report macOS cloud UI AX instead of blocking release	dmytro-yevs	dmytro-yevs
32367887347	1	completed	success	push	main	02ef5aa4aa8a2b2798854262f030b29e475665c0	2026-08-20T12:15:14Z	2026-08-20T12:15:14Z	2026-08-20T12:23:04Z	https://github.com/dmytro-yevs/copypaste/actions/runs/32367887347	.github/workflows/browser-webkitgtk.yml	Browser (WebKitGTK, Linux)	324698700	Report macOS cloud UI AX instead of blocking release	dmytro-yevs	dmytro-yevs
32367887393	1	completed	success	push	main	02ef5aa4aa8a2b2798854262f030b29e475665c0	2026-08-20T12:15:14Z	2026-08-20T12:15:14Z	2026-08-20T12:16:06Z	https://github.com/dmytro-yevs/copypaste/actions/runs/32367887393	.github/workflows/mutation-gate.yml	Mutation gate	334676987	Report macOS cloud UI AX instead of blocking release	dmytro-yevs	dmytro-yevs
32367887404	1	completed	failure	push	main	02ef5aa4aa8a2b2798854262f030b29e475665c0	2026-08-20T12:15:14Z	2026-08-20T12:15:14Z	2026-08-20T12:26:50Z	https://github.com/dmytro-yevs/copypaste/actions/runs/32367887404	.github/workflows/ci.yml	CI	282057606	Report macOS cloud UI AX instead of blocking release	dmytro-yevs	dmytro-yevs
32367887470	1	completed	success	push	main	02ef5aa4aa8a2b2798854262f030b29e475665c0	2026-08-20T12:15:14Z	2026-08-20T12:15:14Z	2026-08-20T12:16:20Z	https://github.com/dmytro-yevs/copypaste/actions/runs/32367887470	.github/workflows/supply-chain.yml	Supply chain	323997017	Report macOS cloud UI AX instead of blocking release	dmytro-yevs	dmytro-yevs
32367887484	1	completed	success	dynamic	main	02ef5aa4aa8a2b2798854262f030b29e475665c0	2026-08-20T12:15:14Z	2026-08-20T12:15:14Z	2026-08-20T12:18:10Z	https://github.com/dmytro-yevs/copypaste/actions/runs/32367887484	dynamic/github-code-scanning/codeql	Push on main	330681135	Push on main	dmytro-yevs	dmytro-yevs
32367890650	1	completed	cancelled	push	v2.0.0-alpha.23	02ef5aa4aa8a2b2798854262f030b29e475665c0	2026-08-20T12:15:16Z	2026-08-20T12:15:16Z	2026-08-20T13:17:24Z	https://github.com/dmytro-yevs/copypaste/actions/runs/32367890650	.github/workflows/release.yml	Release	282057609	Report macOS cloud UI AX instead of blocking release	dmytro-yevs	dmytro-yevs
32373573404	1	completed	success	dynamic	main	7652c13f82a2d62b10cc565cd04a2370212ef3c9	2026-08-20T13:19:02Z	2026-08-20T13:19:02Z	2026-08-20T13:23:05Z	https://github.com/dmytro-yevs/copypaste/actions/runs/32373573404	dynamic/github-code-scanning/codeql	Push on main	330681135	Push on main	dmytro-yevs	dmytro-yevs
32373573802	1	completed	failure	push	main	7652c13f82a2d62b10cc565cd04a2370212ef3c9	2026-08-20T13:19:02Z	2026-08-20T13:19:02Z	2026-08-20T13:40:26Z	https://github.com/dmytro-yevs/copypaste/actions/runs/32373573802	.github/workflows/ci.yml	CI	282057606	Unhang Windows release cert trust import	dmytro-yevs	dmytro-yevs
32373573824	1	completed	success	push	main	7652c13f82a2d62b10cc565cd04a2370212ef3c9	2026-08-20T13:19:02Z	2026-08-20T13:19:02Z	2026-08-20T13:27:59Z	https://github.com/dmytro-yevs/copypaste/actions/runs/32373573824	.github/workflows/windows-native-e2e.yml	Windows native desktop E2E	330512982	Unhang Windows release cert trust import	dmytro-yevs	dmytro-yevs
32373573839	1	completed	success	push	main	7652c13f82a2d62b10cc565cd04a2370212ef3c9	2026-08-20T13:19:02Z	2026-08-20T13:19:02Z	2026-08-20T13:27:35Z	https://github.com/dmytro-yevs/copypaste/actions/runs/32373573839	.github/workflows/browser-webkitgtk.yml	Browser (WebKitGTK, Linux)	324698700	Unhang Windows release cert trust import	dmytro-yevs	dmytro-yevs
32373573888	1	completed	success	push	main	7652c13f82a2d62b10cc565cd04a2370212ef3c9	2026-08-20T13:19:02Z	2026-08-20T13:19:02Z	2026-08-20T13:43:19Z	https://github.com/dmytro-yevs/copypaste/actions/runs/32373573888	.github/workflows/android-emulator.yml	Android emulator	324448484	Unhang Windows release cert trust import	dmytro-yevs	dmytro-yevs
32373573917	1	completed	success	push	main	7652c13f82a2d62b10cc565cd04a2370212ef3c9	2026-08-20T13:19:02Z	2026-08-20T13:19:02Z	2026-08-20T13:20:09Z	https://github.com/dmytro-yevs/copypaste/actions/runs/32373573917	.github/workflows/mutation-gate.yml	Mutation gate	334676987	Unhang Windows release cert trust import	dmytro-yevs	dmytro-yevs
32373574607	1	completed	success	push	main	7652c13f82a2d62b10cc565cd04a2370212ef3c9	2026-08-20T13:19:02Z	2026-08-20T13:19:02Z	2026-08-20T13:20:00Z	https://github.com/dmytro-yevs/copypaste/actions/runs/32373574607	.github/workflows/supply-chain.yml	Supply chain	323997017	Unhang Windows release cert trust import	dmytro-yevs	dmytro-yevs
32373577122	1	completed	cancelled	push	v2.0.0-alpha.24	7652c13f82a2d62b10cc565cd04a2370212ef3c9	2026-08-20T13:19:04Z	2026-08-20T13:19:04Z	2026-08-20T14:20:28Z	https://github.com/dmytro-yevs/copypaste/actions/runs/32373577122	.github/workflows/release.yml	Release	282057609	Unhang Windows release cert trust import	dmytro-yevs	dmytro-yevs
32376755071	1	completed	failure	push	main	5aede0c780589ddbcab69232cb211d1b2ca5c369	2026-08-20T13:52:27Z	2026-08-20T13:52:27Z	2026-08-20T14:14:02Z	https://github.com/dmytro-yevs/copypaste/actions/runs/32376755071	.github/workflows/ci.yml	CI	282057606	Stop hanging Windows cert import on release CI	dmytro-yevs	dmytro-yevs
32376755144	1	completed	success	push	main	5aede0c780589ddbcab69232cb211d1b2ca5c369	2026-08-20T13:52:27Z	2026-08-20T13:52:27Z	2026-08-20T14:00:25Z	https://github.com/dmytro-yevs/copypaste/actions/runs/32376755144	.github/workflows/windows-native-e2e.yml	Windows native desktop E2E	330512982	Stop hanging Windows cert import on release CI	dmytro-yevs	dmytro-yevs
32376755152	1	completed	success	push	main	5aede0c780589ddbcab69232cb211d1b2ca5c369	2026-08-20T13:52:27Z	2026-08-20T13:52:27Z	2026-08-20T14:15:15Z	https://github.com/dmytro-yevs/copypaste/actions/runs/32376755152	.github/workflows/android-emulator.yml	Android emulator	324448484	Stop hanging Windows cert import on release CI	dmytro-yevs	dmytro-yevs
32376755156	1	completed	success	push	main	5aede0c780589ddbcab69232cb211d1b2ca5c369	2026-08-20T13:52:27Z	2026-08-20T13:52:27Z	2026-08-20T13:53:21Z	https://github.com/dmytro-yevs/copypaste/actions/runs/32376755156	.github/workflows/mutation-gate.yml	Mutation gate	334676987	Stop hanging Windows cert import on release CI	dmytro-yevs	dmytro-yevs
32376755186	1	completed	success	push	main	5aede0c780589ddbcab69232cb211d1b2ca5c369	2026-08-20T13:52:27Z	2026-08-20T13:52:27Z	2026-08-20T14:00:36Z	https://github.com/dmytro-yevs/copypaste/actions/runs/32376755186	.github/workflows/browser-webkitgtk.yml	Browser (WebKitGTK, Linux)	324698700	Stop hanging Windows cert import on release CI	dmytro-yevs	dmytro-yevs
32376755593	1	completed	success	push	main	5aede0c780589ddbcab69232cb211d1b2ca5c369	2026-08-20T13:52:28Z	2026-08-20T13:52:28Z	2026-08-20T13:54:29Z	https://github.com/dmytro-yevs/copypaste/actions/runs/32376755593	.github/workflows/supply-chain.yml	Supply chain	323997017	Stop hanging Windows cert import on release CI	dmytro-yevs	dmytro-yevs
32376756060	1	completed	success	dynamic	main	5aede0c780589ddbcab69232cb211d1b2ca5c369	2026-08-20T13:52:28Z	2026-08-20T13:52:28Z	2026-08-20T13:57:20Z	https://github.com/dmytro-yevs/copypaste/actions/runs/32376756060	dynamic/github-code-scanning/codeql	Push on main	330681135	Push on main	dmytro-yevs	dmytro-yevs
32376759901	1	completed	failure	push	v2.0.0-alpha.25	5aede0c780589ddbcab69232cb211d1b2ca5c369	2026-08-20T13:52:30Z	2026-08-20T13:52:30Z	2026-08-20T14:45:03Z	https://github.com/dmytro-yevs/copypaste/actions/runs/32376759901	.github/workflows/release.yml	Release	282057609	Stop hanging Windows cert import on release CI	dmytro-yevs	dmytro-yevs
32416974003	1	completed	success	dynamic	refs/pull/41/head	36ffb8d02f34c387336ca1cf1e4f77a6c0ff6d7c	2026-08-20T20:58:34Z	2026-08-20T20:58:34Z	2026-08-20T21:00:55Z	https://github.com/dmytro-yevs/copypaste/actions/runs/32416974003	dynamic/github-code-scanning/codeql	PR #41	330681135	PR #41	dmytro-yevs	dmytro-yevs
32416977601	1	completed	success	pull_request	cursor/cloud-env-setup-notes-ba7e	36ffb8d02f34c387336ca1cf1e4f77a6c0ff6d7c	2026-08-20T20:58:36Z	2026-08-20T20:58:36Z	2026-08-20T21:06:43Z	https://github.com/dmytro-yevs/copypaste/actions/runs/32416977601	.github/workflows/browser-webkitgtk.yml	Browser (WebKitGTK, Linux)	324698700	Add Cursor Cloud environment notes to AGENTS.md	dmytro-yevs	dmytro-yevs
32416977636	1	completed	success	pull_request	cursor/cloud-env-setup-notes-ba7e	36ffb8d02f34c387336ca1cf1e4f77a6c0ff6d7c	2026-08-20T20:58:36Z	2026-08-20T20:58:36Z	2026-08-20T21:14:34Z	https://github.com/dmytro-yevs/copypaste/actions/runs/32416977636	.github/workflows/windows-native-e2e.yml	Windows native desktop E2E	330512982	Add Cursor Cloud environment notes to AGENTS.md	dmytro-yevs	dmytro-yevs
32416977638	1	completed	success	pull_request	cursor/cloud-env-setup-notes-ba7e	36ffb8d02f34c387336ca1cf1e4f77a6c0ff6d7c	2026-08-20T20:58:36Z	2026-08-20T20:58:36Z	2026-08-20T20:59:31Z	https://github.com/dmytro-yevs/copypaste/actions/runs/32416977638	.github/workflows/mutation-gate.yml	Mutation gate	334676987	Add Cursor Cloud environment notes to AGENTS.md	dmytro-yevs	dmytro-yevs
32416977649	1	completed	failure	pull_request	cursor/cloud-env-setup-notes-ba7e	36ffb8d02f34c387336ca1cf1e4f77a6c0ff6d7c	2026-08-20T20:58:36Z	2026-08-20T20:58:36Z	2026-08-20T21:25:44Z	https://github.com/dmytro-yevs/copypaste/actions/runs/32416977649	.github/workflows/ci.yml	CI	282057606	Add Cursor Cloud environment notes to AGENTS.md	dmytro-yevs	dmytro-yevs
32416978051	1	completed	success	pull_request	cursor/cloud-env-setup-notes-ba7e	36ffb8d02f34c387336ca1cf1e4f77a6c0ff6d7c	2026-08-20T20:58:37Z	2026-08-20T20:58:37Z	2026-08-20T20:59:37Z	https://github.com/dmytro-yevs/copypaste/actions/runs/32416978051	.github/workflows/supply-chain.yml	Supply chain	323997017	Add Cursor Cloud environment notes to AGENTS.md	dmytro-yevs	dmytro-yevs
32416979222	1	completed	failure	dynamic	cursor/cloud-env-setup-notes-ba7e	36ffb8d02f34c387336ca1cf1e4f77a6c0ff6d7c	2026-08-20T20:58:37Z	2026-08-20T20:58:37Z	2026-08-20T20:59:55Z	https://github.com/dmytro-yevs/copypaste/actions/runs/32416979222	dynamic/agents/github-advanced-security	Code scanning AI findings on PR #41	338918842	Code scanning AI findings on PR #41	github-advanced-security[bot]	github-advanced-security[bot]
32417921299	1	completed	success	dynamic	refs/pull/42/head	5382378978a3d8ec767930861ead897d62a37863	2026-08-20T21:09:17Z	2026-08-20T21:09:17Z	2026-08-20T21:11:35Z	https://github.com/dmytro-yevs/copypaste/actions/runs/32417921299	dynamic/github-code-scanning/codeql	PR #42	330681135	PR #42	dmytro-yevs	dmytro-yevs
32417923923	1	completed	success	pull_request	cursor/fix-windows-pfx-import-ba7e	5382378978a3d8ec767930861ead897d62a37863	2026-08-20T21:09:19Z	2026-08-20T21:09:19Z	2026-08-20T21:28:04Z	https://github.com/dmytro-yevs/copypaste/actions/runs/32417923923	.github/workflows/windows-native-e2e.yml	Windows native desktop E2E	330512982	Restore Import-PfxCertificate for Windows Authenticode signing	dmytro-yevs	dmytro-yevs
32417923926	1	completed	success	pull_request	cursor/fix-windows-pfx-import-ba7e	5382378978a3d8ec767930861ead897d62a37863	2026-08-20T21:09:19Z	2026-08-20T21:09:19Z	2026-08-20T21:17:09Z	https://github.com/dmytro-yevs/copypaste/actions/runs/32417923926	.github/workflows/browser-webkitgtk.yml	Browser (WebKitGTK, Linux)	324698700	Restore Import-PfxCertificate for Windows Authenticode signing	dmytro-yevs	dmytro-yevs
32417923969	1	completed	failure	pull_request	cursor/fix-windows-pfx-import-ba7e	5382378978a3d8ec767930861ead897d62a37863	2026-08-20T21:09:19Z	2026-08-20T21:09:19Z	2026-08-20T21:35:53Z	https://github.com/dmytro-yevs/copypaste/actions/runs/32417923969	.github/workflows/ci.yml	CI	282057606	Restore Import-PfxCertificate for Windows Authenticode signing	dmytro-yevs	dmytro-yevs
32417924055	1	completed	success	pull_request	cursor/fix-windows-pfx-import-ba7e	5382378978a3d8ec767930861ead897d62a37863	2026-08-20T21:09:19Z	2026-08-20T21:09:19Z	2026-08-20T21:10:02Z	https://github.com/dmytro-yevs/copypaste/actions/runs/32417924055	.github/workflows/mutation-gate.yml	Mutation gate	334676987	Restore Import-PfxCertificate for Windows Authenticode signing	dmytro-yevs	dmytro-yevs
32417924409	1	completed	success	pull_request	cursor/fix-windows-pfx-import-ba7e	5382378978a3d8ec767930861ead897d62a37863	2026-08-20T21:09:19Z	2026-08-20T21:09:19Z	2026-08-20T21:11:06Z	https://github.com/dmytro-yevs/copypaste/actions/runs/32417924409	.github/workflows/supply-chain.yml	Supply chain	323997017	Restore Import-PfxCertificate for Windows Authenticode signing	dmytro-yevs	dmytro-yevs
32417926511	1	completed	success	dynamic	cursor/fix-windows-pfx-import-ba7e	5382378978a3d8ec767930861ead897d62a37863	2026-08-20T21:09:21Z	2026-08-20T21:09:21Z	2026-08-20T21:11:27Z	https://github.com/dmytro-yevs/copypaste/actions/runs/32417926511	dynamic/agents/github-advanced-security	Code scanning AI findings on PR #42	338918842	Code scanning AI findings on PR #42	github-advanced-security[bot]	github-advanced-security[bot]
32417943099	1	completed	success	dynamic	main	5382378978a3d8ec767930861ead897d62a37863	2026-08-20T21:09:32Z	2026-08-20T21:09:32Z	2026-08-20T21:14:05Z	https://github.com/dmytro-yevs/copypaste/actions/runs/32417943099	dynamic/github-code-scanning/codeql	Push on main	330681135	Push on main	cursor[bot]	cursor[bot]
32417943847	1	completed	cancelled	push	main	5382378978a3d8ec767930861ead897d62a37863	2026-08-20T21:09:33Z	2026-08-20T21:09:33Z	2026-08-20T21:10:03Z	https://github.com/dmytro-yevs/copypaste/actions/runs/32417943847	.github/workflows/windows-native-e2e.yml	Windows native desktop E2E	330512982	Restore Import-PfxCertificate for Windows signing	cursor[bot]	cursor[bot]
32417944095	1	completed	cancelled	push	main	5382378978a3d8ec767930861ead897d62a37863	2026-08-20T21:09:33Z	2026-08-20T21:09:33Z	2026-08-20T21:10:08Z	https://github.com/dmytro-yevs/copypaste/actions/runs/32417944095	.github/workflows/ci.yml	CI	282057606	Restore Import-PfxCertificate for Windows signing	cursor[bot]	cursor[bot]
32417944114	1	completed	cancelled	push	main	5382378978a3d8ec767930861ead897d62a37863	2026-08-20T21:09:33Z	2026-08-20T21:09:33Z	2026-08-20T21:10:19Z	https://github.com/dmytro-yevs/copypaste/actions/runs/32417944114	.github/workflows/mutation-gate.yml	Mutation gate	334676987	Restore Import-PfxCertificate for Windows signing	cursor[bot]	cursor[bot]
32417944137	1	completed	cancelled	push	main	5382378978a3d8ec767930861ead897d62a37863	2026-08-20T21:09:33Z	2026-08-20T21:09:33Z	2026-08-20T21:10:03Z	https://github.com/dmytro-yevs/copypaste/actions/runs/32417944137	.github/workflows/browser-webkitgtk.yml	Browser (WebKitGTK, Linux)	324698700	Restore Import-PfxCertificate for Windows signing	cursor[bot]	cursor[bot]
32417944367	1	completed	cancelled	push	main	5382378978a3d8ec767930861ead897d62a37863	2026-08-20T21:09:33Z	2026-08-20T21:09:33Z	2026-08-20T21:10:04Z	https://github.com/dmytro-yevs/copypaste/actions/runs/32417944367	.github/workflows/supply-chain.yml	Supply chain	323997017	Restore Import-PfxCertificate for Windows signing	cursor[bot]	cursor[bot]
32417986273	1	completed	success	dynamic	main	97d2ed6f48d3fa78334b12c66414ad3034ed3362	2026-08-20T21:10:01Z	2026-08-20T21:10:01Z	2026-08-20T21:19:47Z	https://github.com/dmytro-yevs/copypaste/actions/runs/32417986273	dynamic/github-code-scanning/codeql	Push on main	330681135	Push on main	cursor[bot]	cursor[bot]
32417986560	1	completed	success	push	main	97d2ed6f48d3fa78334b12c66414ad3034ed3362	2026-08-20T21:10:02Z	2026-08-20T21:10:02Z	2026-08-20T21:12:21Z	https://github.com/dmytro-yevs/copypaste/actions/runs/32417986560	.github/workflows/mutation-gate.yml	Mutation gate	334676987	Bump to 2.0.0-alpha.26 after Windows PFX import restore	cursor[bot]	cursor[bot]
32417986586	1	completed	success	push	main	97d2ed6f48d3fa78334b12c66414ad3034ed3362	2026-08-20T21:10:02Z	2026-08-20T21:10:02Z	2026-08-20T21:17:30Z	https://github.com/dmytro-yevs/copypaste/actions/runs/32417986586	.github/workflows/browser-webkitgtk.yml	Browser (WebKitGTK, Linux)	324698700	Bump to 2.0.0-alpha.26 after Windows PFX import restore	cursor[bot]	cursor[bot]
32417986600	1	completed	success	push	main	97d2ed6f48d3fa78334b12c66414ad3034ed3362	2026-08-20T21:10:02Z	2026-08-20T21:10:02Z	2026-08-20T21:27:59Z	https://github.com/dmytro-yevs/copypaste/actions/runs/32417986600	.github/workflows/windows-native-e2e.yml	Windows native desktop E2E	330512982	Bump to 2.0.0-alpha.26 after Windows PFX import restore	cursor[bot]	cursor[bot]
32417986638	1	completed	failure	push	main	97d2ed6f48d3fa78334b12c66414ad3034ed3362	2026-08-20T21:10:02Z	2026-08-20T21:10:02Z	2026-08-20T21:34:21Z	https://github.com/dmytro-yevs/copypaste/actions/runs/32417986638	.github/workflows/ci.yml	CI	282057606	Bump to 2.0.0-alpha.26 after Windows PFX import restore	cursor[bot]	cursor[bot]
32417986657	1	completed	success	push	main	97d2ed6f48d3fa78334b12c66414ad3034ed3362	2026-08-20T21:10:02Z	2026-08-20T21:10:02Z	2026-08-20T21:37:50Z	https://github.com/dmytro-yevs/copypaste/actions/runs/32417986657	.github/workflows/android-emulator.yml	Android emulator	324448484	Bump to 2.0.0-alpha.26 after Windows PFX import restore	cursor[bot]	cursor[bot]
32417986958	1	completed	success	push	main	97d2ed6f48d3fa78334b12c66414ad3034ed3362	2026-08-20T21:10:02Z	2026-08-20T21:10:02Z	2026-08-20T21:15:00Z	https://github.com/dmytro-yevs/copypaste/actions/runs/32417986958	.github/workflows/supply-chain.yml	Supply chain	323997017	Bump to 2.0.0-alpha.26 after Windows PFX import restore	cursor[bot]	cursor[bot]
32417995871	1	completed	failure	push	v2.0.0-alpha.26	97d2ed6f48d3fa78334b12c66414ad3034ed3362	2026-08-20T21:10:07Z	2026-08-20T21:10:07Z	2026-08-20T22:03:27Z	https://github.com/dmytro-yevs/copypaste/actions/runs/32417995871	.github/workflows/release.yml	Release	282057609	Bump to 2.0.0-alpha.26 after Windows PFX import restore	cursor[bot]	cursor[bot]
32421731463	1	completed	success	dynamic	main	54f5da52e309a244cee4e812cc83f657d3ecfbd1	2026-08-20T21:54:31Z	2026-08-20T21:54:31Z	2026-08-20T21:57:51Z	https://github.com/dmytro-yevs/copypaste/actions/runs/32421731463	dynamic/github-code-scanning/codeql	Push on main	330681135	Push on main	cursor[bot]	cursor[bot]
32421731546	1	completed	cancelled	push	main	54f5da52e309a244cee4e812cc83f657d3ecfbd1	2026-08-20T21:54:31Z	2026-08-20T21:54:31Z	2026-08-20T22:00:48Z	https://github.com/dmytro-yevs/copypaste/actions/runs/32421731546	.github/workflows/ci.yml	CI	282057606	Sign Windows releases via Tauri signCommand PFX	cursor[bot]	cursor[bot]
32421731557	1	completed	cancelled	push	main	54f5da52e309a244cee4e812cc83f657d3ecfbd1	2026-08-20T21:54:31Z	2026-08-20T21:54:31Z	2026-08-20T22:00:01Z	https://github.com/dmytro-yevs/copypaste/actions/runs/32421731557	.github/workflows/android-emulator.yml	Android emulator	324448484	Sign Windows releases via Tauri signCommand PFX	cursor[bot]	cursor[bot]
32421731560	1	completed	success	push	main	54f5da52e309a244cee4e812cc83f657d3ecfbd1	2026-08-20T21:54:31Z	2026-08-20T21:54:31Z	2026-08-20T21:55:26Z	https://github.com/dmytro-yevs/copypaste/actions/runs/32421731560	.github/workflows/mutation-gate.yml	Mutation gate	334676987	Sign Windows releases via Tauri signCommand PFX	cursor[bot]	cursor[bot]
32421731609	1	completed	cancelled	push	main	54f5da52e309a244cee4e812cc83f657d3ecfbd1	2026-08-20T21:54:31Z	2026-08-20T21:54:31Z	2026-08-20T22:00:02Z	https://github.com/dmytro-yevs/copypaste/actions/runs/32421731609	.github/workflows/browser-webkitgtk.yml	Browser (WebKitGTK, Linux)	324698700	Sign Windows releases via Tauri signCommand PFX	cursor[bot]	cursor[bot]
32421731655	1	completed	cancelled	push	main	54f5da52e309a244cee4e812cc83f657d3ecfbd1	2026-08-20T21:54:31Z	2026-08-20T21:54:31Z	2026-08-20T21:59:49Z	https://github.com/dmytro-yevs/copypaste/actions/runs/32421731655	.github/workflows/windows-native-e2e.yml	Windows native desktop E2E	330512982	Sign Windows releases via Tauri signCommand PFX	cursor[bot]	cursor[bot]
32421731726	1	completed	success	push	main	54f5da52e309a244cee4e812cc83f657d3ecfbd1	2026-08-20T21:54:31Z	2026-08-20T21:54:31Z	2026-08-20T21:56:31Z	https://github.com/dmytro-yevs/copypaste/actions/runs/32421731726	.github/workflows/supply-chain.yml	Supply chain	323997017	Sign Windows releases via Tauri signCommand PFX	cursor[bot]	cursor[bot]
32422155183	1	completed	success	dynamic	main	a048dee6b6faa5e39b2ad7a6d2db361ae2795c35	2026-08-20T21:59:43Z	2026-08-20T21:59:43Z	2026-08-20T22:02:18Z	https://github.com/dmytro-yevs/copypaste/actions/runs/32422155183	dynamic/github-code-scanning/codeql	Push on main	330681135	Push on main	cursor[bot]	cursor[bot]
32422155972	1	completed	success	push	main	a048dee6b6faa5e39b2ad7a6d2db361ae2795c35	2026-08-20T21:59:43Z	2026-08-20T21:59:43Z	2026-08-20T22:24:04Z	https://github.com/dmytro-yevs/copypaste/actions/runs/32422155972	.github/workflows/android-emulator.yml	Android emulator	324448484	Bump to 2.0.0-alpha.27 after Windows signCommand PFX	cursor[bot]	cursor[bot]
32422156017	1	completed	cancelled	push	main	a048dee6b6faa5e39b2ad7a6d2db361ae2795c35	2026-08-20T21:59:43Z	2026-08-20T21:59:43Z	2026-08-20T22:09:36Z	https://github.com/dmytro-yevs/copypaste/actions/runs/32422156017	.github/workflows/ci.yml	CI	282057606	Bump to 2.0.0-alpha.27 after Windows signCommand PFX	cursor[bot]	cursor[bot]
32422156024	1	completed	cancelled	push	main	a048dee6b6faa5e39b2ad7a6d2db361ae2795c35	2026-08-20T21:59:43Z	2026-08-20T21:59:43Z	2026-08-20T22:09:36Z	https://github.com/dmytro-yevs/copypaste/actions/runs/32422156024	.github/workflows/browser-webkitgtk.yml	Browser (WebKitGTK, Linux)	324698700	Bump to 2.0.0-alpha.27 after Windows signCommand PFX	cursor[bot]	cursor[bot]
32422156100	1	completed	success	push	main	a048dee6b6faa5e39b2ad7a6d2db361ae2795c35	2026-08-20T21:59:43Z	2026-08-20T21:59:43Z	2026-08-20T22:00:35Z	https://github.com/dmytro-yevs/copypaste/actions/runs/32422156100	.github/workflows/mutation-gate.yml	Mutation gate	334676987	Bump to 2.0.0-alpha.27 after Windows signCommand PFX	cursor[bot]	cursor[bot]
32422156178	1	completed	success	push	main	a048dee6b6faa5e39b2ad7a6d2db361ae2795c35	2026-08-20T21:59:43Z	2026-08-20T21:59:43Z	2026-08-20T22:07:42Z	https://github.com/dmytro-yevs/copypaste/actions/runs/32422156178	.github/workflows/windows-native-e2e.yml	Windows native desktop E2E	330512982	Bump to 2.0.0-alpha.27 after Windows signCommand PFX	cursor[bot]	cursor[bot]
32422156509	1	completed	success	push	main	a048dee6b6faa5e39b2ad7a6d2db361ae2795c35	2026-08-20T21:59:44Z	2026-08-20T21:59:44Z	2026-08-20T22:00:42Z	https://github.com/dmytro-yevs/copypaste/actions/runs/32422156509	.github/workflows/supply-chain.yml	Supply chain	323997017	Bump to 2.0.0-alpha.27 after Windows signCommand PFX	cursor[bot]	cursor[bot]
32422159008	1	completed	failure	push	v2.0.0-alpha.27	a048dee6b6faa5e39b2ad7a6d2db361ae2795c35	2026-08-20T21:59:45Z	2026-08-20T21:59:45Z	2026-08-20T22:49:39Z	https://github.com/dmytro-yevs/copypaste/actions/runs/32422159008	.github/workflows/release.yml	Release	282057609	Bump to 2.0.0-alpha.27 after Windows signCommand PFX	cursor[bot]	cursor[bot]
32422955122	1	completed	success	dynamic	main	9607eaab15d152b6142fe9653cc9b1289c7a6215	2026-08-20T22:09:29Z	2026-08-20T22:09:29Z	2026-08-20T22:11:51Z	https://github.com/dmytro-yevs/copypaste/actions/runs/32422955122	dynamic/github-code-scanning/codeql	Push on main	330681135	Push on main	cursor[bot]	cursor[bot]
32422955804	1	completed	cancelled	push	main	9607eaab15d152b6142fe9653cc9b1289c7a6215	2026-08-20T22:09:29Z	2026-08-20T22:09:29Z	2026-08-20T22:13:51Z	https://github.com/dmytro-yevs/copypaste/actions/runs/32422955804	.github/workflows/windows-native-e2e.yml	Windows native desktop E2E	330512982	Fix SignTool Invalid Timestamp URL on Windows	cursor[bot]	cursor[bot]
32422955866	1	completed	cancelled	push	main	9607eaab15d152b6142fe9653cc9b1289c7a6215	2026-08-20T22:09:29Z	2026-08-20T22:09:29Z	2026-08-20T22:14:01Z	https://github.com/dmytro-yevs/copypaste/actions/runs/32422955866	.github/workflows/browser-webkitgtk.yml	Browser (WebKitGTK, Linux)	324698700	Fix SignTool Invalid Timestamp URL on Windows	cursor[bot]	cursor[bot]
32422955898	1	completed	success	push	main	9607eaab15d152b6142fe9653cc9b1289c7a6215	2026-08-20T22:09:29Z	2026-08-20T22:09:29Z	2026-08-20T22:10:27Z	https://github.com/dmytro-yevs/copypaste/actions/runs/32422955898	.github/workflows/mutation-gate.yml	Mutation gate	334676987	Fix SignTool Invalid Timestamp URL on Windows	cursor[bot]	cursor[bot]
32422955931	1	completed	cancelled	push	main	9607eaab15d152b6142fe9653cc9b1289c7a6215	2026-08-20T22:09:29Z	2026-08-20T22:09:29Z	2026-08-20T22:14:06Z	https://github.com/dmytro-yevs/copypaste/actions/runs/32422955931	.github/workflows/ci.yml	CI	282057606	Fix SignTool Invalid Timestamp URL on Windows	cursor[bot]	cursor[bot]
32422956171	1	completed	success	push	main	9607eaab15d152b6142fe9653cc9b1289c7a6215	2026-08-20T22:09:29Z	2026-08-20T22:09:29Z	2026-08-20T22:10:31Z	https://github.com/dmytro-yevs/copypaste/actions/runs/32422956171	.github/workflows/supply-chain.yml	Supply chain	323997017	Fix SignTool Invalid Timestamp URL on Windows	cursor[bot]	cursor[bot]
32423295288	1	completed	success	dynamic	main	e877ff4b5c37b9f35040bfe18c987490d7631c2c	2026-08-20T22:13:45Z	2026-08-20T22:13:45Z	2026-08-20T22:16:17Z	https://github.com/dmytro-yevs/copypaste/actions/runs/32423295288	dynamic/github-code-scanning/codeql	Push on main	330681135	Push on main	cursor[bot]	cursor[bot]
32423295857	1	completed	success	push	main	e877ff4b5c37b9f35040bfe18c987490d7631c2c	2026-08-20T22:13:45Z	2026-08-20T22:13:45Z	2026-08-20T22:14:40Z	https://github.com/dmytro-yevs/copypaste/actions/runs/32423295857	.github/workflows/mutation-gate.yml	Mutation gate	334676987	Speed release Android builds and pairing driver install	cursor[bot]	cursor[bot]
32423295874	1	completed	success	push	main	e877ff4b5c37b9f35040bfe18c987490d7631c2c	2026-08-20T22:13:45Z	2026-08-20T22:13:45Z	2026-08-20T22:21:26Z	https://github.com/dmytro-yevs/copypaste/actions/runs/32423295874	.github/workflows/windows-native-e2e.yml	Windows native desktop E2E	330512982	Speed release Android builds and pairing driver install	cursor[bot]	cursor[bot]
32423295902	1	completed	failure	push	main	e877ff4b5c37b9f35040bfe18c987490d7631c2c	2026-08-20T22:13:45Z	2026-08-20T22:13:45Z	2026-08-20T22:32:19Z	https://github.com/dmytro-yevs/copypaste/actions/runs/32423295902	.github/workflows/ci.yml	CI	282057606	Speed release Android builds and pairing driver install	cursor[bot]	cursor[bot]
32423295905	1	completed	success	push	main	e877ff4b5c37b9f35040bfe18c987490d7631c2c	2026-08-20T22:13:45Z	2026-08-20T22:13:45Z	2026-08-20T22:23:42Z	https://github.com/dmytro-yevs/copypaste/actions/runs/32423295905	.github/workflows/browser-webkitgtk.yml	Browser (WebKitGTK, Linux)	324698700	Speed release Android builds and pairing driver install	cursor[bot]	cursor[bot]
32423296126	1	completed	success	push	main	e877ff4b5c37b9f35040bfe18c987490d7631c2c	2026-08-20T22:13:45Z	2026-08-20T22:13:45Z	2026-08-20T22:14:37Z	https://github.com/dmytro-yevs/copypaste/actions/runs/32423296126	.github/workflows/supply-chain.yml	Supply chain	323997017	Speed release Android builds and pairing driver install	cursor[bot]	cursor[bot]
32448729611	1	completed	failure	schedule	main	e877ff4b5c37b9f35040bfe18c987490d7631c2c	2026-08-21T04:56:38Z	2026-08-21T04:56:38Z	2026-08-21T05:46:10Z	https://github.com/dmytro-yevs/copypaste/actions/runs/32448729611	.github/workflows/native-nightly.yml	Nightly native matrix	330512981	Nightly native matrix	dmytro-yevs	dmytro-yevs
32454242864	1	completed	success	push	main	b5ea0e405c70a80cbd8937276df2e198b07e8b58	2026-08-21T06:24:06Z	2026-08-21T06:24:06Z	2026-08-21T06:32:23Z	https://github.com/dmytro-yevs/copypaste/actions/runs/32454242864	.github/workflows/windows-native-e2e.yml	Windows native desktop E2E	330512982	Bump to 2.0.0-alpha.28 after Windows TSA http fix	cursor[bot]	cursor[bot]
32454242872	1	completed	cancelled	push	main	b5ea0e405c70a80cbd8937276df2e198b07e8b58	2026-08-21T06:24:06Z	2026-08-21T06:24:06Z	2026-08-21T06:34:44Z	https://github.com/dmytro-yevs/copypaste/actions/runs/32454242872	.github/workflows/ci.yml	CI	282057606	Bump to 2.0.0-alpha.28 after Windows TSA http fix	cursor[bot]	cursor[bot]
32454242890	1	completed	success	push	main	b5ea0e405c70a80cbd8937276df2e198b07e8b58	2026-08-21T06:24:06Z	2026-08-21T06:24:06Z	2026-08-21T06:31:46Z	https://github.com/dmytro-yevs/copypaste/actions/runs/32454242890	.github/workflows/browser-webkitgtk.yml	Browser (WebKitGTK, Linux)	324698700	Bump to 2.0.0-alpha.28 after Windows TSA http fix	cursor[bot]	cursor[bot]
32454242903	1	completed	cancelled	push	main	b5ea0e405c70a80cbd8937276df2e198b07e8b58	2026-08-21T06:24:06Z	2026-08-21T06:24:06Z	2026-08-21T06:35:22Z	https://github.com/dmytro-yevs/copypaste/actions/runs/32454242903	.github/workflows/android-emulator.yml	Android emulator	324448484	Bump to 2.0.0-alpha.28 after Windows TSA http fix	cursor[bot]	cursor[bot]
32454242904	1	completed	success	push	main	b5ea0e405c70a80cbd8937276df2e198b07e8b58	2026-08-21T06:24:06Z	2026-08-21T06:24:06Z	2026-08-21T06:25:03Z	https://github.com/dmytro-yevs/copypaste/actions/runs/32454242904	.github/workflows/mutation-gate.yml	Mutation gate	334676987	Bump to 2.0.0-alpha.28 after Windows TSA http fix	cursor[bot]	cursor[bot]
32454243030	1	completed	success	dynamic	main	b5ea0e405c70a80cbd8937276df2e198b07e8b58	2026-08-21T06:24:07Z	2026-08-21T06:24:07Z	2026-08-21T06:27:23Z	https://github.com/dmytro-yevs/copypaste/actions/runs/32454243030	dynamic/github-code-scanning/codeql	Push on main	330681135	Push on main	cursor[bot]	cursor[bot]
32454243175	1	completed	success	push	main	b5ea0e405c70a80cbd8937276df2e198b07e8b58	2026-08-21T06:24:07Z	2026-08-21T06:24:07Z	2026-08-21T06:25:15Z	https://github.com/dmytro-yevs/copypaste/actions/runs/32454243175	.github/workflows/supply-chain.yml	Supply chain	323997017	Bump to 2.0.0-alpha.28 after Windows TSA http fix	cursor[bot]	cursor[bot]
32454246620	1	completed	failure	push	v2.0.0-alpha.28	b5ea0e405c70a80cbd8937276df2e198b07e8b58	2026-08-21T06:24:10Z	2026-08-21T06:24:10Z	2026-08-21T07:10:48Z	https://github.com/dmytro-yevs/copypaste/actions/runs/32454246620	.github/workflows/release.yml	Release	282057609	Bump to 2.0.0-alpha.28 after Windows TSA http fix	cursor[bot]	cursor[bot]
32454944411	1	completed	success	dynamic	main	793a45a11851675dd5ac39816a49c291409983b6	2026-08-21T06:34:29Z	2026-08-21T06:34:29Z	2026-08-21T06:37:27Z	https://github.com/dmytro-yevs/copypaste/actions/runs/32454944411	dynamic/github-code-scanning/codeql	Push on main	330681135	Push on main	cursor[bot]	cursor[bot]
32454944738	1	completed	cancelled	push	main	793a45a11851675dd5ac39816a49c291409983b6	2026-08-21T06:34:30Z	2026-08-21T06:34:30Z	2026-08-21T06:35:09Z	https://github.com/dmytro-yevs/copypaste/actions/runs/32454944738	.github/workflows/windows-native-e2e.yml	Windows native desktop E2E	330512982	Fix Windows PFX path for same-step smoke sign	cursor[bot]	cursor[bot]
32454944739	1	completed	cancelled	push	main	793a45a11851675dd5ac39816a49c291409983b6	2026-08-21T06:34:30Z	2026-08-21T06:34:30Z	2026-08-21T06:35:17Z	https://github.com/dmytro-yevs/copypaste/actions/runs/32454944739	.github/workflows/ci.yml	CI	282057606	Fix Windows PFX path for same-step smoke sign	cursor[bot]	cursor[bot]
32454944748	1	completed	cancelled	push	main	793a45a11851675dd5ac39816a49c291409983b6	2026-08-21T06:34:30Z	2026-08-21T06:34:30Z	2026-08-21T06:35:09Z	https://github.com/dmytro-yevs/copypaste/actions/runs/32454944748	.github/workflows/browser-webkitgtk.yml	Browser (WebKitGTK, Linux)	324698700	Fix Windows PFX path for same-step smoke sign	cursor[bot]	cursor[bot]
32454944770	1	completed	cancelled	push	main	793a45a11851675dd5ac39816a49c291409983b6	2026-08-21T06:34:30Z	2026-08-21T06:34:30Z	2026-08-21T06:35:20Z	https://github.com/dmytro-yevs/copypaste/actions/runs/32454944770	.github/workflows/mutation-gate.yml	Mutation gate	334676987	Fix Windows PFX path for same-step smoke sign	cursor[bot]	cursor[bot]
32454945054	1	completed	cancelled	push	main	793a45a11851675dd5ac39816a49c291409983b6	2026-08-21T06:34:30Z	2026-08-21T06:34:30Z	2026-08-21T06:35:18Z	https://github.com/dmytro-yevs/copypaste/actions/runs/32454945054	.github/workflows/supply-chain.yml	Supply chain	323997017	Fix Windows PFX path for same-step smoke sign	cursor[bot]	cursor[bot]
32454984727	1	completed	success	dynamic	main	bd2cb094529c60885784bbe2ec14158258ceb0ce	2026-08-21T06:35:04Z	2026-08-21T06:35:04Z	2026-08-21T06:37:46Z	https://github.com/dmytro-yevs/copypaste/actions/runs/32454984727	dynamic/github-code-scanning/codeql	Push on main	330681135	Push on main	cursor[bot]	cursor[bot]
32454985046	1	completed	cancelled	push	main	bd2cb094529c60885784bbe2ec14158258ceb0ce	2026-08-21T06:35:04Z	2026-08-21T06:35:04Z	2026-08-21T06:35:13Z	https://github.com/dmytro-yevs/copypaste/actions/runs/32454985046	.github/workflows/windows-native-e2e.yml	Windows native desktop E2E	330512982	Bump to 2.0.0-alpha.29 after Windows PFX in-process fix	cursor[bot]	cursor[bot]
32454985064	1	completed	cancelled	push	main	bd2cb094529c60885784bbe2ec14158258ceb0ce	2026-08-21T06:35:04Z	2026-08-21T06:35:04Z	2026-08-21T06:35:11Z	https://github.com/dmytro-yevs/copypaste/actions/runs/32454985064	.github/workflows/browser-webkitgtk.yml	Browser (WebKitGTK, Linux)	324698700	Bump to 2.0.0-alpha.29 after Windows PFX in-process fix	cursor[bot]	cursor[bot]
32454985086	1	completed	cancelled	push	main	bd2cb094529c60885784bbe2ec14158258ceb0ce	2026-08-21T06:35:04Z	2026-08-21T06:35:04Z	2026-08-21T06:40:05Z	https://github.com/dmytro-yevs/copypaste/actions/runs/32454985086	.github/workflows/android-emulator.yml	Android emulator	324448484	Bump to 2.0.0-alpha.29 after Windows PFX in-process fix	cursor[bot]	cursor[bot]
32454985094	1	completed	cancelled	push	main	bd2cb094529c60885784bbe2ec14158258ceb0ce	2026-08-21T06:35:04Z	2026-08-21T06:35:04Z	2026-08-21T06:35:14Z	https://github.com/dmytro-yevs/copypaste/actions/runs/32454985094	.github/workflows/ci.yml	CI	282057606	Bump to 2.0.0-alpha.29 after Windows PFX in-process fix	cursor[bot]	cursor[bot]
32454985128	1	completed	cancelled	push	main	bd2cb094529c60885784bbe2ec14158258ceb0ce	2026-08-21T06:35:04Z	2026-08-21T06:35:04Z	2026-08-21T06:35:11Z	https://github.com/dmytro-yevs/copypaste/actions/runs/32454985128	.github/workflows/mutation-gate.yml	Mutation gate	334676987	Bump to 2.0.0-alpha.29 after Windows PFX in-process fix	cursor[bot]	cursor[bot]
32454985287	1	completed	cancelled	push	main	bd2cb094529c60885784bbe2ec14158258ceb0ce	2026-08-21T06:35:04Z	2026-08-21T06:35:04Z	2026-08-21T06:35:12Z	https://github.com/dmytro-yevs/copypaste/actions/runs/32454985287	.github/workflows/supply-chain.yml	Supply chain	323997017	Bump to 2.0.0-alpha.29 after Windows PFX in-process fix	cursor[bot]	cursor[bot]
32454986774	1	completed	failure	push	v2.0.0-alpha.29	19f031c21e32da31a0c16f891e71b3824505a6b8	2026-08-21T06:35:05Z	2026-08-21T06:35:05Z	2026-08-21T07:23:02Z	https://github.com/dmytro-yevs/copypaste/actions/runs/32454986774	.github/workflows/release.yml	Release	282057609	Release	cursor[bot]	cursor[bot]
32454992067	1	completed	success	dynamic	main	19f031c21e32da31a0c16f891e71b3824505a6b8	2026-08-21T06:35:09Z	2026-08-21T06:35:09Z	2026-08-21T06:38:12Z	https://github.com/dmytro-yevs/copypaste/actions/runs/32454992067	dynamic/github-code-scanning/codeql	Push on main	330681135	Push on main	cursor[bot]	cursor[bot]
32454992372	1	completed	cancelled	push	main	19f031c21e32da31a0c16f891e71b3824505a6b8	2026-08-21T06:35:09Z	2026-08-21T06:35:09Z	2026-08-21T06:39:53Z	https://github.com/dmytro-yevs/copypaste/actions/runs/32454992372	.github/workflows/windows-native-e2e.yml	Windows native desktop E2E	330512982	Align release Android smoke Node to 24	cursor[bot]	cursor[bot]
32454992457	1	completed	cancelled	push	main	19f031c21e32da31a0c16f891e71b3824505a6b8	2026-08-21T06:35:09Z	2026-08-21T06:35:09Z	2026-08-21T06:40:05Z	https://github.com/dmytro-yevs/copypaste/actions/runs/32454992457	.github/workflows/browser-webkitgtk.yml	Browser (WebKitGTK, Linux)	324698700	Align release Android smoke Node to 24	cursor[bot]	cursor[bot]
32454992484	1	completed	cancelled	push	main	19f031c21e32da31a0c16f891e71b3824505a6b8	2026-08-21T06:35:09Z	2026-08-21T06:35:09Z	2026-08-21T06:40:08Z	https://github.com/dmytro-yevs/copypaste/actions/runs/32454992484	.github/workflows/ci.yml	CI	282057606	Align release Android smoke Node to 24	cursor[bot]	cursor[bot]
32454992502	1	completed	success	push	main	19f031c21e32da31a0c16f891e71b3824505a6b8	2026-08-21T06:35:09Z	2026-08-21T06:35:09Z	2026-08-21T06:36:47Z	https://github.com/dmytro-yevs/copypaste/actions/runs/32454992502	.github/workflows/mutation-gate.yml	Mutation gate	334676987	Align release Android smoke Node to 24	cursor[bot]	cursor[bot]
32454992705	1	completed	cancelled	push	main	19f031c21e32da31a0c16f891e71b3824505a6b8	2026-08-21T06:35:10Z	2026-08-21T06:35:10Z	2026-08-21T06:39:52Z	https://github.com/dmytro-yevs/copypaste/actions/runs/32454992705	.github/workflows/supply-chain.yml	Supply chain	323997017	Align release Android smoke Node to 24	cursor[bot]	cursor[bot]
32455301024	1	completed	success	dynamic	main	bbdb3cd283eff3c15cac047cda29e55361daed85	2026-08-21T06:39:48Z	2026-08-21T06:39:48Z	2026-08-21T06:42:21Z	https://github.com/dmytro-yevs/copypaste/actions/runs/32455301024	dynamic/github-code-scanning/codeql	Push on main	330681135	Push on main	cursor[bot]	cursor[bot]
32455301103	1	completed	cancelled	push	main	bbdb3cd283eff3c15cac047cda29e55361daed85	2026-08-21T06:39:48Z	2026-08-21T06:39:48Z	2026-08-21T07:02:16Z	https://github.com/dmytro-yevs/copypaste/actions/runs/32455301103	.github/workflows/android-emulator.yml	Android emulator	324448484	Pin Node 24 via .nvmrc for all CI	cursor[bot]	cursor[bot]
32455301118	1	completed	success	push	main	bbdb3cd283eff3c15cac047cda29e55361daed85	2026-08-21T06:39:48Z	2026-08-21T06:39:48Z	2026-08-21T06:40:37Z	https://github.com/dmytro-yevs/copypaste/actions/runs/32455301118	.github/workflows/mutation-gate.yml	Mutation gate	334676987	Pin Node 24 via .nvmrc for all CI	cursor[bot]	cursor[bot]
32455301122	1	completed	failure	push	main	bbdb3cd283eff3c15cac047cda29e55361daed85	2026-08-21T06:39:48Z	2026-08-21T06:39:48Z	2026-08-21T06:59:10Z	https://github.com/dmytro-yevs/copypaste/actions/runs/32455301122	.github/workflows/ci.yml	CI	282057606	Pin Node 24 via .nvmrc for all CI	cursor[bot]	cursor[bot]
32455301126	1	completed	success	push	main	bbdb3cd283eff3c15cac047cda29e55361daed85	2026-08-21T06:39:48Z	2026-08-21T06:39:48Z	2026-08-21T06:47:51Z	https://github.com/dmytro-yevs/copypaste/actions/runs/32455301126	.github/workflows/windows-native-e2e.yml	Windows native desktop E2E	330512982	Pin Node 24 via .nvmrc for all CI	cursor[bot]	cursor[bot]
32455301145	1	completed	success	push	main	bbdb3cd283eff3c15cac047cda29e55361daed85	2026-08-21T06:39:48Z	2026-08-21T06:39:48Z	2026-08-21T06:48:45Z	https://github.com/dmytro-yevs/copypaste/actions/runs/32455301145	.github/workflows/browser-webkitgtk.yml	Browser (WebKitGTK, Linux)	324698700	Pin Node 24 via .nvmrc for all CI	cursor[bot]	cursor[bot]
32455301349	1	completed	success	push	main	bbdb3cd283eff3c15cac047cda29e55361daed85	2026-08-21T06:39:48Z	2026-08-21T06:39:48Z	2026-08-21T06:41:11Z	https://github.com/dmytro-yevs/copypaste/actions/runs/32455301349	.github/workflows/supply-chain.yml	Supply chain	323997017	Pin Node 24 via .nvmrc for all CI	cursor[bot]	cursor[bot]
32456870835	1	completed	success	dynamic	main	cd7caaeb489a1c45c0d3c2d9d6d41db34a1b8bdd	2026-08-21T07:02:11Z	2026-08-21T07:02:11Z	2026-08-21T07:06:18Z	https://github.com/dmytro-yevs/copypaste/actions/runs/32456870835	dynamic/github-code-scanning/codeql	Push on main	330681135	Push on main	cursor[bot]	cursor[bot]
32456871416	1	completed	failure	push	main	cd7caaeb489a1c45c0d3c2d9d6d41db34a1b8bdd	2026-08-21T07:02:11Z	2026-08-21T07:02:11Z	2026-08-21T07:03:06Z	https://github.com/dmytro-yevs/copypaste/actions/runs/32456871416	.github/workflows/mutation-gate.yml	Mutation gate	334676987	Test Windows signing environment persistence	cursor[bot]	cursor[bot]
32456871423	1	completed	success	push	main	cd7caaeb489a1c45c0d3c2d9d6d41db34a1b8bdd	2026-08-21T07:02:11Z	2026-08-21T07:02:11Z	2026-08-21T07:29:49Z	https://github.com/dmytro-yevs/copypaste/actions/runs/32456871423	.github/workflows/android-emulator.yml	Android emulator	324448484	Test Windows signing environment persistence	cursor[bot]	cursor[bot]
32456871460	1	completed	failure	push	main	cd7caaeb489a1c45c0d3c2d9d6d41db34a1b8bdd	2026-08-21T07:02:11Z	2026-08-21T07:02:11Z	2026-08-21T07:20:09Z	https://github.com/dmytro-yevs/copypaste/actions/runs/32456871460	.github/workflows/ci.yml	CI	282057606	Test Windows signing environment persistence	cursor[bot]	cursor[bot]
32456871499	1	completed	success	push	main	cd7caaeb489a1c45c0d3c2d9d6d41db34a1b8bdd	2026-08-21T07:02:11Z	2026-08-21T07:02:11Z	2026-08-21T07:20:04Z	https://github.com/dmytro-yevs/copypaste/actions/runs/32456871499	.github/workflows/windows-native-e2e.yml	Windows native desktop E2E	330512982	Test Windows signing environment persistence	cursor[bot]	cursor[bot]
32456871526	1	completed	success	push	main	cd7caaeb489a1c45c0d3c2d9d6d41db34a1b8bdd	2026-08-21T07:02:11Z	2026-08-21T07:02:11Z	2026-08-21T07:10:12Z	https://github.com/dmytro-yevs/copypaste/actions/runs/32456871526	.github/workflows/browser-webkitgtk.yml	Browser (WebKitGTK, Linux)	324698700	Test Windows signing environment persistence	cursor[bot]	cursor[bot]
32456871718	1	completed	success	push	main	cd7caaeb489a1c45c0d3c2d9d6d41db34a1b8bdd	2026-08-21T07:02:12Z	2026-08-21T07:02:12Z	2026-08-21T07:03:42Z	https://github.com/dmytro-yevs/copypaste/actions/runs/32456871718	.github/workflows/supply-chain.yml	Supply chain	323997017	Test Windows signing environment persistence	cursor[bot]	cursor[bot]
32460627207	1	completed	success	dynamic	main	4621d329a6f0d9dc31b22b0413dcbf84e4b99c1d	2026-08-21T07:53:16Z	2026-08-21T07:53:16Z	2026-08-21T07:56:45Z	https://github.com/dmytro-yevs/copypaste/actions/runs/32460627207	dynamic/github-code-scanning/codeql	Push on main	330681135	Push on main	dmytro-yevs	dmytro-yevs
32460627731	1	completed	cancelled	push	main	4621d329a6f0d9dc31b22b0413dcbf84e4b99c1d	2026-08-21T07:53:17Z	2026-08-21T07:53:17Z	2026-08-21T08:08:55Z	https://github.com/dmytro-yevs/copypaste/actions/runs/32460627731	.github/workflows/android-emulator.yml	Android emulator	324448484	Require Windows updater evidence in parity gate	dmytro-yevs	dmytro-yevs
32460627735	1	completed	success	push	main	4621d329a6f0d9dc31b22b0413dcbf84e4b99c1d	2026-08-21T07:53:17Z	2026-08-21T07:53:17Z	2026-08-21T08:01:23Z	https://github.com/dmytro-yevs/copypaste/actions/runs/32460627735	.github/workflows/browser-webkitgtk.yml	Browser (WebKitGTK, Linux)	324698700	Require Windows updater evidence in parity gate	dmytro-yevs	dmytro-yevs
32460627748	1	completed	cancelled	push	main	4621d329a6f0d9dc31b22b0413dcbf84e4b99c1d	2026-08-21T07:53:17Z	2026-08-21T07:53:17Z	2026-08-21T08:08:55Z	https://github.com/dmytro-yevs/copypaste/actions/runs/32460627748	.github/workflows/ci.yml	CI	282057606	Require Windows updater evidence in parity gate	dmytro-yevs	dmytro-yevs
32460627779	1	completed	success	push	main	4621d329a6f0d9dc31b22b0413dcbf84e4b99c1d	2026-08-21T07:53:17Z	2026-08-21T07:53:17Z	2026-08-21T07:54:06Z	https://github.com/dmytro-yevs/copypaste/actions/runs/32460627779	.github/workflows/mutation-gate.yml	Mutation gate	334676987	Require Windows updater evidence in parity gate	dmytro-yevs	dmytro-yevs
32460627810	1	completed	success	push	main	4621d329a6f0d9dc31b22b0413dcbf84e4b99c1d	2026-08-21T07:53:17Z	2026-08-21T07:53:17Z	2026-08-21T08:01:23Z	https://github.com/dmytro-yevs/copypaste/actions/runs/32460627810	.github/workflows/windows-native-e2e.yml	Windows native desktop E2E	330512982	Require Windows updater evidence in parity gate	dmytro-yevs	dmytro-yevs
32460628013	1	completed	success	push	main	4621d329a6f0d9dc31b22b0413dcbf84e4b99c1d	2026-08-21T07:53:17Z	2026-08-21T07:53:17Z	2026-08-21T07:54:38Z	https://github.com/dmytro-yevs/copypaste/actions/runs/32460628013	.github/workflows/supply-chain.yml	Supply chain	323997017	Require Windows updater evidence in parity gate	dmytro-yevs	dmytro-yevs
32461827011	1	completed	success	dynamic	main	1300ec778dc86c2670bbe0ad306b51e2101666ef	2026-08-21T08:08:47Z	2026-08-21T08:08:47Z	2026-08-21T08:11:17Z	https://github.com/dmytro-yevs/copypaste/actions/runs/32461827011	dynamic/github-code-scanning/codeql	Push on main	330681135	Push on main	dmytro-yevs	dmytro-yevs
32461827141	1	completed	failure	push	main	1300ec778dc86c2670bbe0ad306b51e2101666ef	2026-08-21T08:08:48Z	2026-08-21T08:08:48Z	2026-08-21T08:33:31Z	https://github.com/dmytro-yevs/copypaste/actions/runs/32461827141	.github/workflows/android-emulator.yml	Android emulator	324448484	Reject invalid Authenticode signature states	dmytro-yevs	dmytro-yevs
32461827148	1	completed	cancelled	push	main	1300ec778dc86c2670bbe0ad306b51e2101666ef	2026-08-21T08:08:48Z	2026-08-21T08:08:48Z	2026-08-21T08:43:25Z	https://github.com/dmytro-yevs/copypaste/actions/runs/32461827148	.github/workflows/ci.yml	CI	282057606	Reject invalid Authenticode signature states	dmytro-yevs	dmytro-yevs
32461827167	1	completed	success	push	main	1300ec778dc86c2670bbe0ad306b51e2101666ef	2026-08-21T08:08:48Z	2026-08-21T08:08:48Z	2026-08-21T08:09:44Z	https://github.com/dmytro-yevs/copypaste/actions/runs/32461827167	.github/workflows/mutation-gate.yml	Mutation gate	334676987	Reject invalid Authenticode signature states	dmytro-yevs	dmytro-yevs
32461827193	1	completed	success	push	main	1300ec778dc86c2670bbe0ad306b51e2101666ef	2026-08-21T08:08:48Z	2026-08-21T08:08:48Z	2026-08-21T08:16:41Z	https://github.com/dmytro-yevs/copypaste/actions/runs/32461827193	.github/workflows/browser-webkitgtk.yml	Browser (WebKitGTK, Linux)	324698700	Reject invalid Authenticode signature states	dmytro-yevs	dmytro-yevs
32461827229	1	completed	success	push	main	1300ec778dc86c2670bbe0ad306b51e2101666ef	2026-08-21T08:08:48Z	2026-08-21T08:08:48Z	2026-08-21T08:16:54Z	https://github.com/dmytro-yevs/copypaste/actions/runs/32461827229	.github/workflows/windows-native-e2e.yml	Windows native desktop E2E	330512982	Reject invalid Authenticode signature states	dmytro-yevs	dmytro-yevs
32461827528	1	completed	success	push	main	1300ec778dc86c2670bbe0ad306b51e2101666ef	2026-08-21T08:08:48Z	2026-08-21T08:08:48Z	2026-08-21T08:09:54Z	https://github.com/dmytro-yevs/copypaste/actions/runs/32461827528	.github/workflows/supply-chain.yml	Supply chain	323997017	Reject invalid Authenticode signature states	dmytro-yevs	dmytro-yevs
32464461345	1	completed	success	dynamic	main	762643b9065a47b6279632dad6b46f14867c9d1f	2026-08-21T08:43:08Z	2026-08-21T08:43:08Z	2026-08-21T08:45:33Z	https://github.com/dmytro-yevs/copypaste/actions/runs/32464461345	dynamic/github-code-scanning/codeql	Push on main	330681135	Push on main	dmytro-yevs	dmytro-yevs
32464461949	1	completed	success	push	main	762643b9065a47b6279632dad6b46f14867c9d1f	2026-08-21T08:43:09Z	2026-08-21T08:43:09Z	2026-08-21T08:50:40Z	https://github.com/dmytro-yevs/copypaste/actions/runs/32464461949	.github/workflows/windows-native-e2e.yml	Windows native desktop E2E	330512982	Inherit Windows signer process output	dmytro-yevs	dmytro-yevs
32464461956	1	completed	success	push	main	762643b9065a47b6279632dad6b46f14867c9d1f	2026-08-21T08:43:09Z	2026-08-21T08:43:09Z	2026-08-21T09:08:19Z	https://github.com/dmytro-yevs/copypaste/actions/runs/32464461956	.github/workflows/android-emulator.yml	Android emulator	324448484	Inherit Windows signer process output	dmytro-yevs	dmytro-yevs
32464462030	1	completed	cancelled	push	main	762643b9065a47b6279632dad6b46f14867c9d1f	2026-08-21T08:43:09Z	2026-08-21T08:43:09Z	2026-08-21T09:03:51Z	https://github.com/dmytro-yevs/copypaste/actions/runs/32464462030	.github/workflows/ci.yml	CI	282057606	Inherit Windows signer process output	dmytro-yevs	dmytro-yevs
32464462067	1	completed	success	push	main	762643b9065a47b6279632dad6b46f14867c9d1f	2026-08-21T08:43:09Z	2026-08-21T08:43:09Z	2026-08-21T08:51:05Z	https://github.com/dmytro-yevs/copypaste/actions/runs/32464462067	.github/workflows/browser-webkitgtk.yml	Browser (WebKitGTK, Linux)	324698700	Inherit Windows signer process output	dmytro-yevs	dmytro-yevs
32464462075	1	completed	success	push	main	762643b9065a47b6279632dad6b46f14867c9d1f	2026-08-21T08:43:09Z	2026-08-21T08:43:09Z	2026-08-21T08:44:03Z	https://github.com/dmytro-yevs/copypaste/actions/runs/32464462075	.github/workflows/mutation-gate.yml	Mutation gate	334676987	Inherit Windows signer process output	dmytro-yevs	dmytro-yevs
32464462383	1	completed	success	push	main	762643b9065a47b6279632dad6b46f14867c9d1f	2026-08-21T08:43:09Z	2026-08-21T08:43:09Z	2026-08-21T08:43:57Z	https://github.com/dmytro-yevs/copypaste/actions/runs/32464462383	.github/workflows/supply-chain.yml	Supply chain	323997017	Inherit Windows signer process output	dmytro-yevs	dmytro-yevs
32467072894	1	completed	success	dynamic	main	a1f58d7cc9b07c256b3a3c92ea8f9c064dc49229	2026-08-21T09:16:11Z	2026-08-21T09:16:11Z	2026-08-21T09:18:44Z	https://github.com/dmytro-yevs/copypaste/actions/runs/32467072894	dynamic/github-code-scanning/codeql	Push on main	330681135	Push on main	dmytro-yevs	dmytro-yevs
32467073369	1	completed	success	push	main	a1f58d7cc9b07c256b3a3c92ea8f9c064dc49229	2026-08-21T09:16:11Z	2026-08-21T09:16:11Z	2026-08-21T09:35:39Z	https://github.com/dmytro-yevs/copypaste/actions/runs/32467073369	.github/workflows/ci.yml	CI	282057606	Make frontend wiring fixtures line-semantic	dmytro-yevs	dmytro-yevs
32467073379	1	completed	success	push	main	a1f58d7cc9b07c256b3a3c92ea8f9c064dc49229	2026-08-21T09:16:11Z	2026-08-21T09:16:11Z	2026-08-21T09:24:00Z	https://github.com/dmytro-yevs/copypaste/actions/runs/32467073379	.github/workflows/browser-webkitgtk.yml	Browser (WebKitGTK, Linux)	324698700	Make frontend wiring fixtures line-semantic	dmytro-yevs	dmytro-yevs
32467073382	1	completed	success	push	main	a1f58d7cc9b07c256b3a3c92ea8f9c064dc49229	2026-08-21T09:16:11Z	2026-08-21T09:16:11Z	2026-08-21T09:23:41Z	https://github.com/dmytro-yevs/copypaste/actions/runs/32467073382	.github/workflows/windows-native-e2e.yml	Windows native desktop E2E	330512982	Make frontend wiring fixtures line-semantic	dmytro-yevs	dmytro-yevs
32467073404	1	completed	success	push	main	a1f58d7cc9b07c256b3a3c92ea8f9c064dc49229	2026-08-21T09:16:11Z	2026-08-21T09:16:11Z	2026-08-21T09:17:16Z	https://github.com/dmytro-yevs/copypaste/actions/runs/32467073404	.github/workflows/mutation-gate.yml	Mutation gate	334676987	Make frontend wiring fixtures line-semantic	dmytro-yevs	dmytro-yevs
32467073635	1	completed	success	push	main	a1f58d7cc9b07c256b3a3c92ea8f9c064dc49229	2026-08-21T09:16:12Z	2026-08-21T09:16:12Z	2026-08-21T09:17:42Z	https://github.com/dmytro-yevs/copypaste/actions/runs/32467073635	.github/workflows/supply-chain.yml	Supply chain	323997017	Make frontend wiring fixtures line-semantic	dmytro-yevs	dmytro-yevs
32469164809	1	completed	success	dynamic	main	d73cd2551ef93421fd6f0710c8081b1394ac7da5	2026-08-21T09:42:26Z	2026-08-21T09:42:26Z	2026-08-21T09:45:07Z	https://github.com/dmytro-yevs/copypaste/actions/runs/32469164809	dynamic/github-code-scanning/codeql	Push on main	330681135	Push on main	dmytro-yevs	dmytro-yevs
32469165567	1	completed	cancelled	push	main	d73cd2551ef93421fd6f0710c8081b1394ac7da5	2026-08-21T09:42:26Z	2026-08-21T09:42:26Z	2026-08-21T09:57:19Z	https://github.com/dmytro-yevs/copypaste/actions/runs/32469165567	.github/workflows/android-emulator.yml	Android emulator	324448484	Correct alpha.30 release notes	dmytro-yevs	dmytro-yevs
32469165585	1	completed	success	push	main	d73cd2551ef93421fd6f0710c8081b1394ac7da5	2026-08-21T09:42:26Z	2026-08-21T09:42:26Z	2026-08-21T09:43:34Z	https://github.com/dmytro-yevs/copypaste/actions/runs/32469165585	.github/workflows/mutation-gate.yml	Mutation gate	334676987	Correct alpha.30 release notes	dmytro-yevs	dmytro-yevs
32469165630	1	completed	success	push	main	d73cd2551ef93421fd6f0710c8081b1394ac7da5	2026-08-21T09:42:26Z	2026-08-21T09:42:26Z	2026-08-21T09:50:09Z	https://github.com/dmytro-yevs/copypaste/actions/runs/32469165630	.github/workflows/windows-native-e2e.yml	Windows native desktop E2E	330512982	Correct alpha.30 release notes	dmytro-yevs	dmytro-yevs
32469165651	1	completed	success	push	main	d73cd2551ef93421fd6f0710c8081b1394ac7da5	2026-08-21T09:42:26Z	2026-08-21T09:42:26Z	2026-08-21T09:49:59Z	https://github.com/dmytro-yevs/copypaste/actions/runs/32469165651	.github/workflows/browser-webkitgtk.yml	Browser (WebKitGTK, Linux)	324698700	Correct alpha.30 release notes	dmytro-yevs	dmytro-yevs
32469165653	1	completed	cancelled	push	main	d73cd2551ef93421fd6f0710c8081b1394ac7da5	2026-08-21T09:42:26Z	2026-08-21T09:42:26Z	2026-08-21T09:57:08Z	https://github.com/dmytro-yevs/copypaste/actions/runs/32469165653	.github/workflows/ci.yml	CI	282057606	Correct alpha.30 release notes	dmytro-yevs	dmytro-yevs
32469166065	1	completed	success	push	main	d73cd2551ef93421fd6f0710c8081b1394ac7da5	2026-08-21T09:42:27Z	2026-08-21T09:42:27Z	2026-08-21T09:43:23Z	https://github.com/dmytro-yevs/copypaste/actions/runs/32469166065	.github/workflows/supply-chain.yml	Supply chain	323997017	Correct alpha.30 release notes	dmytro-yevs	dmytro-yevs
32470327112	1	completed	success	dynamic	main	4de6544ad24634c1ef187b1f5e90da6cfa60d046	2026-08-21T09:57:02Z	2026-08-21T09:57:02Z	2026-08-21T09:59:29Z	https://github.com/dmytro-yevs/copypaste/actions/runs/32470327112	dynamic/github-code-scanning/codeql	Push on main	330681135	Push on main	dmytro-yevs	dmytro-yevs
32470327170	1	completed	success	push	main	4de6544ad24634c1ef187b1f5e90da6cfa60d046	2026-08-21T09:57:02Z	2026-08-21T09:57:02Z	2026-08-21T10:15:05Z	https://github.com/dmytro-yevs/copypaste/actions/runs/32470327170	.github/workflows/ci.yml	CI	282057606	Fix Quick Paste cache release test	dmytro-yevs	dmytro-yevs
32470327173	1	completed	success	push	main	4de6544ad24634c1ef187b1f5e90da6cfa60d046	2026-08-21T09:57:02Z	2026-08-21T09:57:02Z	2026-08-21T10:20:58Z	https://github.com/dmytro-yevs/copypaste/actions/runs/32470327173	.github/workflows/android-emulator.yml	Android emulator	324448484	Fix Quick Paste cache release test	dmytro-yevs	dmytro-yevs
32470327193	1	completed	success	push	main	4de6544ad24634c1ef187b1f5e90da6cfa60d046	2026-08-21T09:57:02Z	2026-08-21T09:57:02Z	2026-08-21T10:05:38Z	https://github.com/dmytro-yevs/copypaste/actions/runs/32470327193	.github/workflows/windows-native-e2e.yml	Windows native desktop E2E	330512982	Fix Quick Paste cache release test	dmytro-yevs	dmytro-yevs
32470327221	1	completed	success	push	main	4de6544ad24634c1ef187b1f5e90da6cfa60d046	2026-08-21T09:57:02Z	2026-08-21T09:57:02Z	2026-08-21T10:04:50Z	https://github.com/dmytro-yevs/copypaste/actions/runs/32470327221	.github/workflows/browser-webkitgtk.yml	Browser (WebKitGTK, Linux)	324698700	Fix Quick Paste cache release test	dmytro-yevs	dmytro-yevs
32470327245	1	completed	success	push	main	4de6544ad24634c1ef187b1f5e90da6cfa60d046	2026-08-21T09:57:02Z	2026-08-21T09:57:02Z	2026-08-21T09:57:53Z	https://github.com/dmytro-yevs/copypaste/actions/runs/32470327245	.github/workflows/mutation-gate.yml	Mutation gate	334676987	Fix Quick Paste cache release test	dmytro-yevs	dmytro-yevs
32470327419	1	completed	success	push	main	4de6544ad24634c1ef187b1f5e90da6cfa60d046	2026-08-21T09:57:03Z	2026-08-21T09:57:03Z	2026-08-21T09:57:50Z	https://github.com/dmytro-yevs/copypaste/actions/runs/32470327419	.github/workflows/supply-chain.yml	Supply chain	323997017	Fix Quick Paste cache release test	dmytro-yevs	dmytro-yevs
32472268225	1	completed	failure	push	v2.0.0-alpha.30	4de6544ad24634c1ef187b1f5e90da6cfa60d046	2026-08-21T10:21:37Z	2026-08-21T10:21:37Z	2026-08-21T11:08:59Z	https://github.com/dmytro-yevs/copypaste/actions/runs/32472268225	.github/workflows/release.yml	Release	282057609	Fix Quick Paste cache release test	dmytro-yevs	dmytro-yevs
32474106264	1	completed	success	dynamic	main	2de091ae01de4b008d42f76c48ccf49b7077fd68	2026-08-21T10:45:44Z	2026-08-21T10:45:44Z	2026-08-21T10:48:43Z	https://github.com/dmytro-yevs/copypaste/actions/runs/32474106264	dynamic/github-code-scanning/codeql	Push on main	330681135	Push on main	dmytro-yevs	dmytro-yevs
32474106356	1	completed	success	push	main	2de091ae01de4b008d42f76c48ccf49b7077fd68	2026-08-21T10:45:44Z	2026-08-21T10:45:44Z	2026-08-21T10:53:45Z	https://github.com/dmytro-yevs/copypaste/actions/runs/32474106356	.github/workflows/browser-webkitgtk.yml	Browser (WebKitGTK, Linux)	324698700	Test missing Windows signing timestamp rejection	dmytro-yevs	dmytro-yevs
32474106417	1	completed	success	push	main	2de091ae01de4b008d42f76c48ccf49b7077fd68	2026-08-21T10:45:44Z	2026-08-21T10:45:44Z	2026-08-21T10:54:18Z	https://github.com/dmytro-yevs/copypaste/actions/runs/32474106417	.github/workflows/windows-native-e2e.yml	Windows native desktop E2E	330512982	Test missing Windows signing timestamp rejection	dmytro-yevs	dmytro-yevs
32474106427	1	completed	cancelled	push	main	2de091ae01de4b008d42f76c48ccf49b7077fd68	2026-08-21T10:45:44Z	2026-08-21T10:45:44Z	2026-08-21T10:59:32Z	https://github.com/dmytro-yevs/copypaste/actions/runs/32474106427	.github/workflows/ci.yml	CI	282057606	Test missing Windows signing timestamp rejection	dmytro-yevs	dmytro-yevs
32474106431	1	completed	success	push	main	2de091ae01de4b008d42f76c48ccf49b7077fd68	2026-08-21T10:45:44Z	2026-08-21T10:45:44Z	2026-08-21T10:46:35Z	https://github.com/dmytro-yevs/copypaste/actions/runs/32474106431	.github/workflows/mutation-gate.yml	Mutation gate	334676987	Test missing Windows signing timestamp rejection	dmytro-yevs	dmytro-yevs
32474106621	1	completed	success	push	main	2de091ae01de4b008d42f76c48ccf49b7077fd68	2026-08-21T10:45:44Z	2026-08-21T10:45:44Z	2026-08-21T10:46:56Z	https://github.com/dmytro-yevs/copypaste/actions/runs/32474106621	.github/workflows/supply-chain.yml	Supply chain	323997017	Test missing Windows signing timestamp rejection	dmytro-yevs	dmytro-yevs
32475133355	1	completed	success	dynamic	main	f76b17fefa69d290a34bdf595feb753cad6b47cc	2026-08-21T10:59:26Z	2026-08-21T10:59:26Z	2026-08-21T11:01:54Z	https://github.com/dmytro-yevs/copypaste/actions/runs/32475133355	dynamic/github-code-scanning/codeql	Push on main	330681135	Push on main	dmytro-yevs	dmytro-yevs
32475133668	1	completed	success	push	main	f76b17fefa69d290a34bdf595feb753cad6b47cc	2026-08-21T10:59:26Z	2026-08-21T10:59:26Z	2026-08-21T11:07:39Z	https://github.com/dmytro-yevs/copypaste/actions/runs/32475133668	.github/workflows/browser-webkitgtk.yml	Browser (WebKitGTK, Linux)	324698700	Fix RFC 3161 self-test fixture	dmytro-yevs	dmytro-yevs
32475133674	1	completed	success	push	main	f76b17fefa69d290a34bdf595feb753cad6b47cc	2026-08-21T10:59:26Z	2026-08-21T10:59:26Z	2026-08-21T11:00:32Z	https://github.com/dmytro-yevs/copypaste/actions/runs/32475133674	.github/workflows/mutation-gate.yml	Mutation gate	334676987	Fix RFC 3161 self-test fixture	dmytro-yevs	dmytro-yevs
32475133679	1	completed	cancelled	push	main	f76b17fefa69d290a34bdf595feb753cad6b47cc	2026-08-21T10:59:26Z	2026-08-21T10:59:26Z	2026-08-21T11:12:38Z	https://github.com/dmytro-yevs/copypaste/actions/runs/32475133679	.github/workflows/ci.yml	CI	282057606	Fix RFC 3161 self-test fixture	dmytro-yevs	dmytro-yevs
32475133780	1	completed	success	push	main	f76b17fefa69d290a34bdf595feb753cad6b47cc	2026-08-21T10:59:26Z	2026-08-21T10:59:26Z	2026-08-21T11:07:57Z	https://github.com/dmytro-yevs/copypaste/actions/runs/32475133780	.github/workflows/windows-native-e2e.yml	Windows native desktop E2E	330512982	Fix RFC 3161 self-test fixture	dmytro-yevs	dmytro-yevs
32475133846	1	completed	success	push	main	f76b17fefa69d290a34bdf595feb753cad6b47cc	2026-08-21T10:59:26Z	2026-08-21T10:59:26Z	2026-08-21T11:00:16Z	https://github.com/dmytro-yevs/copypaste/actions/runs/32475133846	.github/workflows/supply-chain.yml	Supply chain	323997017	Fix RFC 3161 self-test fixture	dmytro-yevs	dmytro-yevs
32476145097	1	completed	success	dynamic	main	43bd8ad32473d442988d152cc172c1dd337e64ba	2026-08-21T11:12:28Z	2026-08-21T11:12:28Z	2026-08-21T11:14:48Z	https://github.com/dmytro-yevs/copypaste/actions/runs/32476145097	dynamic/github-code-scanning/codeql	Push on main	330681135	Push on main	dmytro-yevs	dmytro-yevs
32476145649	1	completed	success	push	main	43bd8ad32473d442988d152cc172c1dd337e64ba	2026-08-21T11:12:28Z	2026-08-21T11:12:28Z	2026-08-21T11:19:48Z	https://github.com/dmytro-yevs/copypaste/actions/runs/32476145649	.github/workflows/browser-webkitgtk.yml	Browser (WebKitGTK, Linux)	324698700	Fix missing timestamp signing self-test	dmytro-yevs	dmytro-yevs
32476145762	1	completed	cancelled	push	main	43bd8ad32473d442988d152cc172c1dd337e64ba	2026-08-21T11:12:28Z	2026-08-21T11:12:28Z	2026-08-21T11:26:36Z	https://github.com/dmytro-yevs/copypaste/actions/runs/32476145762	.github/workflows/ci.yml	CI	282057606	Fix missing timestamp signing self-test	dmytro-yevs	dmytro-yevs
32476145808	1	completed	success	push	main	43bd8ad32473d442988d152cc172c1dd337e64ba	2026-08-21T11:12:28Z	2026-08-21T11:12:28Z	2026-08-21T11:20:52Z	https://github.com/dmytro-yevs/copypaste/actions/runs/32476145808	.github/workflows/windows-native-e2e.yml	Windows native desktop E2E	330512982	Fix missing timestamp signing self-test	dmytro-yevs	dmytro-yevs
32476145861	1	completed	success	push	main	43bd8ad32473d442988d152cc172c1dd337e64ba	2026-08-21T11:12:28Z	2026-08-21T11:12:28Z	2026-08-21T11:13:18Z	https://github.com/dmytro-yevs/copypaste/actions/runs/32476145861	.github/workflows/mutation-gate.yml	Mutation gate	334676987	Fix missing timestamp signing self-test	dmytro-yevs	dmytro-yevs
32476146142	1	completed	success	push	main	43bd8ad32473d442988d152cc172c1dd337e64ba	2026-08-21T11:12:28Z	2026-08-21T11:12:28Z	2026-08-21T11:13:25Z	https://github.com/dmytro-yevs/copypaste/actions/runs/32476146142	.github/workflows/supply-chain.yml	Supply chain	323997017	Fix missing timestamp signing self-test	dmytro-yevs	dmytro-yevs
32477216531	1	completed	success	dynamic	main	be5d81b5e48b01d2b723b9f3683a084d9dfa02e9	2026-08-21T11:26:30Z	2026-08-21T11:26:30Z	2026-08-21T11:29:09Z	https://github.com/dmytro-yevs/copypaste/actions/runs/32477216531	dynamic/github-code-scanning/codeql	Push on main	330681135	Push on main	dmytro-yevs	dmytro-yevs
32477217086	1	completed	success	push	main	be5d81b5e48b01d2b723b9f3683a084d9dfa02e9	2026-08-21T11:26:31Z	2026-08-21T11:26:31Z	2026-08-21T11:33:58Z	https://github.com/dmytro-yevs/copypaste/actions/runs/32477217086	.github/workflows/browser-webkitgtk.yml	Browser (WebKitGTK, Linux)	324698700	Guard untimestamped CMS fixture output	dmytro-yevs	dmytro-yevs
32477217136	1	completed	success	push	main	be5d81b5e48b01d2b723b9f3683a084d9dfa02e9	2026-08-21T11:26:31Z	2026-08-21T11:26:31Z	2026-08-21T11:27:29Z	https://github.com/dmytro-yevs/copypaste/actions/runs/32477217136	.github/workflows/mutation-gate.yml	Mutation gate	334676987	Guard untimestamped CMS fixture output	dmytro-yevs	dmytro-yevs
32477217146	1	completed	success	push	main	be5d81b5e48b01d2b723b9f3683a084d9dfa02e9	2026-08-21T11:26:31Z	2026-08-21T11:26:31Z	2026-08-21T11:34:18Z	https://github.com/dmytro-yevs/copypaste/actions/runs/32477217146	.github/workflows/windows-native-e2e.yml	Windows native desktop E2E	330512982	Guard untimestamped CMS fixture output	dmytro-yevs	dmytro-yevs
32477217149	1	completed	cancelled	push	main	be5d81b5e48b01d2b723b9f3683a084d9dfa02e9	2026-08-21T11:26:31Z	2026-08-21T11:26:31Z	2026-08-21T11:39:29Z	https://github.com/dmytro-yevs/copypaste/actions/runs/32477217149	.github/workflows/ci.yml	CI	282057606	Guard untimestamped CMS fixture output	dmytro-yevs	dmytro-yevs
32477217347	1	completed	success	push	main	be5d81b5e48b01d2b723b9f3683a084d9dfa02e9	2026-08-21T11:26:31Z	2026-08-21T11:26:31Z	2026-08-21T11:27:27Z	https://github.com/dmytro-yevs/copypaste/actions/runs/32477217347	.github/workflows/supply-chain.yml	Supply chain	323997017	Guard untimestamped CMS fixture output	dmytro-yevs	dmytro-yevs
32478198628	1	completed	success	push	main	18a9baefeba621bc80c193e208177492fcaca5cc	2026-08-21T11:39:23Z	2026-08-21T11:39:23Z	2026-08-21T11:40:19Z	https://github.com/dmytro-yevs/copypaste/actions/runs/32478198628	.github/workflows/mutation-gate.yml	Mutation gate	334676987	Fix embedded signature reader scope	dmytro-yevs	dmytro-yevs
32478198632	1	completed	success	push	main	18a9baefeba621bc80c193e208177492fcaca5cc	2026-08-21T11:39:23Z	2026-08-21T11:39:23Z	2026-08-21T11:48:03Z	https://github.com/dmytro-yevs/copypaste/actions/runs/32478198632	.github/workflows/browser-webkitgtk.yml	Browser (WebKitGTK, Linux)	324698700	Fix embedded signature reader scope	dmytro-yevs	dmytro-yevs
32478198647	1	completed	success	push	main	18a9baefeba621bc80c193e208177492fcaca5cc	2026-08-21T11:39:23Z	2026-08-21T11:39:23Z	2026-08-21T11:47:04Z	https://github.com/dmytro-yevs/copypaste/actions/runs/32478198647	.github/workflows/windows-native-e2e.yml	Windows native desktop E2E	330512982	Fix embedded signature reader scope	dmytro-yevs	dmytro-yevs
32478198672	1	completed	success	dynamic	main	18a9baefeba621bc80c193e208177492fcaca5cc	2026-08-21T11:39:23Z	2026-08-21T11:39:23Z	2026-08-21T11:41:53Z	https://github.com/dmytro-yevs/copypaste/actions/runs/32478198672	dynamic/github-code-scanning/codeql	Push on main	330681135	Push on main	dmytro-yevs	dmytro-yevs
32478198799	1	completed	failure	push	main	18a9baefeba621bc80c193e208177492fcaca5cc	2026-08-21T11:39:23Z	2026-08-21T11:39:23Z	2026-08-21T11:58:57Z	https://github.com/dmytro-yevs/copypaste/actions/runs/32478198799	.github/workflows/ci.yml	CI	282057606	Fix embedded signature reader scope	dmytro-yevs	dmytro-yevs
32478198831	1	completed	success	push	main	18a9baefeba621bc80c193e208177492fcaca5cc	2026-08-21T11:39:23Z	2026-08-21T11:39:23Z	2026-08-21T11:40:27Z	https://github.com/dmytro-yevs/copypaste/actions/runs/32478198831	.github/workflows/supply-chain.yml	Supply chain	323997017	Fix embedded signature reader scope	dmytro-yevs	dmytro-yevs
32480168784	1	completed	success	dynamic	main	6fd3f2799859901975bc2e53f6b9b77b9bbeea41	2026-08-21T12:04:46Z	2026-08-21T12:04:46Z	2026-08-21T12:07:44Z	https://github.com/dmytro-yevs/copypaste/actions/runs/32480168784	dynamic/github-code-scanning/codeql	Push on main	330681135	Push on main	dmytro-yevs	dmytro-yevs
32480169473	1	completed	cancelled	push	main	6fd3f2799859901975bc2e53f6b9b77b9bbeea41	2026-08-21T12:04:47Z	2026-08-21T12:04:47Z	2026-08-21T12:19:09Z	https://github.com/dmytro-yevs/copypaste/actions/runs/32480169473	.github/workflows/ci.yml	CI	282057606	Require an unambiguous installed sidecar	dmytro-yevs	dmytro-yevs
32480169507	1	completed	failure	push	main	6fd3f2799859901975bc2e53f6b9b77b9bbeea41	2026-08-21T12:04:47Z	2026-08-21T12:04:47Z	2026-08-21T12:05:46Z	https://github.com/dmytro-yevs/copypaste/actions/runs/32480169507	.github/workflows/mutation-gate.yml	Mutation gate	334676987	Require an unambiguous installed sidecar	dmytro-yevs	dmytro-yevs
32480169537	1	completed	success	push	main	6fd3f2799859901975bc2e53f6b9b77b9bbeea41	2026-08-21T12:04:47Z	2026-08-21T12:04:47Z	2026-08-21T12:13:17Z	https://github.com/dmytro-yevs/copypaste/actions/runs/32480169537	.github/workflows/windows-native-e2e.yml	Windows native desktop E2E	330512982	Require an unambiguous installed sidecar	dmytro-yevs	dmytro-yevs
32480169538	1	completed	success	push	main	6fd3f2799859901975bc2e53f6b9b77b9bbeea41	2026-08-21T12:04:47Z	2026-08-21T12:04:47Z	2026-08-21T12:12:35Z	https://github.com/dmytro-yevs/copypaste/actions/runs/32480169538	.github/workflows/browser-webkitgtk.yml	Browser (WebKitGTK, Linux)	324698700	Require an unambiguous installed sidecar	dmytro-yevs	dmytro-yevs
32480169700	1	completed	success	push	main	6fd3f2799859901975bc2e53f6b9b77b9bbeea41	2026-08-21T12:04:47Z	2026-08-21T12:04:47Z	2026-08-21T12:06:03Z	https://github.com/dmytro-yevs/copypaste/actions/runs/32480169700	.github/workflows/supply-chain.yml	Supply chain	323997017	Require an unambiguous installed sidecar	dmytro-yevs	dmytro-yevs
32481305650	1	completed	success	dynamic	main	79ecf9e8c0f910f1aa9a19570c0c7dd32370bb1b	2026-08-21T12:19:02Z	2026-08-21T12:19:02Z	2026-08-21T12:21:35Z	https://github.com/dmytro-yevs/copypaste/actions/runs/32481305650	dynamic/github-code-scanning/codeql	Push on main	330681135	Push on main	dmytro-yevs	dmytro-yevs
32481306499	1	completed	success	push	main	79ecf9e8c0f910f1aa9a19570c0c7dd32370bb1b	2026-08-21T12:19:03Z	2026-08-21T12:19:03Z	2026-08-21T12:20:01Z	https://github.com/dmytro-yevs/copypaste/actions/runs/32481306499	.github/workflows/mutation-gate.yml	Mutation gate	334676987	Avoid duplicate Windows readiness self-tests	dmytro-yevs	dmytro-yevs
32481306524	1	completed	success	push	main	79ecf9e8c0f910f1aa9a19570c0c7dd32370bb1b	2026-08-21T12:19:03Z	2026-08-21T12:19:03Z	2026-08-21T12:27:00Z	https://github.com/dmytro-yevs/copypaste/actions/runs/32481306524	.github/workflows/browser-webkitgtk.yml	Browser (WebKitGTK, Linux)	324698700	Avoid duplicate Windows readiness self-tests	dmytro-yevs	dmytro-yevs
32481306538	1	completed	success	push	main	79ecf9e8c0f910f1aa9a19570c0c7dd32370bb1b	2026-08-21T12:19:03Z	2026-08-21T12:19:03Z	2026-08-21T12:39:19Z	https://github.com/dmytro-yevs/copypaste/actions/runs/32481306538	.github/workflows/ci.yml	CI	282057606	Avoid duplicate Windows readiness self-tests	dmytro-yevs	dmytro-yevs
32481306688	1	completed	failure	push	main	79ecf9e8c0f910f1aa9a19570c0c7dd32370bb1b	2026-08-21T12:19:03Z	2026-08-21T12:19:03Z	2026-08-21T12:27:41Z	https://github.com/dmytro-yevs/copypaste/actions/runs/32481306688	.github/workflows/windows-native-e2e.yml	Windows native desktop E2E	330512982	Avoid duplicate Windows readiness self-tests	dmytro-yevs	dmytro-yevs
32481306692	1	completed	success	push	main	79ecf9e8c0f910f1aa9a19570c0c7dd32370bb1b	2026-08-21T12:19:03Z	2026-08-21T12:19:03Z	2026-08-21T12:19:55Z	https://github.com/dmytro-yevs/copypaste/actions/runs/32481306692	.github/workflows/supply-chain.yml	Supply chain	323997017	Avoid duplicate Windows readiness self-tests	dmytro-yevs	dmytro-yevs
32488431776	1	completed	success	dynamic	main	8c9e5318d6a17b092f07c0deadf0b42fd2efc5a4	2026-08-21T13:44:35Z	2026-08-21T13:44:35Z	2026-08-21T13:48:16Z	https://github.com/dmytro-yevs/copypaste/actions/runs/32488431776	dynamic/github-code-scanning/codeql	Push on main	330681135	Push on main	dmytro-yevs	dmytro-yevs
32488433046	1	completed	cancelled	push	main	8c9e5318d6a17b092f07c0deadf0b42fd2efc5a4	2026-08-21T13:44:36Z	2026-08-21T13:44:36Z	2026-08-21T14:06:05Z	https://github.com/dmytro-yevs/copypaste/actions/runs/32488433046	.github/workflows/android-emulator.yml	Android emulator	324448484	Regenerate Android settings on assembly runner	dmytro-yevs	dmytro-yevs
32488433161	1	completed	failure	push	main	8c9e5318d6a17b092f07c0deadf0b42fd2efc5a4	2026-08-21T13:44:36Z	2026-08-21T13:44:36Z	2026-08-21T14:08:41Z	https://github.com/dmytro-yevs/copypaste/actions/runs/32488433161	.github/workflows/ci.yml	CI	282057606	Regenerate Android settings on assembly runner	dmytro-yevs	dmytro-yevs
32488433242	1	completed	success	push	main	8c9e5318d6a17b092f07c0deadf0b42fd2efc5a4	2026-08-21T13:44:36Z	2026-08-21T13:44:36Z	2026-08-21T13:53:05Z	https://github.com/dmytro-yevs/copypaste/actions/runs/32488433242	.github/workflows/windows-native-e2e.yml	Windows native desktop E2E	330512982	Regenerate Android settings on assembly runner	dmytro-yevs	dmytro-yevs
32488433258	1	completed	success	push	main	8c9e5318d6a17b092f07c0deadf0b42fd2efc5a4	2026-08-21T13:44:36Z	2026-08-21T13:44:36Z	2026-08-21T13:52:23Z	https://github.com/dmytro-yevs/copypaste/actions/runs/32488433258	.github/workflows/browser-webkitgtk.yml	Browser (WebKitGTK, Linux)	324698700	Regenerate Android settings on assembly runner	dmytro-yevs	dmytro-yevs
32488433263	1	completed	success	push	main	8c9e5318d6a17b092f07c0deadf0b42fd2efc5a4	2026-08-21T13:44:36Z	2026-08-21T13:44:36Z	2026-08-21T13:45:32Z	https://github.com/dmytro-yevs/copypaste/actions/runs/32488433263	.github/workflows/mutation-gate.yml	Mutation gate	334676987	Regenerate Android settings on assembly runner	dmytro-yevs	dmytro-yevs
32488433803	1	completed	success	push	main	8c9e5318d6a17b092f07c0deadf0b42fd2efc5a4	2026-08-21T13:44:36Z	2026-08-21T13:44:36Z	2026-08-21T13:47:29Z	https://github.com/dmytro-yevs/copypaste/actions/runs/32488433803	.github/workflows/supply-chain.yml	Supply chain	323997017	Regenerate Android settings on assembly runner	dmytro-yevs	dmytro-yevs
32492372223	1	completed	success	dynamic	main	b4236aac8d9bf4c2bb5e5ba9b6fbc5e40b12aa9b	2026-08-21T14:28:59Z	2026-08-21T14:28:59Z	2026-08-21T14:31:53Z	https://github.com/dmytro-yevs/copypaste/actions/runs/32492372223	dynamic/github-code-scanning/codeql	Push on main	330681135	Push on main	dmytro-yevs	dmytro-yevs
32492372981	1	completed	success	push	main	b4236aac8d9bf4c2bb5e5ba9b6fbc5e40b12aa9b	2026-08-21T14:29:00Z	2026-08-21T14:29:00Z	2026-08-21T14:47:09Z	https://github.com/dmytro-yevs/copypaste/actions/runs/32492372981	.github/workflows/ci.yml	CI	282057606	Guard Android ABI link sharding	dmytro-yevs	dmytro-yevs
32492372986	1	completed	success	push	main	b4236aac8d9bf4c2bb5e5ba9b6fbc5e40b12aa9b	2026-08-21T14:29:00Z	2026-08-21T14:29:00Z	2026-08-21T14:46:31Z	https://github.com/dmytro-yevs/copypaste/actions/runs/32492372986	.github/workflows/android-emulator.yml	Android emulator	324448484	Guard Android ABI link sharding	dmytro-yevs	dmytro-yevs
32492372993	1	completed	success	push	main	b4236aac8d9bf4c2bb5e5ba9b6fbc5e40b12aa9b	2026-08-21T14:29:00Z	2026-08-21T14:29:00Z	2026-08-21T14:38:29Z	https://github.com/dmytro-yevs/copypaste/actions/runs/32492372993	.github/workflows/windows-native-e2e.yml	Windows native desktop E2E	330512982	Guard Android ABI link sharding	dmytro-yevs	dmytro-yevs
32492373001	1	completed	success	push	main	b4236aac8d9bf4c2bb5e5ba9b6fbc5e40b12aa9b	2026-08-21T14:29:00Z	2026-08-21T14:29:00Z	2026-08-21T14:30:05Z	https://github.com/dmytro-yevs/copypaste/actions/runs/32492373001	.github/workflows/mutation-gate.yml	Mutation gate	334676987	Guard Android ABI link sharding	dmytro-yevs	dmytro-yevs
32492373026	1	completed	success	push	main	b4236aac8d9bf4c2bb5e5ba9b6fbc5e40b12aa9b	2026-08-21T14:29:00Z	2026-08-21T14:29:00Z	2026-08-21T14:36:47Z	https://github.com/dmytro-yevs/copypaste/actions/runs/32492373026	.github/workflows/browser-webkitgtk.yml	Browser (WebKitGTK, Linux)	324698700	Guard Android ABI link sharding	dmytro-yevs	dmytro-yevs
32492373079	1	completed	success	push	main	b4236aac8d9bf4c2bb5e5ba9b6fbc5e40b12aa9b	2026-08-21T14:29:00Z	2026-08-21T14:29:00Z	2026-08-21T14:30:02Z	https://github.com/dmytro-yevs/copypaste/actions/runs/32492373079	.github/workflows/supply-chain.yml	Supply chain	323997017	Guard Android ABI link sharding	dmytro-yevs	dmytro-yevs
32494548483	1	completed	success	dynamic	main	705e0da2512923943e10cf3b9efc0575dfc3aa89	2026-08-21T14:52:56Z	2026-08-21T14:52:56Z	2026-08-21T14:57:07Z	https://github.com/dmytro-yevs/copypaste/actions/runs/32494548483	dynamic/github-code-scanning/codeql	Push on main	330681135	Push on main	dmytro-yevs	dmytro-yevs
32494549512	1	completed	success	push	main	705e0da2512923943e10cf3b9efc0575dfc3aa89	2026-08-21T14:52:57Z	2026-08-21T14:52:57Z	2026-08-21T15:01:45Z	https://github.com/dmytro-yevs/copypaste/actions/runs/32494549512	.github/workflows/browser-webkitgtk.yml	Browser (WebKitGTK, Linux)	324698700	Harden Windows launch diagnostic evidence	dmytro-yevs	dmytro-yevs
32494549516	1	completed	success	push	main	705e0da2512923943e10cf3b9efc0575dfc3aa89	2026-08-21T14:52:57Z	2026-08-21T14:52:57Z	2026-08-21T15:01:36Z	https://github.com/dmytro-yevs/copypaste/actions/runs/32494549516	.github/workflows/windows-native-e2e.yml	Windows native desktop E2E	330512982	Harden Windows launch diagnostic evidence	dmytro-yevs	dmytro-yevs
32494549537	1	completed	failure	push	main	705e0da2512923943e10cf3b9efc0575dfc3aa89	2026-08-21T14:52:57Z	2026-08-21T14:52:57Z	2026-08-21T15:13:48Z	https://github.com/dmytro-yevs/copypaste/actions/runs/32494549537	.github/workflows/ci.yml	CI	282057606	Harden Windows launch diagnostic evidence	dmytro-yevs	dmytro-yevs
32494549543	1	completed	failure	push	main	705e0da2512923943e10cf3b9efc0575dfc3aa89	2026-08-21T14:52:57Z	2026-08-21T14:52:57Z	2026-08-21T14:53:56Z	https://github.com/dmytro-yevs/copypaste/actions/runs/32494549543	.github/workflows/mutation-gate.yml	Mutation gate	334676987	Harden Windows launch diagnostic evidence	dmytro-yevs	dmytro-yevs
32494549544	1	completed	success	push	main	705e0da2512923943e10cf3b9efc0575dfc3aa89	2026-08-21T14:52:57Z	2026-08-21T14:52:57Z	2026-08-21T15:13:51Z	https://github.com/dmytro-yevs/copypaste/actions/runs/32494549544	.github/workflows/android-emulator.yml	Android emulator	324448484	Harden Windows launch diagnostic evidence	dmytro-yevs	dmytro-yevs
32494549849	1	completed	success	push	main	705e0da2512923943e10cf3b9efc0575dfc3aa89	2026-08-21T14:52:57Z	2026-08-21T14:52:57Z	2026-08-21T14:56:43Z	https://github.com/dmytro-yevs/copypaste/actions/runs/32494549849	.github/workflows/supply-chain.yml	Supply chain	323997017	Harden Windows launch diagnostic evidence	dmytro-yevs	dmytro-yevs
32498751852	1	completed	success	dynamic	main	46e3a1b03d328df354c8d8695f43bd04553ef478	2026-08-21T15:39:09Z	2026-08-21T15:39:09Z	2026-08-21T15:43:39Z	https://github.com/dmytro-yevs/copypaste/actions/runs/32498751852	dynamic/github-code-scanning/codeql	Push on main	330681135	Push on main	dmytro-yevs	dmytro-yevs
32498752499	1	completed	cancelled	push	main	46e3a1b03d328df354c8d8695f43bd04553ef478	2026-08-21T15:39:09Z	2026-08-21T15:39:09Z	2026-08-21T15:42:13Z	https://github.com/dmytro-yevs/copypaste/actions/runs/32498752499	.github/workflows/windows-native-e2e.yml	Windows native desktop E2E	330512982	Fix Windows trace subscription cleanup	dmytro-yevs	dmytro-yevs
32498752517	1	completed	cancelled	push	main	46e3a1b03d328df354c8d8695f43bd04553ef478	2026-08-21T15:39:09Z	2026-08-21T15:39:09Z	2026-08-21T15:42:26Z	https://github.com/dmytro-yevs/copypaste/actions/runs/32498752517	.github/workflows/browser-webkitgtk.yml	Browser (WebKitGTK, Linux)	324698700	Fix Windows trace subscription cleanup	dmytro-yevs	dmytro-yevs
32498752535	1	completed	failure	push	main	46e3a1b03d328df354c8d8695f43bd04553ef478	2026-08-21T15:39:09Z	2026-08-21T15:39:09Z	2026-08-21T15:40:12Z	https://github.com/dmytro-yevs/copypaste/actions/runs/32498752535	.github/workflows/mutation-gate.yml	Mutation gate	334676987	Fix Windows trace subscription cleanup	dmytro-yevs	dmytro-yevs
32498752544	1	completed	success	push	main	46e3a1b03d328df354c8d8695f43bd04553ef478	2026-08-21T15:39:09Z	2026-08-21T15:39:09Z	2026-08-21T15:56:39Z	https://github.com/dmytro-yevs/copypaste/actions/runs/32498752544	.github/workflows/android-emulator.yml	Android emulator	324448484	Fix Windows trace subscription cleanup	dmytro-yevs	dmytro-yevs
32498752546	1	completed	cancelled	push	main	46e3a1b03d328df354c8d8695f43bd04553ef478	2026-08-21T15:39:09Z	2026-08-21T15:39:09Z	2026-08-21T15:44:22Z	https://github.com/dmytro-yevs/copypaste/actions/runs/32498752546	.github/workflows/ci.yml	CI	282057606	Fix Windows trace subscription cleanup	dmytro-yevs	dmytro-yevs
32498752794	1	completed	success	push	main	46e3a1b03d328df354c8d8695f43bd04553ef478	2026-08-21T15:39:09Z	2026-08-21T15:39:09Z	2026-08-21T15:40:09Z	https://github.com/dmytro-yevs/copypaste/actions/runs/32498752794	.github/workflows/supply-chain.yml	Supply chain	323997017	Fix Windows trace subscription cleanup	dmytro-yevs	dmytro-yevs
32499025302	1	completed	success	dynamic	main	12679babcc4cbda18676dc7ebe48689fd5415c39	2026-08-21T15:42:08Z	2026-08-21T15:42:08Z	2026-08-21T15:45:32Z	https://github.com/dmytro-yevs/copypaste/actions/runs/32499025302	dynamic/github-code-scanning/codeql	Push on main	330681135	Push on main	dmytro-yevs	dmytro-yevs
32499025913	1	completed	failure	push	main	12679babcc4cbda18676dc7ebe48689fd5415c39	2026-08-21T15:42:09Z	2026-08-21T15:42:09Z	2026-08-21T15:43:19Z	https://github.com/dmytro-yevs/copypaste/actions/runs/32499025913	.github/workflows/mutation-gate.yml	Mutation gate	334676987	Fix equal-time Windows PID reuse	dmytro-yevs	dmytro-yevs
32499025918	1	completed	cancelled	push	main	12679babcc4cbda18676dc7ebe48689fd5415c39	2026-08-21T15:42:09Z	2026-08-21T15:42:09Z	2026-08-21T15:46:07Z	https://github.com/dmytro-yevs/copypaste/actions/runs/32499025918	.github/workflows/ci.yml	CI	282057606	Fix equal-time Windows PID reuse	dmytro-yevs	dmytro-yevs
32499025923	1	completed	cancelled	push	main	12679babcc4cbda18676dc7ebe48689fd5415c39	2026-08-21T15:42:09Z	2026-08-21T15:42:09Z	2026-08-21T15:45:15Z	https://github.com/dmytro-yevs/copypaste/actions/runs/32499025923	.github/workflows/windows-native-e2e.yml	Windows native desktop E2E	330512982	Fix equal-time Windows PID reuse	dmytro-yevs	dmytro-yevs
32499025990	1	completed	cancelled	push	main	12679babcc4cbda18676dc7ebe48689fd5415c39	2026-08-21T15:42:09Z	2026-08-21T15:42:09Z	2026-08-21T15:45:24Z	https://github.com/dmytro-yevs/copypaste/actions/runs/32499025990	.github/workflows/browser-webkitgtk.yml	Browser (WebKitGTK, Linux)	324698700	Fix equal-time Windows PID reuse	dmytro-yevs	dmytro-yevs
32499026056	1	completed	success	push	main	12679babcc4cbda18676dc7ebe48689fd5415c39	2026-08-21T15:42:09Z	2026-08-21T15:42:09Z	2026-08-21T15:43:34Z	https://github.com/dmytro-yevs/copypaste/actions/runs/32499026056	.github/workflows/supply-chain.yml	Supply chain	323997017	Fix equal-time Windows PID reuse	dmytro-yevs	dmytro-yevs
32499297607	1	completed	success	dynamic	main	7cecdf9190550c6c8f34123a44e70d63953efbf5	2026-08-21T15:45:09Z	2026-08-21T15:45:09Z	2026-08-21T15:48:00Z	https://github.com/dmytro-yevs/copypaste/actions/runs/32499297607	dynamic/github-code-scanning/codeql	Push on main	330681135	Push on main	dmytro-yevs	dmytro-yevs
32499297647	1	completed	cancelled	push	main	7cecdf9190550c6c8f34123a44e70d63953efbf5	2026-08-21T15:45:09Z	2026-08-21T15:45:09Z	2026-08-21T15:46:03Z	https://github.com/dmytro-yevs/copypaste/actions/runs/32499297647	.github/workflows/mutation-gate.yml	Mutation gate	334676987	Fix StrictMode Windows trace property access	dmytro-yevs	dmytro-yevs
32499297759	1	completed	cancelled	push	main	7cecdf9190550c6c8f34123a44e70d63953efbf5	2026-08-21T15:45:09Z	2026-08-21T15:45:09Z	2026-08-21T15:46:02Z	https://github.com/dmytro-yevs/copypaste/actions/runs/32499297759	.github/workflows/browser-webkitgtk.yml	Browser (WebKitGTK, Linux)	324698700	Fix StrictMode Windows trace property access	dmytro-yevs	dmytro-yevs
32499297765	1	completed	cancelled	push	main	7cecdf9190550c6c8f34123a44e70d63953efbf5	2026-08-21T15:45:09Z	2026-08-21T15:45:09Z	2026-08-21T15:45:47Z	https://github.com/dmytro-yevs/copypaste/actions/runs/32499297765	.github/workflows/ci.yml	CI	282057606	Fix StrictMode Windows trace property access	dmytro-yevs	dmytro-yevs
32499297792	1	completed	cancelled	push	main	7cecdf9190550c6c8f34123a44e70d63953efbf5	2026-08-21T15:45:09Z	2026-08-21T15:45:09Z	2026-08-21T15:45:51Z	https://github.com/dmytro-yevs/copypaste/actions/runs/32499297792	.github/workflows/windows-native-e2e.yml	Windows native desktop E2E	330512982	Fix StrictMode Windows trace property access	dmytro-yevs	dmytro-yevs
32499298371	1	completed	cancelled	push	main	7cecdf9190550c6c8f34123a44e70d63953efbf5	2026-08-21T15:45:10Z	2026-08-21T15:45:10Z	2026-08-21T15:46:02Z	https://github.com/dmytro-yevs/copypaste/actions/runs/32499298371	.github/workflows/supply-chain.yml	Supply chain	323997017	Fix StrictMode Windows trace property access	dmytro-yevs	dmytro-yevs
32499355488	1	completed	success	dynamic	main	42cb000c3bf75de61e966a431b4ede57bb197ba5	2026-08-21T15:45:46Z	2026-08-21T15:45:46Z	2026-08-21T15:48:15Z	https://github.com/dmytro-yevs/copypaste/actions/runs/32499355488	dynamic/github-code-scanning/codeql	Push on main	330681135	Push on main	dmytro-yevs	dmytro-yevs
32499355575	1	completed	success	push	main	42cb000c3bf75de61e966a431b4ede57bb197ba5	2026-08-21T15:45:46Z	2026-08-21T15:45:46Z	2026-08-21T16:05:18Z	https://github.com/dmytro-yevs/copypaste/actions/runs/32499355575	.github/workflows/ci.yml	CI	282057606	Exercise missing Windows start exit status	dmytro-yevs	dmytro-yevs
32499355580	1	completed	success	push	main	42cb000c3bf75de61e966a431b4ede57bb197ba5	2026-08-21T15:45:46Z	2026-08-21T15:45:46Z	2026-08-21T15:53:56Z	https://github.com/dmytro-yevs/copypaste/actions/runs/32499355580	.github/workflows/browser-webkitgtk.yml	Browser (WebKitGTK, Linux)	324698700	Exercise missing Windows start exit status	dmytro-yevs	dmytro-yevs
32499355584	1	completed	success	push	main	42cb000c3bf75de61e966a431b4ede57bb197ba5	2026-08-21T15:45:46Z	2026-08-21T15:45:46Z	2026-08-21T15:52:19Z	https://github.com/dmytro-yevs/copypaste/actions/runs/32499355584	.github/workflows/mutation-gate.yml	Mutation gate	334676987	Exercise missing Windows start exit status	dmytro-yevs	dmytro-yevs
32499355588	1	completed	success	push	main	42cb000c3bf75de61e966a431b4ede57bb197ba5	2026-08-21T15:45:46Z	2026-08-21T15:45:46Z	2026-08-21T15:55:41Z	https://github.com/dmytro-yevs/copypaste/actions/runs/32499355588	.github/workflows/windows-native-e2e.yml	Windows native desktop E2E	330512982	Exercise missing Windows start exit status	dmytro-yevs	dmytro-yevs
32499355692	1	completed	success	push	main	42cb000c3bf75de61e966a431b4ede57bb197ba5	2026-08-21T15:45:46Z	2026-08-21T15:45:46Z	2026-08-21T15:47:09Z	https://github.com/dmytro-yevs/copypaste/actions/runs/32499355692	.github/workflows/supply-chain.yml	Supply chain	323997017	Exercise missing Windows start exit status	dmytro-yevs	dmytro-yevs
32501145347	1	completed	cancelled	workflow_dispatch	main	42cb000c3bf75de61e966a431b4ede57bb197ba5	2026-08-21T16:05:55Z	2026-08-21T16:05:55Z	2026-08-21T16:33:14Z	https://github.com/dmytro-yevs/copypaste/actions/runs/32501145347	.github/workflows/native-nightly.yml	Nightly native matrix	330512981	Nightly native matrix	dmytro-yevs	dmytro-yevs
32501147656	1	completed	success	workflow_dispatch	main	42cb000c3bf75de61e966a431b4ede57bb197ba5	2026-08-21T16:05:56Z	2026-08-21T16:05:56Z	2026-08-21T16:29:03Z	https://github.com/dmytro-yevs/copypaste/actions/runs/32501147656	.github/workflows/android-emulator.yml	Android emulator	324448484	Android emulator	dmytro-yevs	dmytro-yevs
32501491614	1	completed	success	dynamic	main	3965dd9166ed3c25dc825dc4941badc5ede6b71d	2026-08-21T16:09:48Z	2026-08-21T16:09:48Z	2026-08-21T16:19:08Z	https://github.com/dmytro-yevs/copypaste/actions/runs/32501491614	dynamic/github-code-scanning/codeql	Push on main	330681135	Push on main	dmytro-yevs	dmytro-yevs
32501492023	1	completed	success	push	main	3965dd9166ed3c25dc825dc4941badc5ede6b71d	2026-08-21T16:09:49Z	2026-08-21T16:09:49Z	2026-08-21T16:32:29Z	https://github.com/dmytro-yevs/copypaste/actions/runs/32501492023	.github/workflows/android-emulator.yml	Android emulator	324448484	Bump to 2.0.0-alpha.31	dmytro-yevs	dmytro-yevs
32501492086	1	completed	success	push	main	3965dd9166ed3c25dc825dc4941badc5ede6b71d	2026-08-21T16:09:49Z	2026-08-21T16:09:49Z	2026-08-21T16:17:54Z	https://github.com/dmytro-yevs/copypaste/actions/runs/32501492086	.github/workflows/browser-webkitgtk.yml	Browser (WebKitGTK, Linux)	324698700	Bump to 2.0.0-alpha.31	dmytro-yevs	dmytro-yevs
32501492146	1	completed	success	push	main	3965dd9166ed3c25dc825dc4941badc5ede6b71d	2026-08-21T16:09:49Z	2026-08-21T16:09:49Z	2026-08-21T16:30:55Z	https://github.com/dmytro-yevs/copypaste/actions/runs/32501492146	.github/workflows/windows-native-e2e.yml	Windows native desktop E2E	330512982	Bump to 2.0.0-alpha.31	dmytro-yevs	dmytro-yevs
32501492270	1	completed	success	push	main	3965dd9166ed3c25dc825dc4941badc5ede6b71d	2026-08-21T16:09:49Z	2026-08-21T16:09:49Z	2026-08-21T16:29:59Z	https://github.com/dmytro-yevs/copypaste/actions/runs/32501492270	.github/workflows/ci.yml	CI	282057606	Bump to 2.0.0-alpha.31	dmytro-yevs	dmytro-yevs
32501492272	1	completed	success	push	main	3965dd9166ed3c25dc825dc4941badc5ede6b71d	2026-08-21T16:09:49Z	2026-08-21T16:09:49Z	2026-08-21T16:16:48Z	https://github.com/dmytro-yevs/copypaste/actions/runs/32501492272	.github/workflows/mutation-gate.yml	Mutation gate	334676987	Bump to 2.0.0-alpha.31	dmytro-yevs	dmytro-yevs
32501492404	1	completed	success	push	main	3965dd9166ed3c25dc825dc4941badc5ede6b71d	2026-08-21T16:09:49Z	2026-08-21T16:09:49Z	2026-08-21T16:18:17Z	https://github.com/dmytro-yevs/copypaste/actions/runs/32501492404	.github/workflows/supply-chain.yml	Supply chain	323997017	Bump to 2.0.0-alpha.31	dmytro-yevs	dmytro-yevs
32503792502	1	completed	success	dynamic	main	2cbe51b4e4aa044007e631aaea4176882c5e3a6c	2026-08-21T16:36:29Z	2026-08-21T16:36:29Z	2026-08-21T16:40:50Z	https://github.com/dmytro-yevs/copypaste/actions/runs/32503792502	dynamic/github-code-scanning/codeql	Push on main	330681135	Push on main	dmytro-yevs	dmytro-yevs
32503793398	1	completed	success	push	main	2cbe51b4e4aa044007e631aaea4176882c5e3a6c	2026-08-21T16:36:30Z	2026-08-21T16:36:30Z	2026-08-21T16:44:25Z	https://github.com/dmytro-yevs/copypaste/actions/runs/32503793398	.github/workflows/windows-native-e2e.yml	Windows native desktop E2E	330512982	Accept unsigned nightly updater evidence	dmytro-yevs	dmytro-yevs
32503793416	1	completed	success	push	main	2cbe51b4e4aa044007e631aaea4176882c5e3a6c	2026-08-21T16:36:30Z	2026-08-21T16:36:30Z	2026-08-21T16:46:35Z	https://github.com/dmytro-yevs/copypaste/actions/runs/32503793416	.github/workflows/browser-webkitgtk.yml	Browser (WebKitGTK, Linux)	324698700	Accept unsigned nightly updater evidence	dmytro-yevs	dmytro-yevs
32503793446	1	completed	success	push	main	2cbe51b4e4aa044007e631aaea4176882c5e3a6c	2026-08-21T16:36:30Z	2026-08-21T16:36:30Z	2026-08-21T16:51:28Z	https://github.com/dmytro-yevs/copypaste/actions/runs/32503793446	.github/workflows/ci.yml	CI	282057606	Accept unsigned nightly updater evidence	dmytro-yevs	dmytro-yevs
32503793513	1	completed	success	push	main	2cbe51b4e4aa044007e631aaea4176882c5e3a6c	2026-08-21T16:36:30Z	2026-08-21T16:36:30Z	2026-08-21T16:41:02Z	https://github.com/dmytro-yevs/copypaste/actions/runs/32503793513	.github/workflows/mutation-gate.yml	Mutation gate	334676987	Accept unsigned nightly updater evidence	dmytro-yevs	dmytro-yevs
32503793806	1	completed	success	push	main	2cbe51b4e4aa044007e631aaea4176882c5e3a6c	2026-08-21T16:36:30Z	2026-08-21T16:36:30Z	2026-08-21T16:38:12Z	https://github.com/dmytro-yevs/copypaste/actions/runs/32503793806	.github/workflows/supply-chain.yml	Supply chain	323997017	Accept unsigned nightly updater evidence	dmytro-yevs	dmytro-yevs
32503798700	1	completed	cancelled	workflow_dispatch	main	2cbe51b4e4aa044007e631aaea4176882c5e3a6c	2026-08-21T16:36:34Z	2026-08-21T16:36:34Z	2026-08-21T16:55:42Z	https://github.com/dmytro-yevs/copypaste/actions/runs/32503798700	.github/workflows/native-nightly.yml	Nightly native matrix	330512981	Nightly native matrix	dmytro-yevs	dmytro-yevs
32504449902	1	completed	failure	workflow_dispatch	main	2cbe51b4e4aa044007e631aaea4176882c5e3a6c	2026-08-21T16:44:04Z	2026-08-21T16:44:04Z	2026-08-21T17:04:07Z	https://github.com/dmytro-yevs/copypaste/actions/runs/32504449902	.github/workflows/native-nightly.yml	Nightly native matrix	330512981	Nightly native matrix	dmytro-yevs	dmytro-yevs
32505503745	1	completed	success	workflow_dispatch	main	2cbe51b4e4aa044007e631aaea4176882c5e3a6c	2026-08-21T16:56:10Z	2026-08-21T16:56:10Z	2026-08-21T17:23:30Z	https://github.com/dmytro-yevs/copypaste/actions/runs/32505503745	.github/workflows/release.yml	Release	282057609	Release	dmytro-yevs	dmytro-yevs
32508029495	1	completed	failure	push	v2.0.0-alpha.31	2cbe51b4e4aa044007e631aaea4176882c5e3a6c	2026-08-21T17:24:52Z	2026-08-21T17:24:52Z	2026-08-21T17:52:02Z	https://github.com/dmytro-yevs/copypaste/actions/runs/32508029495	.github/workflows/release.yml	Release	282057609	Accept unsigned nightly updater evidence	dmytro-yevs	dmytro-yevs
32510236307	1	completed	success	dynamic	main	d84be279bdf131cbe8953880c42f03bac437f0af	2026-08-21T17:50:25Z	2026-08-21T17:50:25Z	2026-08-21T17:53:55Z	https://github.com/dmytro-yevs/copypaste/actions/runs/32510236307	dynamic/github-code-scanning/codeql	Push on main	330681135	Push on main	dmytro-yevs	dmytro-yevs
32510236829	1	completed	cancelled	push	main	d84be279bdf131cbe8953880c42f03bac437f0af	2026-08-21T17:50:25Z	2026-08-21T17:50:25Z	2026-08-21T17:51:42Z	https://github.com/dmytro-yevs/copypaste/actions/runs/32510236829	.github/workflows/mutation-gate.yml	Mutation gate	334676987	Fix release gate transients	dmytro-yevs	dmytro-yevs
32510236870	1	completed	cancelled	push	main	d84be279bdf131cbe8953880c42f03bac437f0af	2026-08-21T17:50:25Z	2026-08-21T17:50:25Z	2026-08-21T17:51:44Z	https://github.com/dmytro-yevs/copypaste/actions/runs/32510236870	.github/workflows/android-emulator.yml	Android emulator	324448484	Fix release gate transients	dmytro-yevs	dmytro-yevs
32510236874	1	completed	cancelled	push	main	d84be279bdf131cbe8953880c42f03bac437f0af	2026-08-21T17:50:25Z	2026-08-21T17:50:25Z	2026-08-21T17:51:31Z	https://github.com/dmytro-yevs/copypaste/actions/runs/32510236874	.github/workflows/windows-native-e2e.yml	Windows native desktop E2E	330512982	Fix release gate transients	dmytro-yevs	dmytro-yevs
32510236877	1	completed	cancelled	push	main	d84be279bdf131cbe8953880c42f03bac437f0af	2026-08-21T17:50:25Z	2026-08-21T17:50:25Z	2026-08-21T17:51:40Z	https://github.com/dmytro-yevs/copypaste/actions/runs/32510236877	.github/workflows/browser-webkitgtk.yml	Browser (WebKitGTK, Linux)	324698700	Fix release gate transients	dmytro-yevs	dmytro-yevs
32510236890	1	completed	cancelled	push	main	d84be279bdf131cbe8953880c42f03bac437f0af	2026-08-21T17:50:25Z	2026-08-21T17:50:25Z	2026-08-21T17:52:57Z	https://github.com/dmytro-yevs/copypaste/actions/runs/32510236890	.github/workflows/ci.yml	CI	282057606	Fix release gate transients	dmytro-yevs	dmytro-yevs
32510237160	1	completed	cancelled	push	main	d84be279bdf131cbe8953880c42f03bac437f0af	2026-08-21T17:50:25Z	2026-08-21T17:50:25Z	2026-08-21T17:51:28Z	https://github.com/dmytro-yevs/copypaste/actions/runs/32510237160	.github/workflows/supply-chain.yml	Supply chain	323997017	Fix release gate transients	dmytro-yevs	dmytro-yevs
32510242556	1	completed	cancelled	workflow_dispatch	main	d84be279bdf131cbe8953880c42f03bac437f0af	2026-08-21T17:50:29Z	2026-08-21T17:50:29Z	2026-08-21T17:51:17Z	https://github.com/dmytro-yevs/copypaste/actions/runs/32510242556	.github/workflows/release.yml	Release	282057609	Release	dmytro-yevs	dmytro-yevs
32510323302	1	completed	success	dynamic	main	d75cd83ab17686ad010ac773b5857adc800d4512	2026-08-21T17:51:25Z	2026-08-21T17:51:25Z	2026-08-21T17:54:11Z	https://github.com/dmytro-yevs/copypaste/actions/runs/32510323302	dynamic/github-code-scanning/codeql	Push on main	330681135	Push on main	dmytro-yevs	dmytro-yevs
32510324814	1	completed	cancelled	push	main	d75cd83ab17686ad010ac773b5857adc800d4512	2026-08-21T17:51:26Z	2026-08-21T17:51:26Z	2026-08-21T18:05:40Z	https://github.com/dmytro-yevs/copypaste/actions/runs/32510324814	.github/workflows/ci.yml	CI	282057606	Sync alpha.32 release metadata	dmytro-yevs	dmytro-yevs
32510324816	1	completed	success	push	main	d75cd83ab17686ad010ac773b5857adc800d4512	2026-08-21T17:51:26Z	2026-08-21T17:51:26Z	2026-08-21T18:13:11Z	https://github.com/dmytro-yevs/copypaste/actions/runs/32510324816	.github/workflows/android-emulator.yml	Android emulator	324448484	Sync alpha.32 release metadata	dmytro-yevs	dmytro-yevs
32510324827	1	completed	success	push	main	d75cd83ab17686ad010ac773b5857adc800d4512	2026-08-21T17:51:26Z	2026-08-21T17:51:26Z	2026-08-21T17:55:52Z	https://github.com/dmytro-yevs/copypaste/actions/runs/32510324827	.github/workflows/mutation-gate.yml	Mutation gate	334676987	Sync alpha.32 release metadata	dmytro-yevs	dmytro-yevs
32510324844	1	completed	success	push	main	d75cd83ab17686ad010ac773b5857adc800d4512	2026-08-21T17:51:26Z	2026-08-21T17:51:26Z	2026-08-21T18:01:12Z	https://github.com/dmytro-yevs/copypaste/actions/runs/32510324844	.github/workflows/browser-webkitgtk.yml	Browser (WebKitGTK, Linux)	324698700	Sync alpha.32 release metadata	dmytro-yevs	dmytro-yevs
32510324908	1	completed	cancelled	push	main	d75cd83ab17686ad010ac773b5857adc800d4512	2026-08-21T17:51:26Z	2026-08-21T17:51:26Z	2026-08-21T18:04:35Z	https://github.com/dmytro-yevs/copypaste/actions/runs/32510324908	.github/workflows/windows-native-e2e.yml	Windows native desktop E2E	330512982	Sync alpha.32 release metadata	dmytro-yevs	dmytro-yevs
32510324924	1	completed	success	push	main	d75cd83ab17686ad010ac773b5857adc800d4512	2026-08-21T17:51:26Z	2026-08-21T17:51:26Z	2026-08-21T17:52:50Z	https://github.com/dmytro-yevs/copypaste/actions/runs/32510324924	.github/workflows/supply-chain.yml	Supply chain	323997017	Sync alpha.32 release metadata	dmytro-yevs	dmytro-yevs
32510329945	1	completed	cancelled	workflow_dispatch	main	d75cd83ab17686ad010ac773b5857adc800d4512	2026-08-21T17:51:30Z	2026-08-21T17:51:30Z	2026-08-21T18:04:51Z	https://github.com/dmytro-yevs/copypaste/actions/runs/32510329945	.github/workflows/release.yml	Release	282057609	Release	dmytro-yevs	dmytro-yevs
32511464078	1	completed	success	push	main	cb767ee0755a2477fa8e0d9577236b42a722f8a1	2026-08-21T18:04:30Z	2026-08-21T18:04:30Z	2026-08-21T18:22:52Z	https://github.com/dmytro-yevs/copypaste/actions/runs/32511464078	.github/workflows/windows-native-e2e.yml	Windows native desktop E2E	330512982	Avoid interactive Windows trust prompt	dmytro-yevs	dmytro-yevs
32511464099	1	completed	success	dynamic	main	cb767ee0755a2477fa8e0d9577236b42a722f8a1	2026-08-21T18:04:30Z	2026-08-21T18:04:30Z	2026-08-21T18:07:11Z	https://github.com/dmytro-yevs/copypaste/actions/runs/32511464099	dynamic/github-code-scanning/codeql	Push on main	330681135	Push on main	dmytro-yevs	dmytro-yevs
32511464119	1	completed	success	push	main	cb767ee0755a2477fa8e0d9577236b42a722f8a1	2026-08-21T18:04:30Z	2026-08-21T18:04:30Z	2026-08-21T18:12:17Z	https://github.com/dmytro-yevs/copypaste/actions/runs/32511464119	.github/workflows/browser-webkitgtk.yml	Browser (WebKitGTK, Linux)	324698700	Avoid interactive Windows trust prompt	dmytro-yevs	dmytro-yevs
32511464220	1	completed	success	push	main	cb767ee0755a2477fa8e0d9577236b42a722f8a1	2026-08-21T18:04:30Z	2026-08-21T18:04:30Z	2026-08-21T18:09:00Z	https://github.com/dmytro-yevs/copypaste/actions/runs/32511464220	.github/workflows/mutation-gate.yml	Mutation gate	334676987	Avoid interactive Windows trust prompt	dmytro-yevs	dmytro-yevs
32511464223	1	completed	success	push	main	cb767ee0755a2477fa8e0d9577236b42a722f8a1	2026-08-21T18:04:30Z	2026-08-21T18:04:30Z	2026-08-21T18:21:00Z	https://github.com/dmytro-yevs/copypaste/actions/runs/32511464223	.github/workflows/ci.yml	CI	282057606	Avoid interactive Windows trust prompt	dmytro-yevs	dmytro-yevs
32511464398	1	completed	success	push	main	cb767ee0755a2477fa8e0d9577236b42a722f8a1	2026-08-21T18:04:30Z	2026-08-21T18:04:30Z	2026-08-21T18:05:35Z	https://github.com/dmytro-yevs/copypaste/actions/runs/32511464398	.github/workflows/supply-chain.yml	Supply chain	323997017	Avoid interactive Windows trust prompt	dmytro-yevs	dmytro-yevs
32511470628	2	completed	cancelled	workflow_dispatch	main	cb767ee0755a2477fa8e0d9577236b42a722f8a1	2026-08-21T18:27:23Z	2026-08-21T18:04:35Z	2026-08-21T18:30:05Z	https://github.com/dmytro-yevs/copypaste/actions/runs/32511470628	.github/workflows/release.yml	Release	282057609	Release	dmytro-yevs	dmytro-yevs
32512354249	1	completed	cancelled	workflow_dispatch	main	cb767ee0755a2477fa8e0d9577236b42a722f8a1	2026-08-21T18:14:54Z	2026-08-21T18:14:54Z	2026-08-21T18:33:26Z	https://github.com/dmytro-yevs/copypaste/actions/runs/32512354249	.github/workflows/release.yml	Release	282057609	Release	dmytro-yevs	dmytro-yevs
32513919991	1	completed	success	dynamic	main	ec3f15eb8de859d6750c7a32d4a1ecfbfcfff6ef	2026-08-21T18:33:02Z	2026-08-21T18:33:02Z	2026-08-21T18:37:03Z	https://github.com/dmytro-yevs/copypaste/actions/runs/32513919991	dynamic/github-code-scanning/codeql	Push on main	330681135	Push on main	dmytro-yevs	dmytro-yevs
32513920899	1	completed	cancelled	push	main	ec3f15eb8de859d6750c7a32d4a1ecfbfcfff6ef	2026-08-21T18:33:03Z	2026-08-21T18:33:03Z	2026-08-21T18:37:24Z	https://github.com/dmytro-yevs/copypaste/actions/runs/32513920899	.github/workflows/windows-native-e2e.yml	Windows native desktop E2E	330512982	Trust self-signed Windows root explicitly	dmytro-yevs	dmytro-yevs
32513920901	1	completed	cancelled	push	main	ec3f15eb8de859d6750c7a32d4a1ecfbfcfff6ef	2026-08-21T18:33:03Z	2026-08-21T18:33:03Z	2026-08-21T18:37:15Z	https://github.com/dmytro-yevs/copypaste/actions/runs/32513920901	.github/workflows/mutation-gate.yml	Mutation gate	334676987	Trust self-signed Windows root explicitly	dmytro-yevs	dmytro-yevs
32513920963	1	completed	cancelled	push	main	ec3f15eb8de859d6750c7a32d4a1ecfbfcfff6ef	2026-08-21T18:33:03Z	2026-08-21T18:33:03Z	2026-08-21T18:37:28Z	https://github.com/dmytro-yevs/copypaste/actions/runs/32513920963	.github/workflows/browser-webkitgtk.yml	Browser (WebKitGTK, Linux)	324698700	Trust self-signed Windows root explicitly	dmytro-yevs	dmytro-yevs
32513920995	1	completed	cancelled	push	main	ec3f15eb8de859d6750c7a32d4a1ecfbfcfff6ef	2026-08-21T18:33:03Z	2026-08-21T18:33:03Z	2026-08-21T18:37:32Z	https://github.com/dmytro-yevs/copypaste/actions/runs/32513920995	.github/workflows/ci.yml	CI	282057606	Trust self-signed Windows root explicitly	dmytro-yevs	dmytro-yevs
32513921080	1	completed	success	push	main	ec3f15eb8de859d6750c7a32d4a1ecfbfcfff6ef	2026-08-21T18:33:03Z	2026-08-21T18:33:03Z	2026-08-21T18:36:13Z	https://github.com/dmytro-yevs/copypaste/actions/runs/32513921080	.github/workflows/supply-chain.yml	Supply chain	323997017	Trust self-signed Windows root explicitly	dmytro-yevs	dmytro-yevs
32513927503	2	completed	success	workflow_dispatch	main	ec3f15eb8de859d6750c7a32d4a1ecfbfcfff6ef	2026-08-21T19:02:29Z	2026-08-21T18:33:08Z	2026-08-21T19:15:02Z	https://github.com/dmytro-yevs/copypaste/actions/runs/32513927503	.github/workflows/release.yml	Release	282057609	Release	dmytro-yevs	dmytro-yevs
32514272788	1	completed	success	dynamic	main	e3a255953193f584cd9a9332d23a21576c00eb72	2026-08-21T18:37:12Z	2026-08-21T18:37:12Z	2026-08-21T18:39:30Z	https://github.com/dmytro-yevs/copypaste/actions/runs/32514272788	dynamic/github-code-scanning/codeql	Push on main	330681135	Push on main	dmytro-yevs	dmytro-yevs
32514273298	1	completed	success	push	main	e3a255953193f584cd9a9332d23a21576c00eb72	2026-08-21T18:37:12Z	2026-08-21T18:37:12Z	2026-08-21T18:45:11Z	https://github.com/dmytro-yevs/copypaste/actions/runs/32514273298	.github/workflows/windows-native-e2e.yml	Windows native desktop E2E	330512982	Verify self-signed Windows smoke signatures	dmytro-yevs	dmytro-yevs
32514273331	1	completed	success	push	main	e3a255953193f584cd9a9332d23a21576c00eb72	2026-08-21T18:37:12Z	2026-08-21T18:37:12Z	2026-08-21T18:41:39Z	https://github.com/dmytro-yevs/copypaste/actions/runs/32514273331	.github/workflows/mutation-gate.yml	Mutation gate	334676987	Verify self-signed Windows smoke signatures	dmytro-yevs	dmytro-yevs
32514273338	1	completed	success	push	main	e3a255953193f584cd9a9332d23a21576c00eb72	2026-08-21T18:37:12Z	2026-08-21T18:37:12Z	2026-08-21T18:53:57Z	https://github.com/dmytro-yevs/copypaste/actions/runs/32514273338	.github/workflows/ci.yml	CI	282057606	Verify self-signed Windows smoke signatures	dmytro-yevs	dmytro-yevs
32514273370	1	completed	success	push	main	e3a255953193f584cd9a9332d23a21576c00eb72	2026-08-21T18:37:12Z	2026-08-21T18:37:12Z	2026-08-21T18:47:39Z	https://github.com/dmytro-yevs/copypaste/actions/runs/32514273370	.github/workflows/browser-webkitgtk.yml	Browser (WebKitGTK, Linux)	324698700	Verify self-signed Windows smoke signatures	dmytro-yevs	dmytro-yevs
32514273655	1	completed	success	push	main	e3a255953193f584cd9a9332d23a21576c00eb72	2026-08-21T18:37:12Z	2026-08-21T18:37:12Z	2026-08-21T18:38:18Z	https://github.com/dmytro-yevs/copypaste/actions/runs/32514273655	.github/workflows/supply-chain.yml	Supply chain	323997017	Verify self-signed Windows smoke signatures	dmytro-yevs	dmytro-yevs
32517561865	1	completed	success	workflow_dispatch	main	e3a255953193f584cd9a9332d23a21576c00eb72	2026-08-21T19:15:49Z	2026-08-21T19:15:49Z	2026-08-21T19:38:24Z	https://github.com/dmytro-yevs/copypaste/actions/runs/32517561865	.github/workflows/release.yml	Release	282057609	Release	dmytro-yevs	dmytro-yevs
32517597981	2	completed	failure	push	v2.0.0-alpha.32	e3a255953193f584cd9a9332d23a21576c00eb72	2026-08-21T19:49:19Z	2026-08-21T19:16:14Z	2026-08-21T19:50:20Z	https://github.com/dmytro-yevs/copypaste/actions/runs/32517597981	.github/workflows/release.yml	Release	282057609	Verify self-signed Windows smoke signatures	dmytro-yevs	dmytro-yevs
32520398407	1	completed	success	dynamic	main	1d869454664f9b2b8e3fec1077541a6a7e4a73b2	2026-08-21T19:49:00Z	2026-08-21T19:49:00Z	2026-08-21T19:51:23Z	https://github.com/dmytro-yevs/copypaste/actions/runs/32520398407	dynamic/github-code-scanning/codeql	Push on main	330681135	Push on main	dmytro-yevs	dmytro-yevs
32520399449	1	completed	success	push	main	1d869454664f9b2b8e3fec1077541a6a7e4a73b2	2026-08-21T19:49:01Z	2026-08-21T19:49:01Z	2026-08-21T19:53:19Z	https://github.com/dmytro-yevs/copypaste/actions/runs/32520399449	.github/workflows/mutation-gate.yml	Mutation gate	334676987	Avoid marking prereleases latest	dmytro-yevs	dmytro-yevs
32520399454	1	completed	success	push	main	1d869454664f9b2b8e3fec1077541a6a7e4a73b2	2026-08-21T19:49:01Z	2026-08-21T19:49:01Z	2026-08-21T20:17:04Z	https://github.com/dmytro-yevs/copypaste/actions/runs/32520399454	.github/workflows/ci.yml	CI	282057606	Avoid marking prereleases latest	dmytro-yevs	dmytro-yevs
32520399461	1	completed	success	push	main	1d869454664f9b2b8e3fec1077541a6a7e4a73b2	2026-08-21T19:49:01Z	2026-08-21T19:49:01Z	2026-08-21T19:58:15Z	https://github.com/dmytro-yevs/copypaste/actions/runs/32520399461	.github/workflows/browser-webkitgtk.yml	Browser (WebKitGTK, Linux)	324698700	Avoid marking prereleases latest	dmytro-yevs	dmytro-yevs
32520399490	1	completed	success	push	main	1d869454664f9b2b8e3fec1077541a6a7e4a73b2	2026-08-21T19:49:01Z	2026-08-21T19:49:01Z	2026-08-21T20:07:20Z	https://github.com/dmytro-yevs/copypaste/actions/runs/32520399490	.github/workflows/windows-native-e2e.yml	Windows native desktop E2E	330512982	Avoid marking prereleases latest	dmytro-yevs	dmytro-yevs
32520399729	1	completed	success	push	main	1d869454664f9b2b8e3fec1077541a6a7e4a73b2	2026-08-21T19:49:01Z	2026-08-21T19:49:01Z	2026-08-21T19:51:31Z	https://github.com/dmytro-yevs/copypaste/actions/runs/32520399729	.github/workflows/supply-chain.yml	Supply chain	323997017	Avoid marking prereleases latest	dmytro-yevs	dmytro-yevs
32536951813	1	completed	success	dynamic	main	4ec825f664b6bdf02f233ad83b9eedac19d942e6	2026-08-21T23:27:56Z	2026-08-21T23:27:56Z	2026-08-21T23:30:13Z	https://github.com/dmytro-yevs/copypaste/actions/runs/32536951813	dynamic/github-code-scanning/codeql	Push on main	330681135	Push on main	dmytro-yevs	dmytro-yevs
32536953145	1	completed	cancelled	push	main	4ec825f664b6bdf02f233ad83b9eedac19d942e6	2026-08-21T23:27:58Z	2026-08-21T23:27:58Z	2026-08-21T23:36:07Z	https://github.com/dmytro-yevs/copypaste/actions/runs/32536953145	.github/workflows/android-emulator.yml	Android emulator	324448484	Ship UI polish, preview bridge, and grant-only capture	dmytro-yevs	dmytro-yevs
32536953150	1	completed	success	push	main	4ec825f664b6bdf02f233ad83b9eedac19d942e6	2026-08-21T23:27:58Z	2026-08-21T23:27:58Z	2026-08-21T23:33:01Z	https://github.com/dmytro-yevs/copypaste/actions/runs/32536953150	.github/workflows/mutation-gate.yml	Mutation gate	334676987	Ship UI polish, preview bridge, and grant-only capture	dmytro-yevs	dmytro-yevs
32536953151	1	completed	cancelled	push	main	4ec825f664b6bdf02f233ad83b9eedac19d942e6	2026-08-21T23:27:58Z	2026-08-21T23:27:58Z	2026-08-21T23:36:03Z	https://github.com/dmytro-yevs/copypaste/actions/runs/32536953151	.github/workflows/browser-webkitgtk.yml	Browser (WebKitGTK, Linux)	324698700	Ship UI polish, preview bridge, and grant-only capture	dmytro-yevs	dmytro-yevs
32536953155	1	completed	cancelled	push	main	4ec825f664b6bdf02f233ad83b9eedac19d942e6	2026-08-21T23:27:58Z	2026-08-21T23:27:58Z	2026-08-21T23:36:30Z	https://github.com/dmytro-yevs/copypaste/actions/runs/32536953155	.github/workflows/ci.yml	CI	282057606	Ship UI polish, preview bridge, and grant-only capture	dmytro-yevs	dmytro-yevs
32536953213	1	completed	cancelled	push	main	4ec825f664b6bdf02f233ad83b9eedac19d942e6	2026-08-21T23:27:58Z	2026-08-21T23:27:58Z	2026-08-21T23:35:55Z	https://github.com/dmytro-yevs/copypaste/actions/runs/32536953213	.github/workflows/windows-native-e2e.yml	Windows native desktop E2E	330512982	Ship UI polish, preview bridge, and grant-only capture	dmytro-yevs	dmytro-yevs
32536953325	1	completed	success	push	main	4ec825f664b6bdf02f233ad83b9eedac19d942e6	2026-08-21T23:27:58Z	2026-08-21T23:27:58Z	2026-08-21T23:29:24Z	https://github.com/dmytro-yevs/copypaste/actions/runs/32536953325	.github/workflows/supply-chain.yml	Supply chain	323997017	Ship UI polish, preview bridge, and grant-only capture	dmytro-yevs	dmytro-yevs
32537434793	1	completed	success	dynamic	main	9a2f3e512b3ed3ddb7202161f334d2a882a7b878	2026-08-21T23:35:48Z	2026-08-21T23:35:48Z	2026-08-21T23:38:18Z	https://github.com/dmytro-yevs/copypaste/actions/runs/32537434793	dynamic/github-code-scanning/codeql	Push on main	330681135	Push on main	dmytro-yevs	dmytro-yevs
32537436923	1	completed	failure	push	main	9a2f3e512b3ed3ddb7202161f334d2a882a7b878	2026-08-21T23:35:50Z	2026-08-21T23:35:50Z	2026-08-22T00:10:54Z	https://github.com/dmytro-yevs/copypaste/actions/runs/32537436923	.github/workflows/android-emulator.yml	Android emulator	324448484	Remove live Shizuku clipboard reader	dmytro-yevs	dmytro-yevs
32537436941	1	completed	failure	push	main	9a2f3e512b3ed3ddb7202161f334d2a882a7b878	2026-08-21T23:35:50Z	2026-08-21T23:35:50Z	2026-08-21T23:48:14Z	https://github.com/dmytro-yevs/copypaste/actions/runs/32537436941	.github/workflows/ci.yml	CI	282057606	Remove live Shizuku clipboard reader	dmytro-yevs	dmytro-yevs
32537436959	1	completed	failure	push	main	9a2f3e512b3ed3ddb7202161f334d2a882a7b878	2026-08-21T23:35:50Z	2026-08-21T23:35:50Z	2026-08-21T23:45:51Z	https://github.com/dmytro-yevs/copypaste/actions/runs/32537436959	.github/workflows/browser-webkitgtk.yml	Browser (WebKitGTK, Linux)	324698700	Remove live Shizuku clipboard reader	dmytro-yevs	dmytro-yevs
32537436994	1	completed	failure	push	main	9a2f3e512b3ed3ddb7202161f334d2a882a7b878	2026-08-21T23:35:50Z	2026-08-21T23:35:50Z	2026-08-21T23:53:43Z	https://github.com/dmytro-yevs/copypaste/actions/runs/32537436994	.github/workflows/windows-native-e2e.yml	Windows native desktop E2E	330512982	Remove live Shizuku clipboard reader	dmytro-yevs	dmytro-yevs
32537437007	1	completed	success	push	main	9a2f3e512b3ed3ddb7202161f334d2a882a7b878	2026-08-21T23:35:50Z	2026-08-21T23:35:50Z	2026-08-21T23:40:04Z	https://github.com/dmytro-yevs/copypaste/actions/runs/32537437007	.github/workflows/mutation-gate.yml	Mutation gate	334676987	Remove live Shizuku clipboard reader	dmytro-yevs	dmytro-yevs
32537437097	1	completed	success	push	main	9a2f3e512b3ed3ddb7202161f334d2a882a7b878	2026-08-21T23:35:50Z	2026-08-21T23:35:50Z	2026-08-21T23:36:45Z	https://github.com/dmytro-yevs/copypaste/actions/runs/32537437097	.github/workflows/supply-chain.yml	Supply chain	323997017	Remove live Shizuku clipboard reader	dmytro-yevs	dmytro-yevs
32552880606	1	completed	failure	schedule	main	9a2f3e512b3ed3ddb7202161f334d2a882a7b878	2026-08-22T04:53:09Z	2026-08-22T04:53:09Z	2026-08-22T05:22:53Z	https://github.com/dmytro-yevs/copypaste/actions/runs/32552880606	.github/workflows/native-nightly.yml	Nightly native matrix	330512981	Nightly native matrix	dmytro-yevs	dmytro-yevs
32619018634	1	completed	failure	schedule	main	9a2f3e512b3ed3ddb7202161f334d2a882a7b878	2026-08-23T04:54:26Z	2026-08-23T04:54:26Z	2026-08-23T05:24:05Z	https://github.com/dmytro-yevs/copypaste/actions/runs/32619018634	.github/workflows/native-nightly.yml	Nightly native matrix	330512981	Nightly native matrix	dmytro-yevs	dmytro-yevs
32692265510	1	completed	failure	schedule	main	9a2f3e512b3ed3ddb7202161f334d2a882a7b878	2026-08-24T05:04:52Z	2026-08-24T05:04:52Z	2026-08-24T05:34:55Z	https://github.com/dmytro-yevs/copypaste/actions/runs/32692265510	.github/workflows/native-nightly.yml	Nightly native matrix	330512981	Nightly native matrix	dmytro-yevs	dmytro-yevs
32700921501	1	completed	failure	schedule	main	9a2f3e512b3ed3ddb7202161f334d2a882a7b878	2026-08-24T07:18:21Z	2026-08-24T07:18:21Z	2026-08-24T07:19:14Z	https://github.com/dmytro-yevs/copypaste/actions/runs/32700921501	.github/workflows/supply-chain.yml	Supply chain	323997017	Supply chain	dmytro-yevs	dmytro-yevs
32810899382	1	completed	failure	schedule	main	9a2f3e512b3ed3ddb7202161f334d2a882a7b878	2026-08-25T04:56:55Z	2026-08-25T04:56:55Z	2026-08-25T05:26:41Z	https://github.com/dmytro-yevs/copypaste/actions/runs/32810899382	.github/workflows/native-nightly.yml	Nightly native matrix	330512981	Nightly native matrix	dmytro-yevs	dmytro-yevs
32836739999	1	completed	success	dynamic	main	9a2f3e512b3ed3ddb7202161f334d2a882a7b878	2026-08-25T10:20:42Z	2026-08-25T10:20:42Z	2026-08-25T10:22:47Z	https://github.com/dmytro-yevs/copypaste/actions/runs/32836739999	dynamic/github-code-scanning/codeql	Scheduled	330681135	Scheduled	github-advanced-security[bot]	github-advanced-security[bot]
32932237319	1	completed	failure	schedule	main	9a2f3e512b3ed3ddb7202161f334d2a882a7b878	2026-08-26T04:58:32Z	2026-08-26T04:58:32Z	2026-08-26T05:31:30Z	https://github.com/dmytro-yevs/copypaste/actions/runs/32932237319	.github/workflows/native-nightly.yml	Nightly native matrix	330512981	Nightly native matrix	dmytro-yevs	dmytro-yevs
32944159319	1	completed	success	dynamic	main	d0cd9379b16e833165825e2ae2cd2bc5630ba94c	2026-08-26T07:43:31Z	2026-08-26T07:43:31Z	2026-08-26T07:46:02Z	https://github.com/dmytro-yevs/copypaste/actions/runs/32944159319	dynamic/github-code-scanning/codeql	Push on main	330681135	Push on main	dmytro-yevs	dmytro-yevs
32944161580	1	completed	failure	push	main	d0cd9379b16e833165825e2ae2cd2bc5630ba94c	2026-08-26T07:43:32Z	2026-08-26T07:43:32Z	2026-08-26T08:16:53Z	https://github.com/dmytro-yevs/copypaste/actions/runs/32944161580	.github/workflows/android-emulator.yml	Android emulator	324448484	Prepare v2.0.0-alpha.33 release	dmytro-yevs	dmytro-yevs
32944161677	1	completed	failure	push	main	d0cd9379b16e833165825e2ae2cd2bc5630ba94c	2026-08-26T07:43:32Z	2026-08-26T07:43:32Z	2026-08-26T07:55:03Z	https://github.com/dmytro-yevs/copypaste/actions/runs/32944161677	.github/workflows/windows-native-e2e.yml	Windows native desktop E2E	330512982	Prepare v2.0.0-alpha.33 release	dmytro-yevs	dmytro-yevs
32944161711	1	completed	failure	push	main	d0cd9379b16e833165825e2ae2cd2bc5630ba94c	2026-08-26T07:43:32Z	2026-08-26T07:43:32Z	2026-08-26T07:48:26Z	https://github.com/dmytro-yevs/copypaste/actions/runs/32944161711	.github/workflows/mutation-gate.yml	Mutation gate	334676987	Prepare v2.0.0-alpha.33 release	dmytro-yevs	dmytro-yevs
32944161716	1	completed	failure	push	main	d0cd9379b16e833165825e2ae2cd2bc5630ba94c	2026-08-26T07:43:32Z	2026-08-26T07:43:32Z	2026-08-26T07:51:18Z	https://github.com/dmytro-yevs/copypaste/actions/runs/32944161716	.github/workflows/browser-webkitgtk.yml	Browser (WebKitGTK, Linux)	324698700	Prepare v2.0.0-alpha.33 release	dmytro-yevs	dmytro-yevs
32944161746	1	completed	failure	push	main	d0cd9379b16e833165825e2ae2cd2bc5630ba94c	2026-08-26T07:43:32Z	2026-08-26T07:43:32Z	2026-08-26T08:00:30Z	https://github.com/dmytro-yevs/copypaste/actions/runs/32944161746	.github/workflows/ci.yml	CI	282057606	Prepare v2.0.0-alpha.33 release	dmytro-yevs	dmytro-yevs
32944162074	1	completed	failure	push	main	d0cd9379b16e833165825e2ae2cd2bc5630ba94c	2026-08-26T07:43:33Z	2026-08-26T07:43:33Z	2026-08-26T07:49:00Z	https://github.com/dmytro-yevs/copypaste/actions/runs/32944162074	.github/workflows/supply-chain.yml	Supply chain	323997017	Prepare v2.0.0-alpha.33 release	dmytro-yevs	dmytro-yevs
32944163012	1	completed	success	dynamic	main	d0cd9379b16e833165825e2ae2cd2bc5630ba94c	2026-08-26T07:43:33Z	2026-08-26T07:43:33Z	2026-08-26T07:45:32Z	https://github.com/dmytro-yevs/copypaste/actions/runs/32944163012	dynamic/dependabot/update-graph	Graph Update: pip in /. #1541395712	330513005	Graph Update: pip in /. #1541395712	dependabot[bot]	dependabot[bot]
32948975496	1	completed	success	dynamic	main	f104c292428d54287d2cc3e0ba9bc1507eddfd67	2026-08-26T08:40:32Z	2026-08-26T08:40:32Z	2026-08-26T08:44:07Z	https://github.com/dmytro-yevs/copypaste/actions/runs/32948975496	dynamic/github-code-scanning/codeql	Push on main	330681135	Push on main	dmytro-yevs	dmytro-yevs
32948975927	1	completed	success	push	main	f104c292428d54287d2cc3e0ba9bc1507eddfd67	2026-08-26T08:40:32Z	2026-08-26T08:40:32Z	2026-08-26T08:44:48Z	https://github.com/dmytro-yevs/copypaste/actions/runs/32948975927	.github/workflows/mutation-gate.yml	Mutation gate	334676987	Rewrite source comments as current invariants	dmytro-yevs	dmytro-yevs
32948975938	1	completed	failure	push	main	f104c292428d54287d2cc3e0ba9bc1507eddfd67	2026-08-26T08:40:32Z	2026-08-26T08:40:32Z	2026-08-26T08:58:33Z	https://github.com/dmytro-yevs/copypaste/actions/runs/32948975938	.github/workflows/ci.yml	CI	282057606	Rewrite source comments as current invariants	dmytro-yevs	dmytro-yevs
32948975948	1	completed	failure	push	main	f104c292428d54287d2cc3e0ba9bc1507eddfd67	2026-08-26T08:40:32Z	2026-08-26T08:40:32Z	2026-08-26T08:45:15Z	https://github.com/dmytro-yevs/copypaste/actions/runs/32948975948	.github/workflows/browser-webkitgtk.yml	Browser (WebKitGTK, Linux)	324698700	Rewrite source comments as current invariants	dmytro-yevs	dmytro-yevs
32948975954	1	completed	cancelled	push	main	f104c292428d54287d2cc3e0ba9bc1507eddfd67	2026-08-26T08:40:32Z	2026-08-26T08:40:32Z	2026-08-26T09:00:39Z	https://github.com/dmytro-yevs/copypaste/actions/runs/32948975954	.github/workflows/windows-native-e2e.yml	Windows native desktop E2E	330512982	Rewrite source comments as current invariants	dmytro-yevs	dmytro-yevs
32948976001	1	completed	cancelled	push	main	f104c292428d54287d2cc3e0ba9bc1507eddfd67	2026-08-26T08:40:32Z	2026-08-26T08:40:32Z	2026-08-26T09:08:48Z	https://github.com/dmytro-yevs/copypaste/actions/runs/32948976001	.github/workflows/android-emulator.yml	Android emulator	324448484	Rewrite source comments as current invariants	dmytro-yevs	dmytro-yevs
32948976132	1	completed	success	push	main	f104c292428d54287d2cc3e0ba9bc1507eddfd67	2026-08-26T08:40:32Z	2026-08-26T08:40:32Z	2026-08-26T08:44:30Z	https://github.com/dmytro-yevs/copypaste/actions/runs/32948976132	.github/workflows/supply-chain.yml	Supply chain	323997017	Rewrite source comments as current invariants	dmytro-yevs	dmytro-yevs
32951428752	1	completed	success	dynamic	main	ce5fa73c67a927436c1e8538ab446ce96cb5f692	2026-08-26T09:08:42Z	2026-08-26T09:08:42Z	2026-08-26T09:12:09Z	https://github.com/dmytro-yevs/copypaste/actions/runs/32951428752	dynamic/github-code-scanning/codeql	Push on main	330681135	Push on main	dmytro-yevs	dmytro-yevs
32951429193	1	completed	failure	push	main	ce5fa73c67a927436c1e8538ab446ce96cb5f692	2026-08-26T09:08:42Z	2026-08-26T09:08:42Z	2026-08-26T09:13:03Z	https://github.com/dmytro-yevs/copypaste/actions/runs/32951429193	.github/workflows/browser-webkitgtk.yml	Browser (WebKitGTK, Linux)	324698700	Shard Windows native E2E	dmytro-yevs	dmytro-yevs
32951429234	1	completed	failure	push	main	ce5fa73c67a927436c1e8538ab446ce96cb5f692	2026-08-26T09:08:42Z	2026-08-26T09:08:42Z	2026-08-26T09:41:59Z	https://github.com/dmytro-yevs/copypaste/actions/runs/32951429234	.github/workflows/android-emulator.yml	Android emulator	324448484	Shard Windows native E2E	dmytro-yevs	dmytro-yevs
32951429235	1	completed	failure	push	main	ce5fa73c67a927436c1e8538ab446ce96cb5f692	2026-08-26T09:08:42Z	2026-08-26T09:08:42Z	2026-08-26T09:24:06Z	https://github.com/dmytro-yevs/copypaste/actions/runs/32951429235	.github/workflows/ci.yml	CI	282057606	Shard Windows native E2E	dmytro-yevs	dmytro-yevs
32951429250	1	completed	success	push	main	ce5fa73c67a927436c1e8538ab446ce96cb5f692	2026-08-26T09:08:42Z	2026-08-26T09:08:42Z	2026-08-26T09:12:58Z	https://github.com/dmytro-yevs/copypaste/actions/runs/32951429250	.github/workflows/mutation-gate.yml	Mutation gate	334676987	Shard Windows native E2E	dmytro-yevs	dmytro-yevs
32951429325	1	completed	failure	push	main	ce5fa73c67a927436c1e8538ab446ce96cb5f692	2026-08-26T09:08:42Z	2026-08-26T09:08:42Z	2026-08-26T09:25:20Z	https://github.com/dmytro-yevs/copypaste/actions/runs/32951429325	.github/workflows/windows-native-e2e.yml	Windows native desktop E2E	330512982	Shard Windows native E2E	dmytro-yevs	dmytro-yevs
32951429539	1	completed	success	push	main	ce5fa73c67a927436c1e8538ab446ce96cb5f692	2026-08-26T09:08:42Z	2026-08-26T09:08:42Z	2026-08-26T09:12:43Z	https://github.com/dmytro-yevs/copypaste/actions/runs/32951429539	.github/workflows/supply-chain.yml	Supply chain	323997017	Shard Windows native E2E	dmytro-yevs	dmytro-yevs
32954806491	1	completed	failure	push	main	b48c6b9281ab78cd3e0db7394cf4b55915f5c008	2026-08-26T09:46:48Z	2026-08-26T09:46:48Z	2026-08-26T09:52:00Z	https://github.com/dmytro-yevs/copypaste/actions/runs/32954806491	.github/workflows/browser-webkitgtk.yml	Browser (WebKitGTK, Linux)	324698700	Scroll to the Android welcome action	dmytro-yevs	dmytro-yevs
32954806504	1	completed	success	push	main	b48c6b9281ab78cd3e0db7394cf4b55915f5c008	2026-08-26T09:46:48Z	2026-08-26T09:46:48Z	2026-08-26T09:51:47Z	https://github.com/dmytro-yevs/copypaste/actions/runs/32954806504	.github/workflows/mutation-gate.yml	Mutation gate	334676987	Scroll to the Android welcome action	dmytro-yevs	dmytro-yevs
32954806507	1	completed	failure	push	main	b48c6b9281ab78cd3e0db7394cf4b55915f5c008	2026-08-26T09:46:48Z	2026-08-26T09:46:48Z	2026-08-26T10:03:24Z	https://github.com/dmytro-yevs/copypaste/actions/runs/32954806507	.github/workflows/windows-native-e2e.yml	Windows native desktop E2E	330512982	Scroll to the Android welcome action	dmytro-yevs	dmytro-yevs
32954806510	1	completed	failure	push	main	b48c6b9281ab78cd3e0db7394cf4b55915f5c008	2026-08-26T09:46:48Z	2026-08-26T09:46:48Z	2026-08-26T10:14:28Z	https://github.com/dmytro-yevs/copypaste/actions/runs/32954806510	.github/workflows/ci.yml	CI	282057606	Scroll to the Android welcome action	dmytro-yevs	dmytro-yevs
32954806514	1	completed	failure	push	main	b48c6b9281ab78cd3e0db7394cf4b55915f5c008	2026-08-26T09:46:48Z	2026-08-26T09:46:48Z	2026-08-26T10:22:46Z	https://github.com/dmytro-yevs/copypaste/actions/runs/32954806514	.github/workflows/android-emulator.yml	Android emulator	324448484	Scroll to the Android welcome action	dmytro-yevs	dmytro-yevs
32954806518	1	completed	success	dynamic	main	b48c6b9281ab78cd3e0db7394cf4b55915f5c008	2026-08-26T09:46:48Z	2026-08-26T09:46:48Z	2026-08-26T09:52:58Z	https://github.com/dmytro-yevs/copypaste/actions/runs/32954806518	dynamic/github-code-scanning/codeql	Push on main	330681135	Push on main	dmytro-yevs	dmytro-yevs
32954806830	1	completed	success	push	main	b48c6b9281ab78cd3e0db7394cf4b55915f5c008	2026-08-26T09:46:48Z	2026-08-26T09:46:48Z	2026-08-26T09:48:58Z	https://github.com/dmytro-yevs/copypaste/actions/runs/32954806830	.github/workflows/supply-chain.yml	Supply chain	323997017	Scroll to the Android welcome action	dmytro-yevs	dmytro-yevs
32958406288	1	completed	success	dynamic	main	d645f5d330192d9334b7fb194bff9725ab551a1b	2026-08-26T10:28:15Z	2026-08-26T10:28:15Z	2026-08-26T10:31:58Z	https://github.com/dmytro-yevs/copypaste/actions/runs/32958406288	dynamic/github-code-scanning/codeql	Push on main	330681135	Push on main	dmytro-yevs	dmytro-yevs
32958408471	1	completed	failure	push	main	d645f5d330192d9334b7fb194bff9725ab551a1b	2026-08-26T10:28:17Z	2026-08-26T10:28:17Z	2026-08-26T10:32:57Z	https://github.com/dmytro-yevs/copypaste/actions/runs/32958408471	.github/workflows/browser-webkitgtk.yml	Browser (WebKitGTK, Linux)	324698700	Align native release gates with current UI	dmytro-yevs	dmytro-yevs
32958408485	1	completed	success	push	main	d645f5d330192d9334b7fb194bff9725ab551a1b	2026-08-26T10:28:17Z	2026-08-26T10:28:17Z	2026-08-26T10:33:13Z	https://github.com/dmytro-yevs/copypaste/actions/runs/32958408485	.github/workflows/mutation-gate.yml	Mutation gate	334676987	Align native release gates with current UI	dmytro-yevs	dmytro-yevs
32958408532	1	completed	cancelled	push	main	d645f5d330192d9334b7fb194bff9725ab551a1b	2026-08-26T10:28:17Z	2026-08-26T10:28:17Z	2026-08-26T11:01:24Z	https://github.com/dmytro-yevs/copypaste/actions/runs/32958408532	.github/workflows/android-emulator.yml	Android emulator	324448484	Align native release gates with current UI	dmytro-yevs	dmytro-yevs
32958408580	1	completed	failure	push	main	d645f5d330192d9334b7fb194bff9725ab551a1b	2026-08-26T10:28:17Z	2026-08-26T10:28:17Z	2026-08-26T10:44:31Z	https://github.com/dmytro-yevs/copypaste/actions/runs/32958408580	.github/workflows/windows-native-e2e.yml	Windows native desktop E2E	330512982	Align native release gates with current UI	dmytro-yevs	dmytro-yevs
32958408668	1	completed	failure	push	main	d645f5d330192d9334b7fb194bff9725ab551a1b	2026-08-26T10:28:17Z	2026-08-26T10:28:17Z	2026-08-26T10:44:17Z	https://github.com/dmytro-yevs/copypaste/actions/runs/32958408668	.github/workflows/ci.yml	CI	282057606	Align native release gates with current UI	dmytro-yevs	dmytro-yevs
32958408893	1	completed	success	push	main	d645f5d330192d9334b7fb194bff9725ab551a1b	2026-08-26T10:28:17Z	2026-08-26T10:28:17Z	2026-08-26T10:29:19Z	https://github.com/dmytro-yevs/copypaste/actions/runs/32958408893	.github/workflows/supply-chain.yml	Supply chain	323997017	Align native release gates with current UI	dmytro-yevs	dmytro-yevs
33087086072	1	completed	failure	schedule	main	d645f5d330192d9334b7fb194bff9725ab551a1b	2026-08-27T15:18:25Z	2026-08-27T15:18:25Z	2026-08-27T15:54:23Z	https://github.com/dmytro-yevs/copypaste/actions/runs/33087086072	.github/workflows/native-nightly.yml	Nightly native matrix	330512981	Nightly native matrix	dmytro-yevs	dmytro-yevs
33101727495	1	completed	success	dynamic	refs/pull/43/head	9ee80073245bdbbbcf301cdde48843a2abac35c8	2026-08-27T18:05:27Z	2026-08-27T18:05:27Z	2026-08-27T18:14:24Z	https://github.com/dmytro-yevs/copypaste/actions/runs/33101727495	dynamic/github-code-scanning/codeql	PR #43	330681135	PR #43	dmytro-yevs	dmytro-yevs
33101729863	1	completed	cancelled	pull_request	dmytro-yevs/ci-systemic-integration	9ee80073245bdbbbcf301cdde48843a2abac35c8	2026-08-27T18:05:29Z	2026-08-27T18:05:29Z	2026-08-27T18:20:09Z	https://github.com/dmytro-yevs/copypaste/actions/runs/33101729863	.github/workflows/ci.yml	CI	282057606	Stabilize CI native workflow contracts	dmytro-yevs	dmytro-yevs
33101729907	1	completed	cancelled	pull_request	dmytro-yevs/ci-systemic-integration	9ee80073245bdbbbcf301cdde48843a2abac35c8	2026-08-27T18:05:29Z	2026-08-27T18:05:29Z	2026-08-27T18:17:04Z	https://github.com/dmytro-yevs/copypaste/actions/runs/33101729907	.github/workflows/android-emulator.yml	Android emulator	324448484	Stabilize CI native workflow contracts	dmytro-yevs	dmytro-yevs
33101729921	1	completed	failure	pull_request	dmytro-yevs/ci-systemic-integration	9ee80073245bdbbbcf301cdde48843a2abac35c8	2026-08-27T18:05:29Z	2026-08-27T18:05:29Z	2026-08-27T18:10:41Z	https://github.com/dmytro-yevs/copypaste/actions/runs/33101729921	.github/workflows/mutation-gate.yml	Mutation gate	334676987	Stabilize CI native workflow contracts	dmytro-yevs	dmytro-yevs
33101729932	1	completed	cancelled	pull_request	dmytro-yevs/ci-systemic-integration	9ee80073245bdbbbcf301cdde48843a2abac35c8	2026-08-27T18:05:29Z	2026-08-27T18:05:29Z	2026-08-27T18:17:10Z	https://github.com/dmytro-yevs/copypaste/actions/runs/33101729932	.github/workflows/windows-native-e2e.yml	Windows native desktop E2E	330512982	Stabilize CI native workflow contracts	dmytro-yevs	dmytro-yevs
33101729943	1	completed	failure	pull_request	dmytro-yevs/ci-systemic-integration	9ee80073245bdbbbcf301cdde48843a2abac35c8	2026-08-27T18:05:29Z	2026-08-27T18:05:29Z	2026-08-27T18:10:03Z	https://github.com/dmytro-yevs/copypaste/actions/runs/33101729943	.github/workflows/browser-webkitgtk.yml	Browser (WebKitGTK, Linux)	324698700	Stabilize CI native workflow contracts	dmytro-yevs	dmytro-yevs
33101730271	1	completed	success	pull_request	dmytro-yevs/ci-systemic-integration	9ee80073245bdbbbcf301cdde48843a2abac35c8	2026-08-27T18:05:29Z	2026-08-27T18:05:29Z	2026-08-27T18:09:55Z	https://github.com/dmytro-yevs/copypaste/actions/runs/33101730271	.github/workflows/supply-chain.yml	Supply chain	323997017	Stabilize CI native workflow contracts	dmytro-yevs	dmytro-yevs
33101732237	1	completed	failure	dynamic	dmytro-yevs/ci-systemic-integration	9ee80073245bdbbbcf301cdde48843a2abac35c8	2026-08-27T18:05:30Z	2026-08-27T18:05:30Z	2026-08-27T18:06:21Z	https://github.com/dmytro-yevs/copypaste/actions/runs/33101732237	dynamic/agents/github-advanced-security	Code scanning AI findings on PR #43	338918842	Code scanning AI findings on PR #43	github-advanced-security[bot]	github-advanced-security[bot]
33102682096	1	completed	success	dynamic	refs/pull/43/head	6746417125b79621979f4a6ff61cb897e50d358a	2026-08-27T18:16:53Z	2026-08-27T18:16:53Z	2026-08-27T18:25:49Z	https://github.com/dmytro-yevs/copypaste/actions/runs/33102682096	dynamic/github-code-scanning/codeql	PR #43	330681135	PR #43	dmytro-yevs	dmytro-yevs
33102685013	1	completed	failure	dynamic	dmytro-yevs/ci-systemic-integration	6746417125b79621979f4a6ff61cb897e50d358a	2026-08-27T18:16:56Z	2026-08-27T18:16:56Z	2026-08-27T18:17:31Z	https://github.com/dmytro-yevs/copypaste/actions/runs/33102685013	dynamic/agents/github-advanced-security	Code scanning AI findings on PR #43	338918842	Code scanning AI findings on PR #43	github-advanced-security[bot]	github-advanced-security[bot]
33102685206	1	completed	cancelled	pull_request	dmytro-yevs/ci-systemic-integration	6746417125b79621979f4a6ff61cb897e50d358a	2026-08-27T18:16:56Z	2026-08-27T18:16:56Z	2026-08-27T18:28:14Z	https://github.com/dmytro-yevs/copypaste/actions/runs/33102685206	.github/workflows/ci.yml	CI	282057606	Stabilize CI native workflow contracts	dmytro-yevs	dmytro-yevs
33102685228	1	completed	cancelled	pull_request	dmytro-yevs/ci-systemic-integration	6746417125b79621979f4a6ff61cb897e50d358a	2026-08-27T18:16:56Z	2026-08-27T18:16:56Z	2026-08-27T18:27:30Z	https://github.com/dmytro-yevs/copypaste/actions/runs/33102685228	.github/workflows/windows-native-e2e.yml	Windows native desktop E2E	330512982	Stabilize CI native workflow contracts	dmytro-yevs	dmytro-yevs
33102685234	1	completed	cancelled	pull_request	dmytro-yevs/ci-systemic-integration	6746417125b79621979f4a6ff61cb897e50d358a	2026-08-27T18:16:56Z	2026-08-27T18:16:56Z	2026-08-27T18:27:38Z	https://github.com/dmytro-yevs/copypaste/actions/runs/33102685234	.github/workflows/android-emulator.yml	Android emulator	324448484	Stabilize CI native workflow contracts	dmytro-yevs	dmytro-yevs
33102685247	1	completed	success	pull_request	dmytro-yevs/ci-systemic-integration	6746417125b79621979f4a6ff61cb897e50d358a	2026-08-27T18:16:56Z	2026-08-27T18:16:56Z	2026-08-27T18:21:08Z	https://github.com/dmytro-yevs/copypaste/actions/runs/33102685247	.github/workflows/mutation-gate.yml	Mutation gate	334676987	Stabilize CI native workflow contracts	dmytro-yevs	dmytro-yevs
33102685278	1	completed	failure	pull_request	dmytro-yevs/ci-systemic-integration	6746417125b79621979f4a6ff61cb897e50d358a	2026-08-27T18:16:56Z	2026-08-27T18:16:56Z	2026-08-27T18:21:27Z	https://github.com/dmytro-yevs/copypaste/actions/runs/33102685278	.github/workflows/browser-webkitgtk.yml	Browser (WebKitGTK, Linux)	324698700	Stabilize CI native workflow contracts	dmytro-yevs	dmytro-yevs
33102685499	1	completed	success	pull_request	dmytro-yevs/ci-systemic-integration	6746417125b79621979f4a6ff61cb897e50d358a	2026-08-27T18:16:56Z	2026-08-27T18:16:56Z	2026-08-27T18:18:01Z	https://github.com/dmytro-yevs/copypaste/actions/runs/33102685499	.github/workflows/supply-chain.yml	Supply chain	323997017	Stabilize CI native workflow contracts	dmytro-yevs	dmytro-yevs
33103544247	1	completed	success	dynamic	refs/pull/43/head	9b23eb5cb047d05fe05dc1795d50d5c136e8164c	2026-08-27T18:27:20Z	2026-08-27T18:27:20Z	2026-08-27T18:36:33Z	https://github.com/dmytro-yevs/copypaste/actions/runs/33103544247	dynamic/github-code-scanning/codeql	PR #43	330681135	PR #43	dmytro-yevs	dmytro-yevs
33103548113	1	completed	failure	pull_request	dmytro-yevs/ci-systemic-integration	9b23eb5cb047d05fe05dc1795d50d5c136e8164c	2026-08-27T18:27:23Z	2026-08-27T18:27:23Z	2026-08-27T18:43:06Z	https://github.com/dmytro-yevs/copypaste/actions/runs/33103548113	.github/workflows/browser-webkitgtk.yml	Browser (WebKitGTK, Linux)	324698700	Stabilize CI native workflow contracts	dmytro-yevs	dmytro-yevs
33103548130	1	completed	failure	pull_request	dmytro-yevs/ci-systemic-integration	9b23eb5cb047d05fe05dc1795d50d5c136e8164c	2026-08-27T18:27:23Z	2026-08-27T18:27:23Z	2026-08-27T18:40:59Z	https://github.com/dmytro-yevs/copypaste/actions/runs/33103548130	.github/workflows/windows-native-e2e.yml	Windows native desktop E2E	330512982	Stabilize CI native workflow contracts	dmytro-yevs	dmytro-yevs
33103548134	1	completed	failure	pull_request	dmytro-yevs/ci-systemic-integration	9b23eb5cb047d05fe05dc1795d50d5c136e8164c	2026-08-27T18:27:23Z	2026-08-27T18:27:23Z	2026-08-27T18:58:43Z	https://github.com/dmytro-yevs/copypaste/actions/runs/33103548134	.github/workflows/android-emulator.yml	Android emulator	324448484	Stabilize CI native workflow contracts	dmytro-yevs	dmytro-yevs
33103548139	1	completed	failure	pull_request	dmytro-yevs/ci-systemic-integration	9b23eb5cb047d05fe05dc1795d50d5c136e8164c	2026-08-27T18:27:23Z	2026-08-27T18:27:23Z	2026-08-27T18:55:55Z	https://github.com/dmytro-yevs/copypaste/actions/runs/33103548139	.github/workflows/ci.yml	CI	282057606	Stabilize CI native workflow contracts	dmytro-yevs	dmytro-yevs
33103548155	1	completed	success	pull_request	dmytro-yevs/ci-systemic-integration	9b23eb5cb047d05fe05dc1795d50d5c136e8164c	2026-08-27T18:27:23Z	2026-08-27T18:27:23Z	2026-08-27T18:31:49Z	https://github.com/dmytro-yevs/copypaste/actions/runs/33103548155	.github/workflows/mutation-gate.yml	Mutation gate	334676987	Stabilize CI native workflow contracts	dmytro-yevs	dmytro-yevs
33103548246	1	completed	success	pull_request	dmytro-yevs/ci-systemic-integration	9b23eb5cb047d05fe05dc1795d50d5c136e8164c	2026-08-27T18:27:23Z	2026-08-27T18:27:23Z	2026-08-27T18:28:20Z	https://github.com/dmytro-yevs/copypaste/actions/runs/33103548246	.github/workflows/supply-chain.yml	Supply chain	323997017	Stabilize CI native workflow contracts	dmytro-yevs	dmytro-yevs
33103548347	1	completed	failure	dynamic	dmytro-yevs/ci-systemic-integration	9b23eb5cb047d05fe05dc1795d50d5c136e8164c	2026-08-27T18:27:23Z	2026-08-27T18:27:23Z	2026-08-27T18:28:09Z	https://github.com/dmytro-yevs/copypaste/actions/runs/33103548347	dynamic/agents/github-advanced-security	Code scanning AI findings on PR #43	338918842	Code scanning AI findings on PR #43	github-advanced-security[bot]	github-advanced-security[bot]
33108194760	1	completed	success	dynamic	refs/pull/43/head	87f53d55a72344441208a48fe7564dbf7f952b63	2026-08-27T19:23:21Z	2026-08-27T19:23:21Z	2026-08-27T19:33:17Z	https://github.com/dmytro-yevs/copypaste/actions/runs/33108194760	dynamic/github-code-scanning/codeql	PR #43	330681135	PR #43	dmytro-yevs	dmytro-yevs
33108196937	1	completed	failure	pull_request	dmytro-yevs/ci-systemic-integration	87f53d55a72344441208a48fe7564dbf7f952b63	2026-08-27T19:23:22Z	2026-08-27T19:23:22Z	2026-08-27T19:41:56Z	https://github.com/dmytro-yevs/copypaste/actions/runs/33108196937	.github/workflows/windows-native-e2e.yml	Windows native desktop E2E	330512982	Stabilize CI native workflow contracts	dmytro-yevs	dmytro-yevs
33108196942	1	completed	success	pull_request	dmytro-yevs/ci-systemic-integration	87f53d55a72344441208a48fe7564dbf7f952b63	2026-08-27T19:23:22Z	2026-08-27T19:23:22Z	2026-08-27T19:27:46Z	https://github.com/dmytro-yevs/copypaste/actions/runs/33108196942	.github/workflows/mutation-gate.yml	Mutation gate	334676987	Stabilize CI native workflow contracts	dmytro-yevs	dmytro-yevs
33108196962	1	completed	failure	pull_request	dmytro-yevs/ci-systemic-integration	87f53d55a72344441208a48fe7564dbf7f952b63	2026-08-27T19:23:22Z	2026-08-27T19:23:22Z	2026-08-27T19:50:26Z	https://github.com/dmytro-yevs/copypaste/actions/runs/33108196962	.github/workflows/ci.yml	CI	282057606	Stabilize CI native workflow contracts	dmytro-yevs	dmytro-yevs
33108197008	1	completed	failure	pull_request	dmytro-yevs/ci-systemic-integration	87f53d55a72344441208a48fe7564dbf7f952b63	2026-08-27T19:23:22Z	2026-08-27T19:23:22Z	2026-08-27T19:56:28Z	https://github.com/dmytro-yevs/copypaste/actions/runs/33108197008	.github/workflows/android-emulator.yml	Android emulator	324448484	Stabilize CI native workflow contracts	dmytro-yevs	dmytro-yevs
33108197011	1	completed	failure	pull_request	dmytro-yevs/ci-systemic-integration	87f53d55a72344441208a48fe7564dbf7f952b63	2026-08-27T19:23:22Z	2026-08-27T19:23:22Z	2026-08-27T19:35:44Z	https://github.com/dmytro-yevs/copypaste/actions/runs/33108197011	.github/workflows/browser-webkitgtk.yml	Browser (WebKitGTK, Linux)	324698700	Stabilize CI native workflow contracts	dmytro-yevs	dmytro-yevs
33108197223	1	completed	success	pull_request	dmytro-yevs/ci-systemic-integration	87f53d55a72344441208a48fe7564dbf7f952b63	2026-08-27T19:23:22Z	2026-08-27T19:23:22Z	2026-08-27T19:26:51Z	https://github.com/dmytro-yevs/copypaste/actions/runs/33108197223	.github/workflows/supply-chain.yml	Supply chain	323997017	Stabilize CI native workflow contracts	dmytro-yevs	dmytro-yevs
33108199963	1	completed	failure	dynamic	dmytro-yevs/ci-systemic-integration	87f53d55a72344441208a48fe7564dbf7f952b63	2026-08-27T19:23:25Z	2026-08-27T19:23:25Z	2026-08-27T19:26:49Z	https://github.com/dmytro-yevs/copypaste/actions/runs/33108199963	dynamic/agents/github-advanced-security	Code scanning AI findings on PR #43	338918842	Code scanning AI findings on PR #43	github-advanced-security[bot]	github-advanced-security[bot]
33115724012	1	completed	success	dynamic	refs/pull/43/head	ca1d628ed02016a7174a041b38189a89fc83f06b	2026-08-27T20:56:02Z	2026-08-27T20:56:02Z	2026-08-27T21:04:02Z	https://github.com/dmytro-yevs/copypaste/actions/runs/33115724012	dynamic/github-code-scanning/codeql	PR #43	330681135	PR #43	dmytro-yevs	dmytro-yevs
33115727596	1	completed	failure	dynamic	dmytro-yevs/ci-systemic-integration	ca1d628ed02016a7174a041b38189a89fc83f06b	2026-08-27T20:56:04Z	2026-08-27T20:56:04Z	2026-08-27T20:56:43Z	https://github.com/dmytro-yevs/copypaste/actions/runs/33115727596	dynamic/agents/github-advanced-security	Code scanning AI findings on PR #43	338918842	Code scanning AI findings on PR #43	github-advanced-security[bot]	github-advanced-security[bot]
33115729080	1	completed	failure	pull_request	dmytro-yevs/ci-systemic-integration	ca1d628ed02016a7174a041b38189a89fc83f06b	2026-08-27T20:56:06Z	2026-08-27T20:56:06Z	2026-08-27T21:29:51Z	https://github.com/dmytro-yevs/copypaste/actions/runs/33115729080	.github/workflows/android-emulator.yml	Android emulator	324448484	Stabilize CI native workflow contracts	dmytro-yevs	dmytro-yevs
33115729085	1	completed	failure	pull_request	dmytro-yevs/ci-systemic-integration	ca1d628ed02016a7174a041b38189a89fc83f06b	2026-08-27T20:56:06Z	2026-08-27T20:56:06Z	2026-08-27T21:08:12Z	https://github.com/dmytro-yevs/copypaste/actions/runs/33115729085	.github/workflows/browser-webkitgtk.yml	Browser (WebKitGTK, Linux)	324698700	Stabilize CI native workflow contracts	dmytro-yevs	dmytro-yevs
33115729112	1	completed	success	pull_request	dmytro-yevs/ci-systemic-integration	ca1d628ed02016a7174a041b38189a89fc83f06b	2026-08-27T20:56:06Z	2026-08-27T20:56:06Z	2026-08-27T21:00:30Z	https://github.com/dmytro-yevs/copypaste/actions/runs/33115729112	.github/workflows/mutation-gate.yml	Mutation gate	334676987	Stabilize CI native workflow contracts	dmytro-yevs	dmytro-yevs
33115729132	1	completed	failure	pull_request	dmytro-yevs/ci-systemic-integration	ca1d628ed02016a7174a041b38189a89fc83f06b	2026-08-27T20:56:06Z	2026-08-27T20:56:06Z	2026-08-27T21:14:41Z	https://github.com/dmytro-yevs/copypaste/actions/runs/33115729132	.github/workflows/windows-native-e2e.yml	Windows native desktop E2E	330512982	Stabilize CI native workflow contracts	dmytro-yevs	dmytro-yevs
33115729179	1	completed	failure	pull_request	dmytro-yevs/ci-systemic-integration	ca1d628ed02016a7174a041b38189a89fc83f06b	2026-08-27T20:56:06Z	2026-08-27T20:56:06Z	2026-08-27T21:22:06Z	https://github.com/dmytro-yevs/copypaste/actions/runs/33115729179	.github/workflows/ci.yml	CI	282057606	Stabilize CI native workflow contracts	dmytro-yevs	dmytro-yevs
33115729310	1	completed	success	pull_request	dmytro-yevs/ci-systemic-integration	ca1d628ed02016a7174a041b38189a89fc83f06b	2026-08-27T20:56:06Z	2026-08-27T20:56:06Z	2026-08-27T21:00:53Z	https://github.com/dmytro-yevs/copypaste/actions/runs/33115729310	.github/workflows/supply-chain.yml	Supply chain	323997017	Stabilize CI native workflow contracts	dmytro-yevs	dmytro-yevs
33118850732	1	completed	success	dynamic	refs/pull/43/head	dfaa9e4ff87c4d4b43ba8cd17a4fcbf4dea68287	2026-08-27T21:35:30Z	2026-08-27T21:35:30Z	2026-08-27T21:42:33Z	https://github.com/dmytro-yevs/copypaste/actions/runs/33118850732	dynamic/github-code-scanning/codeql	PR #43	330681135	PR #43	dmytro-yevs	dmytro-yevs
33118853449	1	completed	failure	dynamic	dmytro-yevs/ci-systemic-integration	dfaa9e4ff87c4d4b43ba8cd17a4fcbf4dea68287	2026-08-27T21:35:32Z	2026-08-27T21:35:32Z	2026-08-27T21:37:41Z	https://github.com/dmytro-yevs/copypaste/actions/runs/33118853449	dynamic/agents/github-advanced-security	Code scanning AI findings on PR #43	338918842	Code scanning AI findings on PR #43	github-advanced-security[bot]	github-advanced-security[bot]
33118854102	1	completed	failure	pull_request	dmytro-yevs/ci-systemic-integration	dfaa9e4ff87c4d4b43ba8cd17a4fcbf4dea68287	2026-08-27T21:35:33Z	2026-08-27T21:35:33Z	2026-08-27T21:44:46Z	https://github.com/dmytro-yevs/copypaste/actions/runs/33118854102	.github/workflows/browser-webkitgtk.yml	Browser (WebKitGTK, Linux)	324698700	Stabilize CI native workflow contracts	dmytro-yevs	dmytro-yevs
33118854136	1	completed	failure	pull_request	dmytro-yevs/ci-systemic-integration	dfaa9e4ff87c4d4b43ba8cd17a4fcbf4dea68287	2026-08-27T21:35:33Z	2026-08-27T21:35:33Z	2026-08-27T22:05:18Z	https://github.com/dmytro-yevs/copypaste/actions/runs/33118854136	.github/workflows/android-emulator.yml	Android emulator	324448484	Stabilize CI native workflow contracts	dmytro-yevs	dmytro-yevs
33118854146	1	completed	success	pull_request	dmytro-yevs/ci-systemic-integration	dfaa9e4ff87c4d4b43ba8cd17a4fcbf4dea68287	2026-08-27T21:35:33Z	2026-08-27T21:35:33Z	2026-08-27T21:39:46Z	https://github.com/dmytro-yevs/copypaste/actions/runs/33118854146	.github/workflows/mutation-gate.yml	Mutation gate	334676987	Stabilize CI native workflow contracts	dmytro-yevs	dmytro-yevs
33118854153	1	completed	failure	pull_request	dmytro-yevs/ci-systemic-integration	dfaa9e4ff87c4d4b43ba8cd17a4fcbf4dea68287	2026-08-27T21:35:33Z	2026-08-27T21:35:33Z	2026-08-27T22:05:01Z	https://github.com/dmytro-yevs/copypaste/actions/runs/33118854153	.github/workflows/ci.yml	CI	282057606	Stabilize CI native workflow contracts	dmytro-yevs	dmytro-yevs
33118854191	1	completed	failure	pull_request	dmytro-yevs/ci-systemic-integration	dfaa9e4ff87c4d4b43ba8cd17a4fcbf4dea68287	2026-08-27T21:35:33Z	2026-08-27T21:35:33Z	2026-08-27T21:54:48Z	https://github.com/dmytro-yevs/copypaste/actions/runs/33118854191	.github/workflows/windows-native-e2e.yml	Windows native desktop E2E	330512982	Stabilize CI native workflow contracts	dmytro-yevs	dmytro-yevs
33118854386	1	completed	success	pull_request	dmytro-yevs/ci-systemic-integration	dfaa9e4ff87c4d4b43ba8cd17a4fcbf4dea68287	2026-08-27T21:35:33Z	2026-08-27T21:35:33Z	2026-08-27T21:42:09Z	https://github.com/dmytro-yevs/copypaste/actions/runs/33118854386	.github/workflows/supply-chain.yml	Supply chain	323997017	Stabilize CI native workflow contracts	dmytro-yevs	dmytro-yevs
33124468082	1	completed	success	dynamic	refs/pull/43/head	3d1efef7843c0d1d7cb64fba8ad4f552bc5a14eb	2026-08-27T22:56:57Z	2026-08-27T22:56:57Z	2026-08-27T23:06:02Z	https://github.com/dmytro-yevs/copypaste/actions/runs/33124468082	dynamic/github-code-scanning/codeql	PR #43	330681135	PR #43	dmytro-yevs	dmytro-yevs
33124469568	1	completed	failure	pull_request	dmytro-yevs/ci-systemic-integration	3d1efef7843c0d1d7cb64fba8ad4f552bc5a14eb	2026-08-27T22:56:59Z	2026-08-27T22:56:59Z	2026-08-27T23:06:13Z	https://github.com/dmytro-yevs/copypaste/actions/runs/33124469568	.github/workflows/browser-webkitgtk.yml	Browser (WebKitGTK, Linux)	324698700	Stabilize CI native workflow contracts	dmytro-yevs	dmytro-yevs
33124469580	1	completed	success	pull_request	dmytro-yevs/ci-systemic-integration	3d1efef7843c0d1d7cb64fba8ad4f552bc5a14eb	2026-08-27T22:56:59Z	2026-08-27T22:56:59Z	2026-08-27T23:01:13Z	https://github.com/dmytro-yevs/copypaste/actions/runs/33124469580	.github/workflows/mutation-gate.yml	Mutation gate	334676987	Stabilize CI native workflow contracts	dmytro-yevs	dmytro-yevs
33124469581	1	completed	failure	pull_request	dmytro-yevs/ci-systemic-integration	3d1efef7843c0d1d7cb64fba8ad4f552bc5a14eb	2026-08-27T22:56:59Z	2026-08-27T22:56:59Z	2026-08-27T23:18:21Z	https://github.com/dmytro-yevs/copypaste/actions/runs/33124469581	.github/workflows/ci.yml	CI	282057606	Stabilize CI native workflow contracts	dmytro-yevs	dmytro-yevs
33124469586	1	completed	failure	pull_request	dmytro-yevs/ci-systemic-integration	3d1efef7843c0d1d7cb64fba8ad4f552bc5a14eb	2026-08-27T22:56:59Z	2026-08-27T22:56:59Z	2026-08-27T23:30:09Z	https://github.com/dmytro-yevs/copypaste/actions/runs/33124469586	.github/workflows/android-emulator.yml	Android emulator	324448484	Stabilize CI native workflow contracts	dmytro-yevs	dmytro-yevs
33124469614	1	completed	failure	pull_request	dmytro-yevs/ci-systemic-integration	3d1efef7843c0d1d7cb64fba8ad4f552bc5a14eb	2026-08-27T22:56:59Z	2026-08-27T22:56:59Z	2026-08-27T23:13:22Z	https://github.com/dmytro-yevs/copypaste/actions/runs/33124469614	.github/workflows/windows-native-e2e.yml	Windows native desktop E2E	330512982	Stabilize CI native workflow contracts	dmytro-yevs	dmytro-yevs
33124469736	1	completed	success	pull_request	dmytro-yevs/ci-systemic-integration	3d1efef7843c0d1d7cb64fba8ad4f552bc5a14eb	2026-08-27T22:56:59Z	2026-08-27T22:56:59Z	2026-08-27T23:00:43Z	https://github.com/dmytro-yevs/copypaste/actions/runs/33124469736	.github/workflows/supply-chain.yml	Supply chain	323997017	Stabilize CI native workflow contracts	dmytro-yevs	dmytro-yevs
33124470818	1	completed	failure	dynamic	dmytro-yevs/ci-systemic-integration	3d1efef7843c0d1d7cb64fba8ad4f552bc5a14eb	2026-08-27T22:57:00Z	2026-08-27T22:57:00Z	2026-08-27T22:58:21Z	https://github.com/dmytro-yevs/copypaste/actions/runs/33124470818	dynamic/agents/github-advanced-security	Code scanning AI findings on PR #43	338918842	Code scanning AI findings on PR #43	github-advanced-security[bot]	github-advanced-security[bot]
33127927194	1	completed	success	dynamic	refs/pull/43/head	8219c378fd2d3d23ad1a94823c98a16fef73abae	2026-08-27T23:54:41Z	2026-08-27T23:54:41Z	2026-08-28T00:03:40Z	https://github.com/dmytro-yevs/copypaste/actions/runs/33127927194	dynamic/github-code-scanning/codeql	PR #43	330681135	PR #43	dmytro-yevs	dmytro-yevs
33127930202	1	completed	failure	pull_request	dmytro-yevs/ci-systemic-integration	8219c378fd2d3d23ad1a94823c98a16fef73abae	2026-08-27T23:54:44Z	2026-08-27T23:54:44Z	2026-08-28T00:03:23Z	https://github.com/dmytro-yevs/copypaste/actions/runs/33127930202	.github/workflows/browser-webkitgtk.yml	Browser (WebKitGTK, Linux)	324698700	Stabilize CI native workflow contracts	dmytro-yevs	dmytro-yevs
33127930216	1	completed	failure	pull_request	dmytro-yevs/ci-systemic-integration	8219c378fd2d3d23ad1a94823c98a16fef73abae	2026-08-27T23:54:44Z	2026-08-27T23:54:44Z	2026-08-28T00:12:29Z	https://github.com/dmytro-yevs/copypaste/actions/runs/33127930216	.github/workflows/windows-native-e2e.yml	Windows native desktop E2E	330512982	Stabilize CI native workflow contracts	dmytro-yevs	dmytro-yevs
33127930226	1	completed	failure	pull_request	dmytro-yevs/ci-systemic-integration	8219c378fd2d3d23ad1a94823c98a16fef73abae	2026-08-27T23:54:44Z	2026-08-27T23:54:44Z	2026-08-28T00:22:40Z	https://github.com/dmytro-yevs/copypaste/actions/runs/33127930226	.github/workflows/android-emulator.yml	Android emulator	324448484	Stabilize CI native workflow contracts	dmytro-yevs	dmytro-yevs
33127930232	1	completed	failure	pull_request	dmytro-yevs/ci-systemic-integration	8219c378fd2d3d23ad1a94823c98a16fef73abae	2026-08-27T23:54:44Z	2026-08-27T23:54:44Z	2026-08-28T00:25:21Z	https://github.com/dmytro-yevs/copypaste/actions/runs/33127930232	.github/workflows/ci.yml	CI	282057606	Stabilize CI native workflow contracts	dmytro-yevs	dmytro-yevs
33127930277	1	completed	success	pull_request	dmytro-yevs/ci-systemic-integration	8219c378fd2d3d23ad1a94823c98a16fef73abae	2026-08-27T23:54:44Z	2026-08-27T23:54:44Z	2026-08-27T23:59:03Z	https://github.com/dmytro-yevs/copypaste/actions/runs/33127930277	.github/workflows/mutation-gate.yml	Mutation gate	334676987	Stabilize CI native workflow contracts	dmytro-yevs	dmytro-yevs
33127930392	1	completed	success	pull_request	dmytro-yevs/ci-systemic-integration	8219c378fd2d3d23ad1a94823c98a16fef73abae	2026-08-27T23:54:44Z	2026-08-27T23:54:44Z	2026-08-28T00:00:09Z	https://github.com/dmytro-yevs/copypaste/actions/runs/33127930392	.github/workflows/supply-chain.yml	Supply chain	323997017	Stabilize CI native workflow contracts	dmytro-yevs	dmytro-yevs
33127930894	1	completed	failure	dynamic	dmytro-yevs/ci-systemic-integration	8219c378fd2d3d23ad1a94823c98a16fef73abae	2026-08-27T23:54:45Z	2026-08-27T23:54:45Z	2026-08-27T23:58:27Z	https://github.com/dmytro-yevs/copypaste/actions/runs/33127930894	dynamic/agents/github-advanced-security	Code scanning AI findings on PR #43	338918842	Code scanning AI findings on PR #43	github-advanced-security[bot]	github-advanced-security[bot]
